--
-- PostgreSQL database dump
--

-- Dumped from database version 12.3 (Debian 12.3-1.pgdg100+1)
-- Dumped by pg_dump version 12rc1

SET statement_timeout = 0;
SET lock_timeout = 0;
SET idle_in_transaction_session_timeout = 0;
SET client_encoding = 'UTF8';
SET standard_conforming_strings = on;
SELECT pg_catalog.set_config('search_path', '', false);
SET check_function_bodies = false;
SET xmloption = content;
SET client_min_messages = warning;
SET row_security = off;

SET default_tablespace = '';

SET default_table_access_method = heap;

--
-- Name: departments; Type: TABLE; Schema: public; Owner: -
--

CREATE TABLE public.departments (
    id integer NOT NULL,
    name character varying(2044) NOT NULL,
    "leaderId" integer NOT NULL,
    type integer DEFAULT 1 NOT NULL,
    status integer DEFAULT 1 NOT NULL,
    "createdAt" timestamp with time zone,
    "updatedAt" timestamp with time zone DEFAULT now() NOT NULL
);


--
-- Name: departments_id_seq; Type: SEQUENCE; Schema: public; Owner: -
--

CREATE SEQUENCE public.departments_id_seq
    AS integer
    START WITH 1
    INCREMENT BY 1
    NO MINVALUE
    NO MAXVALUE
    CACHE 1;


--
-- Name: departments_id_seq; Type: SEQUENCE OWNED BY; Schema: public; Owner: -
--

ALTER SEQUENCE public.departments_id_seq OWNED BY public.departments.id;


--
-- Name: members; Type: TABLE; Schema: public; Owner: -
--

CREATE TABLE public.members (
    id integer NOT NULL,
    full_name character varying(2044) NOT NULL,
    password character varying(2044) NOT NULL,
    type integer DEFAULT 1 NOT NULL,
    status integer DEFAULT 1 NOT NULL,
    "createdAt" timestamp with time zone,
    "updatedAt" timestamp with time zone DEFAULT now() NOT NULL
);


--
-- Name: members_id_seq; Type: SEQUENCE; Schema: public; Owner: -
--

CREATE SEQUENCE public.members_id_seq
    AS integer
    START WITH 1
    INCREMENT BY 1
    NO MINVALUE
    NO MAXVALUE
    CACHE 1;


--
-- Name: members_id_seq; Type: SEQUENCE OWNED BY; Schema: public; Owner: -
--

ALTER SEQUENCE public.members_id_seq OWNED BY public.members.id;


--
-- Name: project_assignees; Type: TABLE; Schema: public; Owner: -
--

CREATE TABLE public.project_assignees (
    "projectId" integer NOT NULL,
    "memberId" integer NOT NULL
);


--
-- Name: projects; Type: TABLE; Schema: public; Owner: -
--

CREATE TABLE public.projects (
    id integer NOT NULL,
    name character varying NOT NULL,
    type integer DEFAULT 1 NOT NULL,
    status integer DEFAULT 1 NOT NULL,
    "departmentId" integer NOT NULL,
    "createdAt" timestamp with time zone,
    "updatedAt" timestamp with time zone DEFAULT now() NOT NULL
);


--
-- Name: projects_id_seq; Type: SEQUENCE; Schema: public; Owner: -
--

CREATE SEQUENCE public.projects_id_seq
    AS integer
    START WITH 1
    INCREMENT BY 1
    NO MINVALUE
    NO MAXVALUE
    CACHE 1;


--
-- Name: projects_id_seq; Type: SEQUENCE OWNED BY; Schema: public; Owner: -
--

ALTER SEQUENCE public.projects_id_seq OWNED BY public.projects.id;


--
-- Name: departments id; Type: DEFAULT; Schema: public; Owner: -
--

ALTER TABLE ONLY public.departments ALTER COLUMN id SET DEFAULT nextval('public.departments_id_seq'::regclass);


--
-- Name: members id; Type: DEFAULT; Schema: public; Owner: -
--

ALTER TABLE ONLY public.members ALTER COLUMN id SET DEFAULT nextval('public.members_id_seq'::regclass);


--
-- Name: projects id; Type: DEFAULT; Schema: public; Owner: -
--

ALTER TABLE ONLY public.projects ALTER COLUMN id SET DEFAULT nextval('public.projects_id_seq'::regclass);


--
-- Data for Name: departments; Type: TABLE DATA; Schema: public; Owner: -
--

INSERT INTO public.departments VALUES
	(1, 'Automotive', 2, 1, 1, '2021-02-22 15:19:02.589+00', '2021-02-22 15:19:02.589+00'),
	(2, 'Home', 3, 1, 1, '2021-02-22 15:19:02.592+00', '2021-02-22 15:19:02.592+00'),
	(3, 'Sports', 4, 1, 1, '2021-02-22 15:19:02.594+00', '2021-02-22 15:19:02.594+00'),
	(4, 'Outdoors', 5, 1, 1, '2021-02-22 15:19:02.595+00', '2021-02-22 15:19:02.595+00'),
	(5, 'Grocery', 6, 1, 1, '2021-02-22 15:19:02.596+00', '2021-02-22 15:19:02.596+00'),
	(6, 'Grocery', 7, 1, 1, '2021-02-22 15:19:02.598+00', '2021-02-22 15:19:02.598+00'),
	(7, 'Computers', 8, 1, 1, '2021-02-22 15:19:02.599+00', '2021-02-22 15:19:02.599+00'),
	(8, 'Baby', 9, 1, 1, '2021-02-22 15:19:02.6+00', '2021-02-22 15:19:02.6+00'),
	(9, 'Baby', 10, 1, 1, '2021-02-22 15:19:02.601+00', '2021-02-22 15:19:02.601+00'),
	(10, 'Jewelery', 11, 1, 1, '2021-02-22 15:19:02.603+00', '2021-02-22 15:19:02.603+00');


--
-- Data for Name: members; Type: TABLE DATA; Schema: public; Owner: -
--

INSERT INTO public.members VALUES
	(1, 'Thùy Giang Trịnh', '$2a$08$FAwlxDqnJCOPQYKWCCJVp.lldh1URR8iflWtHjgZdHiFjUFPnpf5O', 1, 1, '2021-02-22 15:18:58.679+00', '2021-02-22 15:18:58.679+00'),
	(2, 'Ngọc Thuận Đoàn', '$2a$08$FAwlxDqnJCOPQYKWCCJVp.lldh1URR8iflWtHjgZdHiFjUFPnpf5O', 2, 1, '2021-02-22 15:18:58.708+00', '2021-02-22 15:18:58.708+00'),
	(3, 'Xuân Hiền Hoàng', '$2a$08$FAwlxDqnJCOPQYKWCCJVp.lldh1URR8iflWtHjgZdHiFjUFPnpf5O', 2, 1, '2021-02-22 15:18:58.71+00', '2021-02-22 15:18:58.71+00'),
	(4, 'Quốc Việt Hoàng', '$2a$08$FAwlxDqnJCOPQYKWCCJVp.lldh1URR8iflWtHjgZdHiFjUFPnpf5O', 2, 1, '2021-02-22 15:18:58.712+00', '2021-02-22 15:18:58.712+00'),
	(5, 'Ngọc Hạ Hoàng', '$2a$08$FAwlxDqnJCOPQYKWCCJVp.lldh1URR8iflWtHjgZdHiFjUFPnpf5O', 2, 1, '2021-02-22 15:18:58.713+00', '2021-02-22 15:18:58.713+00'),
	(6, 'Khải Ca Tô', '$2a$08$FAwlxDqnJCOPQYKWCCJVp.lldh1URR8iflWtHjgZdHiFjUFPnpf5O', 2, 1, '2021-02-22 15:18:58.715+00', '2021-02-22 15:18:58.715+00'),
	(7, 'Bảo Huy Hoàng', '$2a$08$FAwlxDqnJCOPQYKWCCJVp.lldh1URR8iflWtHjgZdHiFjUFPnpf5O', 2, 1, '2021-02-22 15:18:58.719+00', '2021-02-22 15:18:58.719+00'),
	(8, 'Thanh Mai Trương', '$2a$08$FAwlxDqnJCOPQYKWCCJVp.lldh1URR8iflWtHjgZdHiFjUFPnpf5O', 2, 1, '2021-02-22 15:18:58.72+00', '2021-02-22 15:18:58.72+00'),
	(9, 'Khắc Anh Hoàng', '$2a$08$FAwlxDqnJCOPQYKWCCJVp.lldh1URR8iflWtHjgZdHiFjUFPnpf5O', 2, 1, '2021-02-22 15:18:58.722+00', '2021-02-22 15:18:58.722+00'),
	(10, 'Khánh Duy Phạm', '$2a$08$FAwlxDqnJCOPQYKWCCJVp.lldh1URR8iflWtHjgZdHiFjUFPnpf5O', 2, 1, '2021-02-22 15:18:58.723+00', '2021-02-22 15:18:58.723+00'),
	(11, 'Dạ Thi Đoàn', '$2a$08$FAwlxDqnJCOPQYKWCCJVp.lldh1URR8iflWtHjgZdHiFjUFPnpf5O', 2, 1, '2021-02-22 15:18:58.725+00', '2021-02-22 15:18:58.725+00'),
	(12, 'Xuân Lộc Vũ', '$2a$08$FAwlxDqnJCOPQYKWCCJVp.lldh1URR8iflWtHjgZdHiFjUFPnpf5O', 3, 1, '2021-02-22 15:18:58.727+00', '2021-02-22 15:18:58.727+00'),
	(13, 'Ly Châu Tô', '$2a$08$FAwlxDqnJCOPQYKWCCJVp.lldh1URR8iflWtHjgZdHiFjUFPnpf5O', 3, 1, '2021-02-22 15:18:58.728+00', '2021-02-22 15:18:58.728+00'),
	(14, 'Mỹ Kiều Nguyễn', '$2a$08$FAwlxDqnJCOPQYKWCCJVp.lldh1URR8iflWtHjgZdHiFjUFPnpf5O', 3, 1, '2021-02-22 15:18:58.73+00', '2021-02-22 15:18:58.73+00'),
	(15, 'Trúc Vy Lâm', '$2a$08$FAwlxDqnJCOPQYKWCCJVp.lldh1URR8iflWtHjgZdHiFjUFPnpf5O', 3, 1, '2021-02-22 15:18:58.731+00', '2021-02-22 15:18:58.731+00'),
	(16, 'Nhật Lan Lâm I', '$2a$08$FAwlxDqnJCOPQYKWCCJVp.lldh1URR8iflWtHjgZdHiFjUFPnpf5O', 3, 1, '2021-02-22 15:18:58.733+00', '2021-02-22 15:18:58.733+00'),
	(17, 'Hoa Liên Ngô', '$2a$08$FAwlxDqnJCOPQYKWCCJVp.lldh1URR8iflWtHjgZdHiFjUFPnpf5O', 3, 1, '2021-02-22 15:18:58.734+00', '2021-02-22 15:18:58.734+00'),
	(18, 'Mrs. Bạch Cúc Trịnh', '$2a$08$FAwlxDqnJCOPQYKWCCJVp.lldh1URR8iflWtHjgZdHiFjUFPnpf5O', 3, 1, '2021-02-22 15:18:58.736+00', '2021-02-22 15:18:58.736+00'),
	(19, 'Ngọc Danh Hà', '$2a$08$FAwlxDqnJCOPQYKWCCJVp.lldh1URR8iflWtHjgZdHiFjUFPnpf5O', 3, 1, '2021-02-22 15:18:58.738+00', '2021-02-22 15:18:58.738+00'),
	(20, 'Trí Liên Phùng', '$2a$08$FAwlxDqnJCOPQYKWCCJVp.lldh1URR8iflWtHjgZdHiFjUFPnpf5O', 3, 1, '2021-02-22 15:18:58.739+00', '2021-02-22 15:18:58.739+00'),
	(21, 'Nguyên Phong Đinh', '$2a$08$FAwlxDqnJCOPQYKWCCJVp.lldh1URR8iflWtHjgZdHiFjUFPnpf5O', 3, 1, '2021-02-22 15:18:58.741+00', '2021-02-22 15:18:58.741+00'),
	(22, 'Thành Thiện Đỗ', '$2a$08$FAwlxDqnJCOPQYKWCCJVp.lldh1URR8iflWtHjgZdHiFjUFPnpf5O', 3, 1, '2021-02-22 15:18:58.743+00', '2021-02-22 15:18:58.743+00'),
	(23, 'Thanh Hồng Hồ MD', '$2a$08$FAwlxDqnJCOPQYKWCCJVp.lldh1URR8iflWtHjgZdHiFjUFPnpf5O', 3, 1, '2021-02-22 15:18:58.744+00', '2021-02-22 15:18:58.744+00'),
	(24, 'Ms. Minh Anh Ngô', '$2a$08$FAwlxDqnJCOPQYKWCCJVp.lldh1URR8iflWtHjgZdHiFjUFPnpf5O', 3, 1, '2021-02-22 15:18:58.746+00', '2021-02-22 15:18:58.746+00'),
	(25, 'Hoàng Ân Đặng', '$2a$08$FAwlxDqnJCOPQYKWCCJVp.lldh1URR8iflWtHjgZdHiFjUFPnpf5O', 3, 1, '2021-02-22 15:18:58.747+00', '2021-02-22 15:18:58.747+00'),
	(26, 'Thành Nguyên Tô', '$2a$08$FAwlxDqnJCOPQYKWCCJVp.lldh1URR8iflWtHjgZdHiFjUFPnpf5O', 3, 1, '2021-02-22 15:18:58.749+00', '2021-02-22 15:18:58.749+00'),
	(27, 'Yến Trâm Phạm', '$2a$08$FAwlxDqnJCOPQYKWCCJVp.lldh1URR8iflWtHjgZdHiFjUFPnpf5O', 3, 1, '2021-02-22 15:18:58.75+00', '2021-02-22 15:18:58.75+00'),
	(28, 'Tùng Quân Phan', '$2a$08$FAwlxDqnJCOPQYKWCCJVp.lldh1URR8iflWtHjgZdHiFjUFPnpf5O', 3, 1, '2021-02-22 15:18:58.752+00', '2021-02-22 15:18:58.752+00'),
	(29, 'Huyền Nhi Mai', '$2a$08$FAwlxDqnJCOPQYKWCCJVp.lldh1URR8iflWtHjgZdHiFjUFPnpf5O', 3, 1, '2021-02-22 15:18:58.754+00', '2021-02-22 15:18:58.754+00'),
	(30, 'Thiện Dũng Hà', '$2a$08$FAwlxDqnJCOPQYKWCCJVp.lldh1URR8iflWtHjgZdHiFjUFPnpf5O', 3, 1, '2021-02-22 15:18:58.755+00', '2021-02-22 15:18:58.755+00'),
	(31, 'Ms. Vân Linh Đoàn', '$2a$08$FAwlxDqnJCOPQYKWCCJVp.lldh1URR8iflWtHjgZdHiFjUFPnpf5O', 3, 1, '2021-02-22 15:18:58.757+00', '2021-02-22 15:18:58.757+00'),
	(32, 'Minh Hỷ Tăng', '$2a$08$FAwlxDqnJCOPQYKWCCJVp.lldh1URR8iflWtHjgZdHiFjUFPnpf5O', 3, 1, '2021-02-22 15:18:58.758+00', '2021-02-22 15:18:58.758+00'),
	(33, 'Thúy Minh Mai', '$2a$08$FAwlxDqnJCOPQYKWCCJVp.lldh1URR8iflWtHjgZdHiFjUFPnpf5O', 3, 1, '2021-02-22 15:18:58.76+00', '2021-02-22 15:18:58.76+00'),
	(34, 'Xuân Trang Phan II', '$2a$08$FAwlxDqnJCOPQYKWCCJVp.lldh1URR8iflWtHjgZdHiFjUFPnpf5O', 3, 1, '2021-02-22 15:18:58.761+00', '2021-02-22 15:18:58.761+00'),
	(35, 'Gia Ân Trần Jr.', '$2a$08$FAwlxDqnJCOPQYKWCCJVp.lldh1URR8iflWtHjgZdHiFjUFPnpf5O', 3, 1, '2021-02-22 15:18:58.762+00', '2021-02-22 15:18:58.762+00'),
	(36, 'Xuân Thanh Phùng', '$2a$08$FAwlxDqnJCOPQYKWCCJVp.lldh1URR8iflWtHjgZdHiFjUFPnpf5O', 3, 1, '2021-02-22 15:18:58.764+00', '2021-02-22 15:18:58.764+00'),
	(37, 'Quang Thuận Hoàng', '$2a$08$FAwlxDqnJCOPQYKWCCJVp.lldh1URR8iflWtHjgZdHiFjUFPnpf5O', 3, 1, '2021-02-22 15:18:58.766+00', '2021-02-22 15:18:58.766+00'),
	(38, 'Ngọc Phụng Đoàn', '$2a$08$FAwlxDqnJCOPQYKWCCJVp.lldh1URR8iflWtHjgZdHiFjUFPnpf5O', 3, 1, '2021-02-22 15:18:58.767+00', '2021-02-22 15:18:58.767+00'),
	(39, 'Kim Đan Hà', '$2a$08$FAwlxDqnJCOPQYKWCCJVp.lldh1URR8iflWtHjgZdHiFjUFPnpf5O', 3, 1, '2021-02-22 15:18:58.769+00', '2021-02-22 15:18:58.769+00'),
	(40, 'Cao Thọ Phan', '$2a$08$FAwlxDqnJCOPQYKWCCJVp.lldh1URR8iflWtHjgZdHiFjUFPnpf5O', 3, 1, '2021-02-22 15:18:58.77+00', '2021-02-22 15:18:58.77+00'),
	(41, 'Gia Kiên Phan', '$2a$08$FAwlxDqnJCOPQYKWCCJVp.lldh1URR8iflWtHjgZdHiFjUFPnpf5O', 3, 1, '2021-02-22 15:18:58.772+00', '2021-02-22 15:18:58.772+00'),
	(42, 'Hùng Dũng Đoàn', '$2a$08$FAwlxDqnJCOPQYKWCCJVp.lldh1URR8iflWtHjgZdHiFjUFPnpf5O', 3, 1, '2021-02-22 15:18:58.773+00', '2021-02-22 15:18:58.773+00'),
	(43, 'Linh Giang Phùng', '$2a$08$FAwlxDqnJCOPQYKWCCJVp.lldh1URR8iflWtHjgZdHiFjUFPnpf5O', 3, 1, '2021-02-22 15:18:58.775+00', '2021-02-22 15:18:58.775+00'),
	(44, 'Gia Hiệp Phan', '$2a$08$FAwlxDqnJCOPQYKWCCJVp.lldh1URR8iflWtHjgZdHiFjUFPnpf5O', 3, 1, '2021-02-22 15:18:58.777+00', '2021-02-22 15:18:58.777+00'),
	(45, 'Sỹ Ðan Đỗ', '$2a$08$FAwlxDqnJCOPQYKWCCJVp.lldh1URR8iflWtHjgZdHiFjUFPnpf5O', 3, 1, '2021-02-22 15:18:58.778+00', '2021-02-22 15:18:58.778+00'),
	(46, 'Mrs. Trường Nam Dương', '$2a$08$FAwlxDqnJCOPQYKWCCJVp.lldh1URR8iflWtHjgZdHiFjUFPnpf5O', 3, 1, '2021-02-22 15:18:58.78+00', '2021-02-22 15:18:58.78+00'),
	(47, 'Hoài Phong Vũ', '$2a$08$FAwlxDqnJCOPQYKWCCJVp.lldh1URR8iflWtHjgZdHiFjUFPnpf5O', 3, 1, '2021-02-22 15:18:58.781+00', '2021-02-22 15:18:58.781+00'),
	(48, 'Hồng Nhạn Hoàng', '$2a$08$FAwlxDqnJCOPQYKWCCJVp.lldh1URR8iflWtHjgZdHiFjUFPnpf5O', 3, 1, '2021-02-22 15:18:58.783+00', '2021-02-22 15:18:58.783+00'),
	(49, 'Quỳnh Sa Lâm', '$2a$08$FAwlxDqnJCOPQYKWCCJVp.lldh1URR8iflWtHjgZdHiFjUFPnpf5O', 3, 1, '2021-02-22 15:18:58.785+00', '2021-02-22 15:18:58.785+00'),
	(50, 'Hòa Giang Lý', '$2a$08$FAwlxDqnJCOPQYKWCCJVp.lldh1URR8iflWtHjgZdHiFjUFPnpf5O', 3, 1, '2021-02-22 15:18:58.786+00', '2021-02-22 15:18:58.786+00'),
	(51, 'Chí Sơn Hà', '$2a$08$FAwlxDqnJCOPQYKWCCJVp.lldh1URR8iflWtHjgZdHiFjUFPnpf5O', 3, 1, '2021-02-22 15:18:58.788+00', '2021-02-22 15:18:58.788+00'),
	(52, 'Hồng Hà Hồ', '$2a$08$FAwlxDqnJCOPQYKWCCJVp.lldh1URR8iflWtHjgZdHiFjUFPnpf5O', 3, 1, '2021-02-22 15:18:58.789+00', '2021-02-22 15:18:58.789+00'),
	(53, 'An Tường Trần', '$2a$08$FAwlxDqnJCOPQYKWCCJVp.lldh1URR8iflWtHjgZdHiFjUFPnpf5O', 3, 1, '2021-02-22 15:18:58.791+00', '2021-02-22 15:18:58.791+00'),
	(54, 'Miss Minh Khiếu Đỗ', '$2a$08$FAwlxDqnJCOPQYKWCCJVp.lldh1URR8iflWtHjgZdHiFjUFPnpf5O', 3, 1, '2021-02-22 15:18:58.793+00', '2021-02-22 15:18:58.793+00'),
	(55, 'Quân Dương Đinh', '$2a$08$FAwlxDqnJCOPQYKWCCJVp.lldh1URR8iflWtHjgZdHiFjUFPnpf5O', 3, 1, '2021-02-22 15:18:58.795+00', '2021-02-22 15:18:58.795+00'),
	(56, 'Mr. Ðông Dương Phùng', '$2a$08$FAwlxDqnJCOPQYKWCCJVp.lldh1URR8iflWtHjgZdHiFjUFPnpf5O', 3, 1, '2021-02-22 15:18:58.796+00', '2021-02-22 15:18:58.796+00'),
	(57, 'Uyên Phương Tăng', '$2a$08$FAwlxDqnJCOPQYKWCCJVp.lldh1URR8iflWtHjgZdHiFjUFPnpf5O', 3, 1, '2021-02-22 15:18:58.798+00', '2021-02-22 15:18:58.798+00'),
	(58, 'Mr. Tất Bình Hà', '$2a$08$FAwlxDqnJCOPQYKWCCJVp.lldh1URR8iflWtHjgZdHiFjUFPnpf5O', 3, 1, '2021-02-22 15:18:58.799+00', '2021-02-22 15:18:58.799+00'),
	(59, 'Mrs. Bích Duyên Phạm', '$2a$08$FAwlxDqnJCOPQYKWCCJVp.lldh1URR8iflWtHjgZdHiFjUFPnpf5O', 3, 1, '2021-02-22 15:18:58.801+00', '2021-02-22 15:18:58.801+00'),
	(60, 'Hùng Thịnh Phùng', '$2a$08$FAwlxDqnJCOPQYKWCCJVp.lldh1URR8iflWtHjgZdHiFjUFPnpf5O', 3, 1, '2021-02-22 15:18:58.803+00', '2021-02-22 15:18:58.803+00'),
	(61, 'Danh Sơn Trương', '$2a$08$FAwlxDqnJCOPQYKWCCJVp.lldh1URR8iflWtHjgZdHiFjUFPnpf5O', 3, 1, '2021-02-22 15:18:58.804+00', '2021-02-22 15:18:58.804+00'),
	(62, 'Thái Tân Phan', '$2a$08$FAwlxDqnJCOPQYKWCCJVp.lldh1URR8iflWtHjgZdHiFjUFPnpf5O', 3, 1, '2021-02-22 15:18:58.806+00', '2021-02-22 15:18:58.806+00'),
	(63, 'Hiếu Liêm Trịnh', '$2a$08$FAwlxDqnJCOPQYKWCCJVp.lldh1URR8iflWtHjgZdHiFjUFPnpf5O', 3, 1, '2021-02-22 15:18:58.808+00', '2021-02-22 15:18:58.808+00'),
	(64, 'Mrs. Kiên Lâm Trần', '$2a$08$FAwlxDqnJCOPQYKWCCJVp.lldh1URR8iflWtHjgZdHiFjUFPnpf5O', 3, 1, '2021-02-22 15:18:58.809+00', '2021-02-22 15:18:58.809+00'),
	(65, 'Thảo Vân Đỗ MD', '$2a$08$FAwlxDqnJCOPQYKWCCJVp.lldh1URR8iflWtHjgZdHiFjUFPnpf5O', 3, 1, '2021-02-22 15:18:58.811+00', '2021-02-22 15:18:58.811+00'),
	(66, 'Dr. Gia Khiêm Đào', '$2a$08$FAwlxDqnJCOPQYKWCCJVp.lldh1URR8iflWtHjgZdHiFjUFPnpf5O', 3, 1, '2021-02-22 15:18:58.812+00', '2021-02-22 15:18:58.812+00'),
	(67, 'Phương Uyên Đỗ', '$2a$08$FAwlxDqnJCOPQYKWCCJVp.lldh1URR8iflWtHjgZdHiFjUFPnpf5O', 3, 1, '2021-02-22 15:18:58.814+00', '2021-02-22 15:18:58.814+00'),
	(68, 'Ms. Tuyết Oanh Hà', '$2a$08$FAwlxDqnJCOPQYKWCCJVp.lldh1URR8iflWtHjgZdHiFjUFPnpf5O', 3, 1, '2021-02-22 15:18:58.816+00', '2021-02-22 15:18:58.816+00'),
	(69, 'Tất Hiếu Lê', '$2a$08$FAwlxDqnJCOPQYKWCCJVp.lldh1URR8iflWtHjgZdHiFjUFPnpf5O', 3, 1, '2021-02-22 15:18:58.817+00', '2021-02-22 15:18:58.817+00'),
	(70, 'Minh Vũ Lâm', '$2a$08$FAwlxDqnJCOPQYKWCCJVp.lldh1URR8iflWtHjgZdHiFjUFPnpf5O', 3, 1, '2021-02-22 15:18:58.819+00', '2021-02-22 15:18:58.819+00'),
	(71, 'Ngọc Trinh Lý', '$2a$08$FAwlxDqnJCOPQYKWCCJVp.lldh1URR8iflWtHjgZdHiFjUFPnpf5O', 3, 1, '2021-02-22 15:18:58.821+00', '2021-02-22 15:18:58.821+00'),
	(72, 'Kiên Trung Vũ', '$2a$08$FAwlxDqnJCOPQYKWCCJVp.lldh1URR8iflWtHjgZdHiFjUFPnpf5O', 3, 1, '2021-02-22 15:18:58.827+00', '2021-02-22 15:18:58.827+00'),
	(73, 'Tài Nguyên Hoàng', '$2a$08$FAwlxDqnJCOPQYKWCCJVp.lldh1URR8iflWtHjgZdHiFjUFPnpf5O', 3, 1, '2021-02-22 15:18:58.832+00', '2021-02-22 15:18:58.832+00'),
	(74, 'Huy Trân Vũ', '$2a$08$FAwlxDqnJCOPQYKWCCJVp.lldh1URR8iflWtHjgZdHiFjUFPnpf5O', 3, 1, '2021-02-22 15:18:58.837+00', '2021-02-22 15:18:58.837+00'),
	(75, 'Kim Thy Hồ', '$2a$08$FAwlxDqnJCOPQYKWCCJVp.lldh1URR8iflWtHjgZdHiFjUFPnpf5O', 3, 1, '2021-02-22 15:18:58.841+00', '2021-02-22 15:18:58.841+00'),
	(76, 'Hùng Tường Mai', '$2a$08$FAwlxDqnJCOPQYKWCCJVp.lldh1URR8iflWtHjgZdHiFjUFPnpf5O', 3, 1, '2021-02-22 15:18:58.843+00', '2021-02-22 15:18:58.843+00'),
	(77, 'Nhật Quang Dương', '$2a$08$FAwlxDqnJCOPQYKWCCJVp.lldh1URR8iflWtHjgZdHiFjUFPnpf5O', 3, 1, '2021-02-22 15:18:58.846+00', '2021-02-22 15:18:58.846+00'),
	(78, 'Hạnh Phương Phan', '$2a$08$FAwlxDqnJCOPQYKWCCJVp.lldh1URR8iflWtHjgZdHiFjUFPnpf5O', 3, 1, '2021-02-22 15:18:58.848+00', '2021-02-22 15:18:58.848+00'),
	(79, 'Ngọc Lai Đoàn', '$2a$08$FAwlxDqnJCOPQYKWCCJVp.lldh1URR8iflWtHjgZdHiFjUFPnpf5O', 3, 1, '2021-02-22 15:18:58.85+00', '2021-02-22 15:18:58.85+00'),
	(80, 'Dr. Trường Liên Lâm', '$2a$08$FAwlxDqnJCOPQYKWCCJVp.lldh1URR8iflWtHjgZdHiFjUFPnpf5O', 3, 1, '2021-02-22 15:18:58.852+00', '2021-02-22 15:18:58.852+00'),
	(81, 'Thế Duyệt Phạm', '$2a$08$FAwlxDqnJCOPQYKWCCJVp.lldh1URR8iflWtHjgZdHiFjUFPnpf5O', 3, 1, '2021-02-22 15:18:58.854+00', '2021-02-22 15:18:58.854+00'),
	(82, 'Thu Thuận Lý', '$2a$08$FAwlxDqnJCOPQYKWCCJVp.lldh1URR8iflWtHjgZdHiFjUFPnpf5O', 3, 1, '2021-02-22 15:18:58.856+00', '2021-02-22 15:18:58.856+00'),
	(83, 'Xuân Hạnh Tăng', '$2a$08$FAwlxDqnJCOPQYKWCCJVp.lldh1URR8iflWtHjgZdHiFjUFPnpf5O', 3, 1, '2021-02-22 15:18:58.858+00', '2021-02-22 15:18:58.858+00'),
	(84, 'Vân Thanh Hồ DVM', '$2a$08$FAwlxDqnJCOPQYKWCCJVp.lldh1URR8iflWtHjgZdHiFjUFPnpf5O', 3, 1, '2021-02-22 15:18:58.86+00', '2021-02-22 15:18:58.86+00'),
	(85, 'Mộng Nhi Trương IV', '$2a$08$FAwlxDqnJCOPQYKWCCJVp.lldh1URR8iflWtHjgZdHiFjUFPnpf5O', 3, 1, '2021-02-22 15:18:58.861+00', '2021-02-22 15:18:58.861+00'),
	(86, 'Bảo Quyên Lê', '$2a$08$FAwlxDqnJCOPQYKWCCJVp.lldh1URR8iflWtHjgZdHiFjUFPnpf5O', 3, 1, '2021-02-22 15:18:58.863+00', '2021-02-22 15:18:58.863+00'),
	(87, 'Trúc Lan Đỗ', '$2a$08$FAwlxDqnJCOPQYKWCCJVp.lldh1URR8iflWtHjgZdHiFjUFPnpf5O', 3, 1, '2021-02-22 15:18:58.865+00', '2021-02-22 15:18:58.865+00'),
	(88, 'Dương Khánh Dương', '$2a$08$FAwlxDqnJCOPQYKWCCJVp.lldh1URR8iflWtHjgZdHiFjUFPnpf5O', 3, 1, '2021-02-22 15:18:58.866+00', '2021-02-22 15:18:58.866+00'),
	(89, 'Huy Chiểu Tô', '$2a$08$FAwlxDqnJCOPQYKWCCJVp.lldh1URR8iflWtHjgZdHiFjUFPnpf5O', 3, 1, '2021-02-22 15:18:58.868+00', '2021-02-22 15:18:58.868+00'),
	(90, 'Tú Quỳnh Phan', '$2a$08$FAwlxDqnJCOPQYKWCCJVp.lldh1URR8iflWtHjgZdHiFjUFPnpf5O', 3, 1, '2021-02-22 15:18:58.87+00', '2021-02-22 15:18:58.87+00'),
	(91, 'Sơn Quyền Đào', '$2a$08$FAwlxDqnJCOPQYKWCCJVp.lldh1URR8iflWtHjgZdHiFjUFPnpf5O', 3, 1, '2021-02-22 15:18:58.871+00', '2021-02-22 15:18:58.871+00'),
	(92, 'Hữu Khanh Ngô', '$2a$08$FAwlxDqnJCOPQYKWCCJVp.lldh1URR8iflWtHjgZdHiFjUFPnpf5O', 3, 1, '2021-02-22 15:18:58.873+00', '2021-02-22 15:18:58.873+00'),
	(93, 'Thái Thanh Hoàng', '$2a$08$FAwlxDqnJCOPQYKWCCJVp.lldh1URR8iflWtHjgZdHiFjUFPnpf5O', 3, 1, '2021-02-22 15:18:58.874+00', '2021-02-22 15:18:58.874+00'),
	(94, 'Bảo Thoa Vương', '$2a$08$FAwlxDqnJCOPQYKWCCJVp.lldh1URR8iflWtHjgZdHiFjUFPnpf5O', 3, 1, '2021-02-22 15:18:58.876+00', '2021-02-22 15:18:58.876+00'),
	(95, 'Kiều Hạnh Đỗ', '$2a$08$FAwlxDqnJCOPQYKWCCJVp.lldh1URR8iflWtHjgZdHiFjUFPnpf5O', 3, 1, '2021-02-22 15:18:58.88+00', '2021-02-22 15:18:58.88+00'),
	(96, 'Hải Phương Hoàng', '$2a$08$FAwlxDqnJCOPQYKWCCJVp.lldh1URR8iflWtHjgZdHiFjUFPnpf5O', 3, 1, '2021-02-22 15:18:58.884+00', '2021-02-22 15:18:58.884+00'),
	(97, 'Tuyết Anh Ngô', '$2a$08$FAwlxDqnJCOPQYKWCCJVp.lldh1URR8iflWtHjgZdHiFjUFPnpf5O', 3, 1, '2021-02-22 15:18:58.889+00', '2021-02-22 15:18:58.889+00'),
	(98, 'Ms. Hải Sinh Dương', '$2a$08$FAwlxDqnJCOPQYKWCCJVp.lldh1URR8iflWtHjgZdHiFjUFPnpf5O', 3, 1, '2021-02-22 15:18:58.892+00', '2021-02-22 15:18:58.892+00'),
	(99, 'Thùy Uyên Vũ MD', '$2a$08$FAwlxDqnJCOPQYKWCCJVp.lldh1URR8iflWtHjgZdHiFjUFPnpf5O', 3, 1, '2021-02-22 15:18:58.895+00', '2021-02-22 15:18:58.895+00'),
	(100, 'Ngọc Ẩn Mai', '$2a$08$FAwlxDqnJCOPQYKWCCJVp.lldh1URR8iflWtHjgZdHiFjUFPnpf5O', 3, 1, '2021-02-22 15:18:58.898+00', '2021-02-22 15:18:58.898+00'),
	(101, 'Bạch Kim Mai', '$2a$08$FAwlxDqnJCOPQYKWCCJVp.lldh1URR8iflWtHjgZdHiFjUFPnpf5O', 3, 1, '2021-02-22 15:18:58.901+00', '2021-02-22 15:18:58.901+00'),
	(102, 'Ngọc Ðoàn Tô', '$2a$08$FAwlxDqnJCOPQYKWCCJVp.lldh1URR8iflWtHjgZdHiFjUFPnpf5O', 3, 1, '2021-02-22 15:18:58.904+00', '2021-02-22 15:18:58.904+00'),
	(103, 'Ban Mai Lâm', '$2a$08$FAwlxDqnJCOPQYKWCCJVp.lldh1URR8iflWtHjgZdHiFjUFPnpf5O', 3, 1, '2021-02-22 15:18:58.907+00', '2021-02-22 15:18:58.907+00'),
	(104, 'Thiếu Mai Hồ', '$2a$08$FAwlxDqnJCOPQYKWCCJVp.lldh1URR8iflWtHjgZdHiFjUFPnpf5O', 3, 1, '2021-02-22 15:18:58.911+00', '2021-02-22 15:18:58.911+00'),
	(105, 'Hữu Khanh Đỗ', '$2a$08$FAwlxDqnJCOPQYKWCCJVp.lldh1URR8iflWtHjgZdHiFjUFPnpf5O', 3, 1, '2021-02-22 15:18:58.914+00', '2021-02-22 15:18:58.914+00'),
	(106, 'Mr. Phi Nhạn Lâm', '$2a$08$FAwlxDqnJCOPQYKWCCJVp.lldh1URR8iflWtHjgZdHiFjUFPnpf5O', 3, 1, '2021-02-22 15:18:58.917+00', '2021-02-22 15:18:58.917+00'),
	(107, 'Bình Quân Lý', '$2a$08$FAwlxDqnJCOPQYKWCCJVp.lldh1URR8iflWtHjgZdHiFjUFPnpf5O', 3, 1, '2021-02-22 15:18:58.92+00', '2021-02-22 15:18:58.92+00'),
	(108, 'Lâm Vũ Trương', '$2a$08$FAwlxDqnJCOPQYKWCCJVp.lldh1URR8iflWtHjgZdHiFjUFPnpf5O', 3, 1, '2021-02-22 15:18:58.922+00', '2021-02-22 15:18:58.922+00'),
	(109, 'Hồng Liêm Dương', '$2a$08$FAwlxDqnJCOPQYKWCCJVp.lldh1URR8iflWtHjgZdHiFjUFPnpf5O', 3, 1, '2021-02-22 15:18:58.925+00', '2021-02-22 15:18:58.925+00'),
	(110, 'Trọng Tường Trịnh', '$2a$08$FAwlxDqnJCOPQYKWCCJVp.lldh1URR8iflWtHjgZdHiFjUFPnpf5O', 3, 1, '2021-02-22 15:18:58.928+00', '2021-02-22 15:18:58.928+00'),
	(111, 'Ðài Trang Ngô', '$2a$08$FAwlxDqnJCOPQYKWCCJVp.lldh1URR8iflWtHjgZdHiFjUFPnpf5O', 3, 1, '2021-02-22 15:18:58.931+00', '2021-02-22 15:18:58.931+00'),
	(112, 'Bảo Ngọc Vũ', '$2a$08$FAwlxDqnJCOPQYKWCCJVp.lldh1URR8iflWtHjgZdHiFjUFPnpf5O', 3, 1, '2021-02-22 15:18:58.933+00', '2021-02-22 15:18:58.933+00'),
	(113, 'Mai Anh Phan', '$2a$08$FAwlxDqnJCOPQYKWCCJVp.lldh1URR8iflWtHjgZdHiFjUFPnpf5O', 3, 1, '2021-02-22 15:18:58.934+00', '2021-02-22 15:18:58.934+00'),
	(114, 'Thái Bình Tăng', '$2a$08$FAwlxDqnJCOPQYKWCCJVp.lldh1URR8iflWtHjgZdHiFjUFPnpf5O', 3, 1, '2021-02-22 15:18:58.936+00', '2021-02-22 15:18:58.936+00'),
	(115, 'Duy Luận Đoàn IV', '$2a$08$FAwlxDqnJCOPQYKWCCJVp.lldh1URR8iflWtHjgZdHiFjUFPnpf5O', 3, 1, '2021-02-22 15:18:58.938+00', '2021-02-22 15:18:58.938+00'),
	(116, 'Khải Tuấn Hồ', '$2a$08$FAwlxDqnJCOPQYKWCCJVp.lldh1URR8iflWtHjgZdHiFjUFPnpf5O', 3, 1, '2021-02-22 15:18:58.94+00', '2021-02-22 15:18:58.94+00'),
	(117, 'Mạnh Trường Trương', '$2a$08$FAwlxDqnJCOPQYKWCCJVp.lldh1URR8iflWtHjgZdHiFjUFPnpf5O', 3, 1, '2021-02-22 15:18:58.942+00', '2021-02-22 15:18:58.942+00'),
	(118, 'Thanh Hạnh Hà IV', '$2a$08$FAwlxDqnJCOPQYKWCCJVp.lldh1URR8iflWtHjgZdHiFjUFPnpf5O', 3, 1, '2021-02-22 15:18:58.968+00', '2021-02-22 15:18:58.968+00'),
	(119, 'Mrs. Thương Thương Lý', '$2a$08$FAwlxDqnJCOPQYKWCCJVp.lldh1URR8iflWtHjgZdHiFjUFPnpf5O', 3, 1, '2021-02-22 15:18:58.97+00', '2021-02-22 15:18:58.97+00'),
	(120, 'Chính Tâm Trương', '$2a$08$FAwlxDqnJCOPQYKWCCJVp.lldh1URR8iflWtHjgZdHiFjUFPnpf5O', 3, 1, '2021-02-22 15:18:58.972+00', '2021-02-22 15:18:58.972+00'),
	(121, 'Hoàng Quân Đoàn', '$2a$08$FAwlxDqnJCOPQYKWCCJVp.lldh1URR8iflWtHjgZdHiFjUFPnpf5O', 3, 1, '2021-02-22 15:18:58.974+00', '2021-02-22 15:18:58.974+00'),
	(122, 'Thành Ðạt Trịnh III', '$2a$08$FAwlxDqnJCOPQYKWCCJVp.lldh1URR8iflWtHjgZdHiFjUFPnpf5O', 3, 1, '2021-02-22 15:18:58.975+00', '2021-02-22 15:18:58.975+00'),
	(123, 'Minh Dũng Hà', '$2a$08$FAwlxDqnJCOPQYKWCCJVp.lldh1URR8iflWtHjgZdHiFjUFPnpf5O', 3, 1, '2021-02-22 15:18:58.977+00', '2021-02-22 15:18:58.977+00'),
	(124, 'Bình Thuận Hà Sr.', '$2a$08$FAwlxDqnJCOPQYKWCCJVp.lldh1URR8iflWtHjgZdHiFjUFPnpf5O', 3, 1, '2021-02-22 15:18:58.978+00', '2021-02-22 15:18:58.978+00'),
	(125, 'Thanh Trúc Phùng', '$2a$08$FAwlxDqnJCOPQYKWCCJVp.lldh1URR8iflWtHjgZdHiFjUFPnpf5O', 3, 1, '2021-02-22 15:18:58.98+00', '2021-02-22 15:18:58.98+00'),
	(126, 'Trúc Mai Hà', '$2a$08$FAwlxDqnJCOPQYKWCCJVp.lldh1URR8iflWtHjgZdHiFjUFPnpf5O', 3, 1, '2021-02-22 15:18:58.981+00', '2021-02-22 15:18:58.981+00'),
	(127, 'Anh Phương Bùi', '$2a$08$FAwlxDqnJCOPQYKWCCJVp.lldh1URR8iflWtHjgZdHiFjUFPnpf5O', 3, 1, '2021-02-22 15:18:58.983+00', '2021-02-22 15:18:58.983+00'),
	(128, 'Gia Nghị Ngô', '$2a$08$FAwlxDqnJCOPQYKWCCJVp.lldh1URR8iflWtHjgZdHiFjUFPnpf5O', 3, 1, '2021-02-22 15:18:58.984+00', '2021-02-22 15:18:58.984+00'),
	(129, 'Kiên Trung Nguyễn', '$2a$08$FAwlxDqnJCOPQYKWCCJVp.lldh1URR8iflWtHjgZdHiFjUFPnpf5O', 3, 1, '2021-02-22 15:18:58.986+00', '2021-02-22 15:18:58.986+00'),
	(130, 'Long Quân Hà', '$2a$08$FAwlxDqnJCOPQYKWCCJVp.lldh1URR8iflWtHjgZdHiFjUFPnpf5O', 3, 1, '2021-02-22 15:18:58.987+00', '2021-02-22 15:18:58.987+00'),
	(131, 'Bảo Vân Trương', '$2a$08$FAwlxDqnJCOPQYKWCCJVp.lldh1URR8iflWtHjgZdHiFjUFPnpf5O', 3, 1, '2021-02-22 15:18:58.989+00', '2021-02-22 15:18:58.989+00'),
	(132, 'Việt Tiến Mai', '$2a$08$FAwlxDqnJCOPQYKWCCJVp.lldh1URR8iflWtHjgZdHiFjUFPnpf5O', 3, 1, '2021-02-22 15:18:58.99+00', '2021-02-22 15:18:58.99+00'),
	(133, 'Lâm Dũng Phùng', '$2a$08$FAwlxDqnJCOPQYKWCCJVp.lldh1URR8iflWtHjgZdHiFjUFPnpf5O', 3, 1, '2021-02-22 15:18:58.992+00', '2021-02-22 15:18:58.992+00'),
	(134, 'Ðức Toản Đào', '$2a$08$FAwlxDqnJCOPQYKWCCJVp.lldh1URR8iflWtHjgZdHiFjUFPnpf5O', 3, 1, '2021-02-22 15:18:58.993+00', '2021-02-22 15:18:58.993+00'),
	(135, 'Ngọc Tiển Trương', '$2a$08$FAwlxDqnJCOPQYKWCCJVp.lldh1URR8iflWtHjgZdHiFjUFPnpf5O', 3, 1, '2021-02-22 15:18:58.995+00', '2021-02-22 15:18:58.995+00'),
	(136, 'Bình Yên Đỗ', '$2a$08$FAwlxDqnJCOPQYKWCCJVp.lldh1URR8iflWtHjgZdHiFjUFPnpf5O', 3, 1, '2021-02-22 15:18:58.996+00', '2021-02-22 15:18:58.996+00'),
	(137, 'Ðình Phú Đỗ', '$2a$08$FAwlxDqnJCOPQYKWCCJVp.lldh1URR8iflWtHjgZdHiFjUFPnpf5O', 3, 1, '2021-02-22 15:18:58.998+00', '2021-02-22 15:18:58.998+00'),
	(138, 'Minh Khôi Hoàng', '$2a$08$FAwlxDqnJCOPQYKWCCJVp.lldh1URR8iflWtHjgZdHiFjUFPnpf5O', 3, 1, '2021-02-22 15:18:58.999+00', '2021-02-22 15:18:58.999+00'),
	(139, 'Trọng Chính Nguyễn', '$2a$08$FAwlxDqnJCOPQYKWCCJVp.lldh1URR8iflWtHjgZdHiFjUFPnpf5O', 3, 1, '2021-02-22 15:18:59.002+00', '2021-02-22 15:18:59.002+00'),
	(140, 'Chi Lan Vương', '$2a$08$FAwlxDqnJCOPQYKWCCJVp.lldh1URR8iflWtHjgZdHiFjUFPnpf5O', 3, 1, '2021-02-22 15:18:59.004+00', '2021-02-22 15:18:59.004+00'),
	(141, 'Phước Lộc Phan', '$2a$08$FAwlxDqnJCOPQYKWCCJVp.lldh1URR8iflWtHjgZdHiFjUFPnpf5O', 3, 1, '2021-02-22 15:18:59.005+00', '2021-02-22 15:18:59.005+00'),
	(142, 'Bảo Uyên Tô', '$2a$08$FAwlxDqnJCOPQYKWCCJVp.lldh1URR8iflWtHjgZdHiFjUFPnpf5O', 3, 1, '2021-02-22 15:18:59.007+00', '2021-02-22 15:18:59.007+00'),
	(143, 'Chi Mai Hà', '$2a$08$FAwlxDqnJCOPQYKWCCJVp.lldh1URR8iflWtHjgZdHiFjUFPnpf5O', 3, 1, '2021-02-22 15:18:59.009+00', '2021-02-22 15:18:59.009+00'),
	(144, 'Diễm Trang Bùi', '$2a$08$FAwlxDqnJCOPQYKWCCJVp.lldh1URR8iflWtHjgZdHiFjUFPnpf5O', 3, 1, '2021-02-22 15:18:59.01+00', '2021-02-22 15:18:59.01+00'),
	(145, 'Nhân Từ Đoàn', '$2a$08$FAwlxDqnJCOPQYKWCCJVp.lldh1URR8iflWtHjgZdHiFjUFPnpf5O', 3, 1, '2021-02-22 15:18:59.012+00', '2021-02-22 15:18:59.012+00'),
	(146, 'Xuân Trường Lý', '$2a$08$FAwlxDqnJCOPQYKWCCJVp.lldh1URR8iflWtHjgZdHiFjUFPnpf5O', 3, 1, '2021-02-22 15:18:59.013+00', '2021-02-22 15:18:59.013+00'),
	(147, 'Ban Mai Mai I', '$2a$08$FAwlxDqnJCOPQYKWCCJVp.lldh1URR8iflWtHjgZdHiFjUFPnpf5O', 3, 1, '2021-02-22 15:18:59.015+00', '2021-02-22 15:18:59.015+00'),
	(148, 'Đan Thư Vương', '$2a$08$FAwlxDqnJCOPQYKWCCJVp.lldh1URR8iflWtHjgZdHiFjUFPnpf5O', 3, 1, '2021-02-22 15:18:59.016+00', '2021-02-22 15:18:59.016+00'),
	(149, 'Mrs. Ngọc Ánh Đoàn', '$2a$08$FAwlxDqnJCOPQYKWCCJVp.lldh1URR8iflWtHjgZdHiFjUFPnpf5O', 3, 1, '2021-02-22 15:18:59.018+00', '2021-02-22 15:18:59.018+00'),
	(150, 'Phương Linh Hoàng', '$2a$08$FAwlxDqnJCOPQYKWCCJVp.lldh1URR8iflWtHjgZdHiFjUFPnpf5O', 3, 1, '2021-02-22 15:18:59.019+00', '2021-02-22 15:18:59.019+00'),
	(151, 'Hải Phong Tô', '$2a$08$FAwlxDqnJCOPQYKWCCJVp.lldh1URR8iflWtHjgZdHiFjUFPnpf5O', 3, 1, '2021-02-22 15:18:59.021+00', '2021-02-22 15:18:59.021+00'),
	(152, 'Yến Trinh Ngô V', '$2a$08$FAwlxDqnJCOPQYKWCCJVp.lldh1URR8iflWtHjgZdHiFjUFPnpf5O', 3, 1, '2021-02-22 15:18:59.022+00', '2021-02-22 15:18:59.022+00'),
	(153, 'Uyên Thơ Hồ', '$2a$08$FAwlxDqnJCOPQYKWCCJVp.lldh1URR8iflWtHjgZdHiFjUFPnpf5O', 3, 1, '2021-02-22 15:18:59.024+00', '2021-02-22 15:18:59.024+00'),
	(154, 'Dr. Trí Hữu Hồ', '$2a$08$FAwlxDqnJCOPQYKWCCJVp.lldh1URR8iflWtHjgZdHiFjUFPnpf5O', 3, 1, '2021-02-22 15:18:59.025+00', '2021-02-22 15:18:59.025+00'),
	(155, 'Thu Liên Phan DVM', '$2a$08$FAwlxDqnJCOPQYKWCCJVp.lldh1URR8iflWtHjgZdHiFjUFPnpf5O', 3, 1, '2021-02-22 15:18:59.027+00', '2021-02-22 15:18:59.027+00'),
	(156, 'Thu Vọng Bùi', '$2a$08$FAwlxDqnJCOPQYKWCCJVp.lldh1URR8iflWtHjgZdHiFjUFPnpf5O', 3, 1, '2021-02-22 15:18:59.028+00', '2021-02-22 15:18:59.028+00'),
	(157, 'Lương Tuyền Đặng', '$2a$08$FAwlxDqnJCOPQYKWCCJVp.lldh1URR8iflWtHjgZdHiFjUFPnpf5O', 3, 1, '2021-02-22 15:18:59.03+00', '2021-02-22 15:18:59.03+00'),
	(158, 'Thương Huyền Vũ', '$2a$08$FAwlxDqnJCOPQYKWCCJVp.lldh1URR8iflWtHjgZdHiFjUFPnpf5O', 3, 1, '2021-02-22 15:18:59.031+00', '2021-02-22 15:18:59.031+00'),
	(159, 'Diên Vỹ Vũ', '$2a$08$FAwlxDqnJCOPQYKWCCJVp.lldh1URR8iflWtHjgZdHiFjUFPnpf5O', 3, 1, '2021-02-22 15:18:59.033+00', '2021-02-22 15:18:59.033+00'),
	(160, 'Minh Ðạt Đinh', '$2a$08$FAwlxDqnJCOPQYKWCCJVp.lldh1URR8iflWtHjgZdHiFjUFPnpf5O', 3, 1, '2021-02-22 15:18:59.034+00', '2021-02-22 15:18:59.034+00'),
	(161, 'Quốc Hùng Lý', '$2a$08$FAwlxDqnJCOPQYKWCCJVp.lldh1URR8iflWtHjgZdHiFjUFPnpf5O', 3, 1, '2021-02-22 15:18:59.036+00', '2021-02-22 15:18:59.036+00'),
	(162, 'Tường Vân Trịnh', '$2a$08$FAwlxDqnJCOPQYKWCCJVp.lldh1URR8iflWtHjgZdHiFjUFPnpf5O', 3, 1, '2021-02-22 15:18:59.037+00', '2021-02-22 15:18:59.037+00'),
	(163, 'Phương Quỳnh Đào', '$2a$08$FAwlxDqnJCOPQYKWCCJVp.lldh1URR8iflWtHjgZdHiFjUFPnpf5O', 3, 1, '2021-02-22 15:18:59.039+00', '2021-02-22 15:18:59.039+00'),
	(164, 'Chấn Phong Tô', '$2a$08$FAwlxDqnJCOPQYKWCCJVp.lldh1URR8iflWtHjgZdHiFjUFPnpf5O', 3, 1, '2021-02-22 15:18:59.041+00', '2021-02-22 15:18:59.041+00'),
	(165, 'Dương Anh Lâm', '$2a$08$FAwlxDqnJCOPQYKWCCJVp.lldh1URR8iflWtHjgZdHiFjUFPnpf5O', 3, 1, '2021-02-22 15:18:59.042+00', '2021-02-22 15:18:59.042+00'),
	(166, 'Đông Tuyền Hà', '$2a$08$FAwlxDqnJCOPQYKWCCJVp.lldh1URR8iflWtHjgZdHiFjUFPnpf5O', 3, 1, '2021-02-22 15:18:59.044+00', '2021-02-22 15:18:59.044+00'),
	(167, 'Bữu Toại Trịnh', '$2a$08$FAwlxDqnJCOPQYKWCCJVp.lldh1URR8iflWtHjgZdHiFjUFPnpf5O', 3, 1, '2021-02-22 15:18:59.045+00', '2021-02-22 15:18:59.045+00'),
	(168, 'Mrs. Quốc Hoài Tăng', '$2a$08$FAwlxDqnJCOPQYKWCCJVp.lldh1URR8iflWtHjgZdHiFjUFPnpf5O', 3, 1, '2021-02-22 15:18:59.046+00', '2021-02-22 15:18:59.046+00'),
	(169, 'Ðức Khiêm Dương', '$2a$08$FAwlxDqnJCOPQYKWCCJVp.lldh1URR8iflWtHjgZdHiFjUFPnpf5O', 3, 1, '2021-02-22 15:18:59.048+00', '2021-02-22 15:18:59.048+00'),
	(170, 'Vương Gia Lê', '$2a$08$FAwlxDqnJCOPQYKWCCJVp.lldh1URR8iflWtHjgZdHiFjUFPnpf5O', 3, 1, '2021-02-22 15:18:59.049+00', '2021-02-22 15:18:59.049+00'),
	(171, 'Mrs. Mộc Miên Lâm', '$2a$08$FAwlxDqnJCOPQYKWCCJVp.lldh1URR8iflWtHjgZdHiFjUFPnpf5O', 3, 1, '2021-02-22 15:18:59.051+00', '2021-02-22 15:18:59.051+00'),
	(172, 'Linh Giang Phan', '$2a$08$FAwlxDqnJCOPQYKWCCJVp.lldh1URR8iflWtHjgZdHiFjUFPnpf5O', 3, 1, '2021-02-22 15:18:59.056+00', '2021-02-22 15:18:59.056+00'),
	(173, 'Vân Quyên Bùi I', '$2a$08$FAwlxDqnJCOPQYKWCCJVp.lldh1URR8iflWtHjgZdHiFjUFPnpf5O', 3, 1, '2021-02-22 15:18:59.061+00', '2021-02-22 15:18:59.061+00'),
	(174, 'Nhã Uyên Tăng', '$2a$08$FAwlxDqnJCOPQYKWCCJVp.lldh1URR8iflWtHjgZdHiFjUFPnpf5O', 3, 1, '2021-02-22 15:18:59.066+00', '2021-02-22 15:18:59.066+00'),
	(175, 'Ms. Tuấn Chương Đào', '$2a$08$FAwlxDqnJCOPQYKWCCJVp.lldh1URR8iflWtHjgZdHiFjUFPnpf5O', 3, 1, '2021-02-22 15:18:59.069+00', '2021-02-22 15:18:59.069+00'),
	(176, 'Việt Tuyết Đào III', '$2a$08$FAwlxDqnJCOPQYKWCCJVp.lldh1URR8iflWtHjgZdHiFjUFPnpf5O', 3, 1, '2021-02-22 15:18:59.072+00', '2021-02-22 15:18:59.072+00'),
	(177, 'Hữu Ðịnh Phùng', '$2a$08$FAwlxDqnJCOPQYKWCCJVp.lldh1URR8iflWtHjgZdHiFjUFPnpf5O', 3, 1, '2021-02-22 15:18:59.075+00', '2021-02-22 15:18:59.075+00'),
	(178, 'Bảo Pháp Trịnh', '$2a$08$FAwlxDqnJCOPQYKWCCJVp.lldh1URR8iflWtHjgZdHiFjUFPnpf5O', 3, 1, '2021-02-22 15:18:59.078+00', '2021-02-22 15:18:59.078+00'),
	(179, 'Xuân Tường Đặng', '$2a$08$FAwlxDqnJCOPQYKWCCJVp.lldh1URR8iflWtHjgZdHiFjUFPnpf5O', 3, 1, '2021-02-22 15:18:59.08+00', '2021-02-22 15:18:59.08+00'),
	(180, 'Thế Năng Nguyễn', '$2a$08$FAwlxDqnJCOPQYKWCCJVp.lldh1URR8iflWtHjgZdHiFjUFPnpf5O', 3, 1, '2021-02-22 15:18:59.082+00', '2021-02-22 15:18:59.082+00'),
	(181, 'Hàm Duyên Ngô', '$2a$08$FAwlxDqnJCOPQYKWCCJVp.lldh1URR8iflWtHjgZdHiFjUFPnpf5O', 3, 1, '2021-02-22 15:18:59.084+00', '2021-02-22 15:18:59.084+00'),
	(182, 'Bích Duyên Hoàng', '$2a$08$FAwlxDqnJCOPQYKWCCJVp.lldh1URR8iflWtHjgZdHiFjUFPnpf5O', 3, 1, '2021-02-22 15:18:59.087+00', '2021-02-22 15:18:59.087+00'),
	(183, 'Băng Băng Trần', '$2a$08$FAwlxDqnJCOPQYKWCCJVp.lldh1URR8iflWtHjgZdHiFjUFPnpf5O', 3, 1, '2021-02-22 15:18:59.089+00', '2021-02-22 15:18:59.089+00'),
	(184, 'Thảo Vy Đoàn', '$2a$08$FAwlxDqnJCOPQYKWCCJVp.lldh1URR8iflWtHjgZdHiFjUFPnpf5O', 3, 1, '2021-02-22 15:18:59.091+00', '2021-02-22 15:18:59.091+00'),
	(185, 'Thúy Hà Trịnh', '$2a$08$FAwlxDqnJCOPQYKWCCJVp.lldh1URR8iflWtHjgZdHiFjUFPnpf5O', 3, 1, '2021-02-22 15:18:59.093+00', '2021-02-22 15:18:59.093+00'),
	(186, 'Anh Chi Bùi', '$2a$08$FAwlxDqnJCOPQYKWCCJVp.lldh1URR8iflWtHjgZdHiFjUFPnpf5O', 3, 1, '2021-02-22 15:18:59.095+00', '2021-02-22 15:18:59.095+00'),
	(187, 'Thảo Mai Đặng', '$2a$08$FAwlxDqnJCOPQYKWCCJVp.lldh1URR8iflWtHjgZdHiFjUFPnpf5O', 3, 1, '2021-02-22 15:18:59.097+00', '2021-02-22 15:18:59.097+00'),
	(188, 'Ngọc Sương Đoàn', '$2a$08$FAwlxDqnJCOPQYKWCCJVp.lldh1URR8iflWtHjgZdHiFjUFPnpf5O', 3, 1, '2021-02-22 15:18:59.1+00', '2021-02-22 15:18:59.1+00'),
	(189, 'Nhã Lý Trịnh', '$2a$08$FAwlxDqnJCOPQYKWCCJVp.lldh1URR8iflWtHjgZdHiFjUFPnpf5O', 3, 1, '2021-02-22 15:18:59.102+00', '2021-02-22 15:18:59.102+00'),
	(190, 'Quang Tú Nguyễn', '$2a$08$FAwlxDqnJCOPQYKWCCJVp.lldh1URR8iflWtHjgZdHiFjUFPnpf5O', 3, 1, '2021-02-22 15:18:59.105+00', '2021-02-22 15:18:59.105+00'),
	(191, 'Ms. Ðinh Lộc Lý', '$2a$08$FAwlxDqnJCOPQYKWCCJVp.lldh1URR8iflWtHjgZdHiFjUFPnpf5O', 3, 1, '2021-02-22 15:18:59.107+00', '2021-02-22 15:18:59.107+00'),
	(192, 'Linh Hà Tô', '$2a$08$FAwlxDqnJCOPQYKWCCJVp.lldh1URR8iflWtHjgZdHiFjUFPnpf5O', 3, 1, '2021-02-22 15:18:59.109+00', '2021-02-22 15:18:59.109+00'),
	(193, 'Quốc Khánh Trương', '$2a$08$FAwlxDqnJCOPQYKWCCJVp.lldh1URR8iflWtHjgZdHiFjUFPnpf5O', 3, 1, '2021-02-22 15:18:59.111+00', '2021-02-22 15:18:59.111+00'),
	(194, 'Thanh Dân Trịnh', '$2a$08$FAwlxDqnJCOPQYKWCCJVp.lldh1URR8iflWtHjgZdHiFjUFPnpf5O', 3, 1, '2021-02-22 15:18:59.113+00', '2021-02-22 15:18:59.113+00'),
	(195, 'Linh Duyên Phan', '$2a$08$FAwlxDqnJCOPQYKWCCJVp.lldh1URR8iflWtHjgZdHiFjUFPnpf5O', 3, 1, '2021-02-22 15:18:59.115+00', '2021-02-22 15:18:59.115+00'),
	(196, 'Ms. Yến Phượng Đặng', '$2a$08$FAwlxDqnJCOPQYKWCCJVp.lldh1URR8iflWtHjgZdHiFjUFPnpf5O', 3, 1, '2021-02-22 15:18:59.117+00', '2021-02-22 15:18:59.117+00'),
	(197, 'Băng Tâm Đỗ', '$2a$08$FAwlxDqnJCOPQYKWCCJVp.lldh1URR8iflWtHjgZdHiFjUFPnpf5O', 3, 1, '2021-02-22 15:18:59.119+00', '2021-02-22 15:18:59.119+00'),
	(198, 'Hồng Như Đặng', '$2a$08$FAwlxDqnJCOPQYKWCCJVp.lldh1URR8iflWtHjgZdHiFjUFPnpf5O', 3, 1, '2021-02-22 15:18:59.122+00', '2021-02-22 15:18:59.122+00'),
	(199, 'Thanh Đan Lý', '$2a$08$FAwlxDqnJCOPQYKWCCJVp.lldh1URR8iflWtHjgZdHiFjUFPnpf5O', 3, 1, '2021-02-22 15:18:59.124+00', '2021-02-22 15:18:59.124+00'),
	(200, 'Lệ Quyên Lê', '$2a$08$FAwlxDqnJCOPQYKWCCJVp.lldh1URR8iflWtHjgZdHiFjUFPnpf5O', 3, 1, '2021-02-22 15:18:59.126+00', '2021-02-22 15:18:59.126+00'),
	(201, 'Ngọc Minh Lâm', '$2a$08$FAwlxDqnJCOPQYKWCCJVp.lldh1URR8iflWtHjgZdHiFjUFPnpf5O', 3, 1, '2021-02-22 15:18:59.128+00', '2021-02-22 15:18:59.128+00'),
	(202, 'Vân Phi Dương Sr.', '$2a$08$FAwlxDqnJCOPQYKWCCJVp.lldh1URR8iflWtHjgZdHiFjUFPnpf5O', 3, 1, '2021-02-22 15:18:59.13+00', '2021-02-22 15:18:59.13+00'),
	(203, 'Hòa Hiệp Phạm', '$2a$08$FAwlxDqnJCOPQYKWCCJVp.lldh1URR8iflWtHjgZdHiFjUFPnpf5O', 3, 1, '2021-02-22 15:18:59.132+00', '2021-02-22 15:18:59.132+00'),
	(204, 'Vân Thường Tăng', '$2a$08$FAwlxDqnJCOPQYKWCCJVp.lldh1URR8iflWtHjgZdHiFjUFPnpf5O', 3, 1, '2021-02-22 15:18:59.133+00', '2021-02-22 15:18:59.133+00'),
	(205, 'Hải Ðăng Lâm', '$2a$08$FAwlxDqnJCOPQYKWCCJVp.lldh1URR8iflWtHjgZdHiFjUFPnpf5O', 3, 1, '2021-02-22 15:18:59.135+00', '2021-02-22 15:18:59.135+00'),
	(206, 'Quốc Bình Đoàn', '$2a$08$FAwlxDqnJCOPQYKWCCJVp.lldh1URR8iflWtHjgZdHiFjUFPnpf5O', 3, 1, '2021-02-22 15:18:59.137+00', '2021-02-22 15:18:59.137+00'),
	(207, 'Mỹ Nhân Trương', '$2a$08$FAwlxDqnJCOPQYKWCCJVp.lldh1URR8iflWtHjgZdHiFjUFPnpf5O', 3, 1, '2021-02-22 15:18:59.139+00', '2021-02-22 15:18:59.139+00'),
	(208, 'Hiền Hòa Trần', '$2a$08$FAwlxDqnJCOPQYKWCCJVp.lldh1URR8iflWtHjgZdHiFjUFPnpf5O', 3, 1, '2021-02-22 15:18:59.141+00', '2021-02-22 15:18:59.141+00'),
	(209, 'Thư Sương Trịnh', '$2a$08$FAwlxDqnJCOPQYKWCCJVp.lldh1URR8iflWtHjgZdHiFjUFPnpf5O', 3, 1, '2021-02-22 15:18:59.143+00', '2021-02-22 15:18:59.143+00'),
	(210, 'Việt Hoàng Đặng', '$2a$08$FAwlxDqnJCOPQYKWCCJVp.lldh1URR8iflWtHjgZdHiFjUFPnpf5O', 3, 1, '2021-02-22 15:18:59.144+00', '2021-02-22 15:18:59.144+00'),
	(211, 'Trí Dũng Tăng', '$2a$08$FAwlxDqnJCOPQYKWCCJVp.lldh1URR8iflWtHjgZdHiFjUFPnpf5O', 3, 1, '2021-02-22 15:18:59.146+00', '2021-02-22 15:18:59.146+00'),
	(212, 'Hồng Châu Nguyễn', '$2a$08$FAwlxDqnJCOPQYKWCCJVp.lldh1URR8iflWtHjgZdHiFjUFPnpf5O', 3, 1, '2021-02-22 15:18:59.148+00', '2021-02-22 15:18:59.148+00'),
	(213, 'Lệ Quyên Ngô', '$2a$08$FAwlxDqnJCOPQYKWCCJVp.lldh1URR8iflWtHjgZdHiFjUFPnpf5O', 3, 1, '2021-02-22 15:18:59.15+00', '2021-02-22 15:18:59.15+00'),
	(214, 'Xuân Hàm Nguyễn', '$2a$08$FAwlxDqnJCOPQYKWCCJVp.lldh1URR8iflWtHjgZdHiFjUFPnpf5O', 3, 1, '2021-02-22 15:18:59.158+00', '2021-02-22 15:18:59.158+00'),
	(215, 'Yên Ðan Đoàn IV', '$2a$08$FAwlxDqnJCOPQYKWCCJVp.lldh1URR8iflWtHjgZdHiFjUFPnpf5O', 3, 1, '2021-02-22 15:18:59.159+00', '2021-02-22 15:18:59.159+00'),
	(216, 'Lâm Trường Đặng', '$2a$08$FAwlxDqnJCOPQYKWCCJVp.lldh1URR8iflWtHjgZdHiFjUFPnpf5O', 3, 1, '2021-02-22 15:18:59.162+00', '2021-02-22 15:18:59.162+00'),
	(217, 'Ngọc Minh Vương', '$2a$08$FAwlxDqnJCOPQYKWCCJVp.lldh1URR8iflWtHjgZdHiFjUFPnpf5O', 3, 1, '2021-02-22 15:18:59.164+00', '2021-02-22 15:18:59.164+00'),
	(218, 'Hoài Phong Trương', '$2a$08$FAwlxDqnJCOPQYKWCCJVp.lldh1URR8iflWtHjgZdHiFjUFPnpf5O', 3, 1, '2021-02-22 15:18:59.166+00', '2021-02-22 15:18:59.166+00'),
	(219, 'Hiệp Hà Vương', '$2a$08$FAwlxDqnJCOPQYKWCCJVp.lldh1URR8iflWtHjgZdHiFjUFPnpf5O', 3, 1, '2021-02-22 15:18:59.167+00', '2021-02-22 15:18:59.167+00'),
	(220, 'Nguyết Ánh Dương', '$2a$08$FAwlxDqnJCOPQYKWCCJVp.lldh1URR8iflWtHjgZdHiFjUFPnpf5O', 3, 1, '2021-02-22 15:18:59.169+00', '2021-02-22 15:18:59.169+00'),
	(221, 'Nguyệt Hà Đoàn I', '$2a$08$FAwlxDqnJCOPQYKWCCJVp.lldh1URR8iflWtHjgZdHiFjUFPnpf5O', 3, 1, '2021-02-22 15:18:59.17+00', '2021-02-22 15:18:59.17+00'),
	(222, 'Hữu Nam Trương', '$2a$08$FAwlxDqnJCOPQYKWCCJVp.lldh1URR8iflWtHjgZdHiFjUFPnpf5O', 3, 1, '2021-02-22 15:18:59.172+00', '2021-02-22 15:18:59.172+00'),
	(223, 'Chí Giang Vương', '$2a$08$FAwlxDqnJCOPQYKWCCJVp.lldh1URR8iflWtHjgZdHiFjUFPnpf5O', 3, 1, '2021-02-22 15:18:59.173+00', '2021-02-22 15:18:59.173+00'),
	(224, 'Mỹ Nhân Ngô', '$2a$08$FAwlxDqnJCOPQYKWCCJVp.lldh1URR8iflWtHjgZdHiFjUFPnpf5O', 3, 1, '2021-02-22 15:18:59.174+00', '2021-02-22 15:18:59.174+00'),
	(225, 'Ðức Tài Đỗ', '$2a$08$FAwlxDqnJCOPQYKWCCJVp.lldh1URR8iflWtHjgZdHiFjUFPnpf5O', 3, 1, '2021-02-22 15:18:59.175+00', '2021-02-22 15:18:59.175+00'),
	(226, 'Mrs. Quốc Huy Ngô', '$2a$08$FAwlxDqnJCOPQYKWCCJVp.lldh1URR8iflWtHjgZdHiFjUFPnpf5O', 3, 1, '2021-02-22 15:18:59.177+00', '2021-02-22 15:18:59.177+00'),
	(227, 'Ngọc Lâm Trương', '$2a$08$FAwlxDqnJCOPQYKWCCJVp.lldh1URR8iflWtHjgZdHiFjUFPnpf5O', 3, 1, '2021-02-22 15:18:59.178+00', '2021-02-22 15:18:59.178+00'),
	(228, 'Quốc Vinh Lê', '$2a$08$FAwlxDqnJCOPQYKWCCJVp.lldh1URR8iflWtHjgZdHiFjUFPnpf5O', 3, 1, '2021-02-22 15:18:59.179+00', '2021-02-22 15:18:59.179+00'),
	(229, 'Uyển Nhi Hoàng', '$2a$08$FAwlxDqnJCOPQYKWCCJVp.lldh1URR8iflWtHjgZdHiFjUFPnpf5O', 3, 1, '2021-02-22 15:18:59.181+00', '2021-02-22 15:18:59.181+00'),
	(230, 'Hữu Cảnh Phan', '$2a$08$FAwlxDqnJCOPQYKWCCJVp.lldh1URR8iflWtHjgZdHiFjUFPnpf5O', 3, 1, '2021-02-22 15:18:59.182+00', '2021-02-22 15:18:59.182+00'),
	(231, 'Linh Giang Đỗ Sr.', '$2a$08$FAwlxDqnJCOPQYKWCCJVp.lldh1URR8iflWtHjgZdHiFjUFPnpf5O', 3, 1, '2021-02-22 15:18:59.183+00', '2021-02-22 15:18:59.183+00'),
	(232, 'Đông Tuyền Mai', '$2a$08$FAwlxDqnJCOPQYKWCCJVp.lldh1URR8iflWtHjgZdHiFjUFPnpf5O', 3, 1, '2021-02-22 15:18:59.185+00', '2021-02-22 15:18:59.185+00'),
	(233, 'Thống Nhất Đinh', '$2a$08$FAwlxDqnJCOPQYKWCCJVp.lldh1URR8iflWtHjgZdHiFjUFPnpf5O', 3, 1, '2021-02-22 15:18:59.186+00', '2021-02-22 15:18:59.186+00'),
	(234, 'Bảo Thái Phạm', '$2a$08$FAwlxDqnJCOPQYKWCCJVp.lldh1URR8iflWtHjgZdHiFjUFPnpf5O', 3, 1, '2021-02-22 15:18:59.187+00', '2021-02-22 15:18:59.187+00'),
	(235, 'Hồng Lĩnh Đào', '$2a$08$FAwlxDqnJCOPQYKWCCJVp.lldh1URR8iflWtHjgZdHiFjUFPnpf5O', 3, 1, '2021-02-22 15:18:59.189+00', '2021-02-22 15:18:59.189+00'),
	(236, 'Cảnh Tuấn Lý', '$2a$08$FAwlxDqnJCOPQYKWCCJVp.lldh1URR8iflWtHjgZdHiFjUFPnpf5O', 3, 1, '2021-02-22 15:18:59.19+00', '2021-02-22 15:18:59.19+00'),
	(237, 'Gia Kiên Phùng', '$2a$08$FAwlxDqnJCOPQYKWCCJVp.lldh1URR8iflWtHjgZdHiFjUFPnpf5O', 3, 1, '2021-02-22 15:18:59.192+00', '2021-02-22 15:18:59.192+00'),
	(238, 'Khánh Bình Trịnh', '$2a$08$FAwlxDqnJCOPQYKWCCJVp.lldh1URR8iflWtHjgZdHiFjUFPnpf5O', 3, 1, '2021-02-22 15:18:59.193+00', '2021-02-22 15:18:59.193+00'),
	(239, 'Khoa Trưởng Lê', '$2a$08$FAwlxDqnJCOPQYKWCCJVp.lldh1URR8iflWtHjgZdHiFjUFPnpf5O', 3, 1, '2021-02-22 15:18:59.195+00', '2021-02-22 15:18:59.195+00'),
	(240, 'Bảo Trân Hà Jr.', '$2a$08$FAwlxDqnJCOPQYKWCCJVp.lldh1URR8iflWtHjgZdHiFjUFPnpf5O', 3, 1, '2021-02-22 15:18:59.196+00', '2021-02-22 15:18:59.196+00'),
	(241, 'Ðức Thành Hà', '$2a$08$FAwlxDqnJCOPQYKWCCJVp.lldh1URR8iflWtHjgZdHiFjUFPnpf5O', 3, 1, '2021-02-22 15:18:59.197+00', '2021-02-22 15:18:59.197+00'),
	(242, 'Minh Nguyệt Tô', '$2a$08$FAwlxDqnJCOPQYKWCCJVp.lldh1URR8iflWtHjgZdHiFjUFPnpf5O', 3, 1, '2021-02-22 15:18:59.199+00', '2021-02-22 15:18:59.199+00'),
	(243, 'Nguyệt Cát Tăng', '$2a$08$FAwlxDqnJCOPQYKWCCJVp.lldh1URR8iflWtHjgZdHiFjUFPnpf5O', 3, 1, '2021-02-22 15:18:59.2+00', '2021-02-22 15:18:59.2+00'),
	(244, 'Việt Hùng Vũ', '$2a$08$FAwlxDqnJCOPQYKWCCJVp.lldh1URR8iflWtHjgZdHiFjUFPnpf5O', 3, 1, '2021-02-22 15:18:59.202+00', '2021-02-22 15:18:59.202+00'),
	(245, 'Kim Ðan Đặng', '$2a$08$FAwlxDqnJCOPQYKWCCJVp.lldh1URR8iflWtHjgZdHiFjUFPnpf5O', 3, 1, '2021-02-22 15:18:59.204+00', '2021-02-22 15:18:59.204+00'),
	(246, 'Phú Hùng Ngô', '$2a$08$FAwlxDqnJCOPQYKWCCJVp.lldh1URR8iflWtHjgZdHiFjUFPnpf5O', 3, 1, '2021-02-22 15:18:59.205+00', '2021-02-22 15:18:59.205+00'),
	(247, 'Hồng Hoa Đỗ', '$2a$08$FAwlxDqnJCOPQYKWCCJVp.lldh1URR8iflWtHjgZdHiFjUFPnpf5O', 3, 1, '2021-02-22 15:18:59.207+00', '2021-02-22 15:18:59.207+00'),
	(248, 'Xuân Tâm Lê', '$2a$08$FAwlxDqnJCOPQYKWCCJVp.lldh1URR8iflWtHjgZdHiFjUFPnpf5O', 3, 1, '2021-02-22 15:18:59.208+00', '2021-02-22 15:18:59.208+00'),
	(249, 'Trầm Hương Hồ', '$2a$08$FAwlxDqnJCOPQYKWCCJVp.lldh1URR8iflWtHjgZdHiFjUFPnpf5O', 3, 1, '2021-02-22 15:18:59.21+00', '2021-02-22 15:18:59.21+00'),
	(250, 'Phương Liên Vũ', '$2a$08$FAwlxDqnJCOPQYKWCCJVp.lldh1URR8iflWtHjgZdHiFjUFPnpf5O', 3, 1, '2021-02-22 15:18:59.211+00', '2021-02-22 15:18:59.211+00');
INSERT INTO public.members VALUES
	(251, 'Ms. Gia Cần Đỗ', '$2a$08$FAwlxDqnJCOPQYKWCCJVp.lldh1URR8iflWtHjgZdHiFjUFPnpf5O', 3, 1, '2021-02-22 15:18:59.213+00', '2021-02-22 15:18:59.213+00'),
	(252, 'Thụy Long Đoàn', '$2a$08$FAwlxDqnJCOPQYKWCCJVp.lldh1URR8iflWtHjgZdHiFjUFPnpf5O', 3, 1, '2021-02-22 15:18:59.214+00', '2021-02-22 15:18:59.214+00'),
	(253, 'Minh Trí Trịnh', '$2a$08$FAwlxDqnJCOPQYKWCCJVp.lldh1URR8iflWtHjgZdHiFjUFPnpf5O', 3, 1, '2021-02-22 15:18:59.217+00', '2021-02-22 15:18:59.217+00'),
	(254, 'Ngọc Vân Lê', '$2a$08$FAwlxDqnJCOPQYKWCCJVp.lldh1URR8iflWtHjgZdHiFjUFPnpf5O', 3, 1, '2021-02-22 15:18:59.219+00', '2021-02-22 15:18:59.219+00'),
	(255, 'Tấn Dũng Mai', '$2a$08$FAwlxDqnJCOPQYKWCCJVp.lldh1URR8iflWtHjgZdHiFjUFPnpf5O', 3, 1, '2021-02-22 15:18:59.22+00', '2021-02-22 15:18:59.22+00'),
	(256, 'Công Sinh Lâm', '$2a$08$FAwlxDqnJCOPQYKWCCJVp.lldh1URR8iflWtHjgZdHiFjUFPnpf5O', 3, 1, '2021-02-22 15:18:59.221+00', '2021-02-22 15:18:59.221+00'),
	(257, 'Lệ Quyên Đinh', '$2a$08$FAwlxDqnJCOPQYKWCCJVp.lldh1URR8iflWtHjgZdHiFjUFPnpf5O', 3, 1, '2021-02-22 15:18:59.223+00', '2021-02-22 15:18:59.223+00'),
	(258, 'Bạch Mai Đào', '$2a$08$FAwlxDqnJCOPQYKWCCJVp.lldh1URR8iflWtHjgZdHiFjUFPnpf5O', 3, 1, '2021-02-22 15:18:59.224+00', '2021-02-22 15:18:59.224+00'),
	(259, 'Ngọc Lai Tăng', '$2a$08$FAwlxDqnJCOPQYKWCCJVp.lldh1URR8iflWtHjgZdHiFjUFPnpf5O', 3, 1, '2021-02-22 15:18:59.225+00', '2021-02-22 15:18:59.225+00'),
	(260, 'Linh Phương Phạm', '$2a$08$FAwlxDqnJCOPQYKWCCJVp.lldh1URR8iflWtHjgZdHiFjUFPnpf5O', 3, 1, '2021-02-22 15:18:59.227+00', '2021-02-22 15:18:59.227+00'),
	(261, 'Mrs. Thượng Khang Vương', '$2a$08$FAwlxDqnJCOPQYKWCCJVp.lldh1URR8iflWtHjgZdHiFjUFPnpf5O', 3, 1, '2021-02-22 15:18:59.228+00', '2021-02-22 15:18:59.228+00'),
	(262, 'Nhật Phương Tăng', '$2a$08$FAwlxDqnJCOPQYKWCCJVp.lldh1URR8iflWtHjgZdHiFjUFPnpf5O', 3, 1, '2021-02-22 15:18:59.23+00', '2021-02-22 15:18:59.23+00'),
	(263, 'Dạ Yến Đỗ', '$2a$08$FAwlxDqnJCOPQYKWCCJVp.lldh1URR8iflWtHjgZdHiFjUFPnpf5O', 3, 1, '2021-02-22 15:18:59.231+00', '2021-02-22 15:18:59.231+00'),
	(264, 'Ðức Phú Hoàng', '$2a$08$FAwlxDqnJCOPQYKWCCJVp.lldh1URR8iflWtHjgZdHiFjUFPnpf5O', 3, 1, '2021-02-22 15:18:59.233+00', '2021-02-22 15:18:59.233+00'),
	(265, 'Mrs. Diễm Trang Đặng', '$2a$08$FAwlxDqnJCOPQYKWCCJVp.lldh1URR8iflWtHjgZdHiFjUFPnpf5O', 3, 1, '2021-02-22 15:18:59.234+00', '2021-02-22 15:18:59.234+00'),
	(266, 'Nguyệt Minh Đoàn', '$2a$08$FAwlxDqnJCOPQYKWCCJVp.lldh1URR8iflWtHjgZdHiFjUFPnpf5O', 3, 1, '2021-02-22 15:18:59.235+00', '2021-02-22 15:18:59.235+00'),
	(267, 'Ngọc Trâm Vũ', '$2a$08$FAwlxDqnJCOPQYKWCCJVp.lldh1URR8iflWtHjgZdHiFjUFPnpf5O', 3, 1, '2021-02-22 15:18:59.237+00', '2021-02-22 15:18:59.237+00'),
	(268, 'Trung Chuyên Phan', '$2a$08$FAwlxDqnJCOPQYKWCCJVp.lldh1URR8iflWtHjgZdHiFjUFPnpf5O', 3, 1, '2021-02-22 15:18:59.238+00', '2021-02-22 15:18:59.238+00'),
	(269, 'Tuấn Việt Đặng', '$2a$08$FAwlxDqnJCOPQYKWCCJVp.lldh1URR8iflWtHjgZdHiFjUFPnpf5O', 3, 1, '2021-02-22 15:18:59.239+00', '2021-02-22 15:18:59.239+00'),
	(270, 'Diễm Châu Đỗ', '$2a$08$FAwlxDqnJCOPQYKWCCJVp.lldh1URR8iflWtHjgZdHiFjUFPnpf5O', 3, 1, '2021-02-22 15:18:59.24+00', '2021-02-22 15:18:59.24+00'),
	(271, 'Thúy Vy Trịnh', '$2a$08$FAwlxDqnJCOPQYKWCCJVp.lldh1URR8iflWtHjgZdHiFjUFPnpf5O', 3, 1, '2021-02-22 15:18:59.242+00', '2021-02-22 15:18:59.242+00'),
	(272, 'Hương Trà Đỗ', '$2a$08$FAwlxDqnJCOPQYKWCCJVp.lldh1URR8iflWtHjgZdHiFjUFPnpf5O', 3, 1, '2021-02-22 15:18:59.243+00', '2021-02-22 15:18:59.243+00'),
	(273, 'Mr. Thu Sinh Vương', '$2a$08$FAwlxDqnJCOPQYKWCCJVp.lldh1URR8iflWtHjgZdHiFjUFPnpf5O', 3, 1, '2021-02-22 15:18:59.245+00', '2021-02-22 15:18:59.245+00'),
	(274, 'Bạch Kim Trịnh V', '$2a$08$FAwlxDqnJCOPQYKWCCJVp.lldh1URR8iflWtHjgZdHiFjUFPnpf5O', 3, 1, '2021-02-22 15:18:59.246+00', '2021-02-22 15:18:59.246+00'),
	(275, 'Lệ Khanh Đặng', '$2a$08$FAwlxDqnJCOPQYKWCCJVp.lldh1URR8iflWtHjgZdHiFjUFPnpf5O', 3, 1, '2021-02-22 15:18:59.248+00', '2021-02-22 15:18:59.248+00'),
	(276, 'Trúc Cương Hà', '$2a$08$FAwlxDqnJCOPQYKWCCJVp.lldh1URR8iflWtHjgZdHiFjUFPnpf5O', 3, 1, '2021-02-22 15:18:59.249+00', '2021-02-22 15:18:59.249+00'),
	(277, 'Ðức Phong Đinh', '$2a$08$FAwlxDqnJCOPQYKWCCJVp.lldh1URR8iflWtHjgZdHiFjUFPnpf5O', 3, 1, '2021-02-22 15:18:59.25+00', '2021-02-22 15:18:59.25+00'),
	(278, 'Thủy Trang Tô', '$2a$08$FAwlxDqnJCOPQYKWCCJVp.lldh1URR8iflWtHjgZdHiFjUFPnpf5O', 3, 1, '2021-02-22 15:18:59.252+00', '2021-02-22 15:18:59.252+00'),
	(279, 'Hiền Thục Bùi', '$2a$08$FAwlxDqnJCOPQYKWCCJVp.lldh1URR8iflWtHjgZdHiFjUFPnpf5O', 3, 1, '2021-02-22 15:18:59.253+00', '2021-02-22 15:18:59.253+00'),
	(280, 'Bách Nhân Lý', '$2a$08$FAwlxDqnJCOPQYKWCCJVp.lldh1URR8iflWtHjgZdHiFjUFPnpf5O', 3, 1, '2021-02-22 15:18:59.254+00', '2021-02-22 15:18:59.254+00'),
	(281, 'Ms. Như Hoa Trương', '$2a$08$FAwlxDqnJCOPQYKWCCJVp.lldh1URR8iflWtHjgZdHiFjUFPnpf5O', 3, 1, '2021-02-22 15:18:59.256+00', '2021-02-22 15:18:59.256+00'),
	(282, 'Thái Duy Lâm', '$2a$08$FAwlxDqnJCOPQYKWCCJVp.lldh1URR8iflWtHjgZdHiFjUFPnpf5O', 3, 1, '2021-02-22 15:18:59.257+00', '2021-02-22 15:18:59.257+00'),
	(283, 'Xuân Lộc Bùi', '$2a$08$FAwlxDqnJCOPQYKWCCJVp.lldh1URR8iflWtHjgZdHiFjUFPnpf5O', 3, 1, '2021-02-22 15:18:59.259+00', '2021-02-22 15:18:59.259+00'),
	(284, 'Gia Thịnh Phan', '$2a$08$FAwlxDqnJCOPQYKWCCJVp.lldh1URR8iflWtHjgZdHiFjUFPnpf5O', 3, 1, '2021-02-22 15:18:59.26+00', '2021-02-22 15:18:59.26+00'),
	(285, 'Thiên Lương Lê', '$2a$08$FAwlxDqnJCOPQYKWCCJVp.lldh1URR8iflWtHjgZdHiFjUFPnpf5O', 3, 1, '2021-02-22 15:18:59.261+00', '2021-02-22 15:18:59.261+00'),
	(286, 'Minh Minh Vũ', '$2a$08$FAwlxDqnJCOPQYKWCCJVp.lldh1URR8iflWtHjgZdHiFjUFPnpf5O', 3, 1, '2021-02-22 15:18:59.263+00', '2021-02-22 15:18:59.263+00'),
	(287, 'Thanh Trung Vương', '$2a$08$FAwlxDqnJCOPQYKWCCJVp.lldh1URR8iflWtHjgZdHiFjUFPnpf5O', 3, 1, '2021-02-22 15:18:59.264+00', '2021-02-22 15:18:59.264+00'),
	(288, 'Ðức Siêu Trần', '$2a$08$FAwlxDqnJCOPQYKWCCJVp.lldh1URR8iflWtHjgZdHiFjUFPnpf5O', 3, 1, '2021-02-22 15:18:59.265+00', '2021-02-22 15:18:59.265+00'),
	(289, 'Minh Hương Trương V', '$2a$08$FAwlxDqnJCOPQYKWCCJVp.lldh1URR8iflWtHjgZdHiFjUFPnpf5O', 3, 1, '2021-02-22 15:18:59.267+00', '2021-02-22 15:18:59.267+00'),
	(290, 'Quang Triều Vương', '$2a$08$FAwlxDqnJCOPQYKWCCJVp.lldh1URR8iflWtHjgZdHiFjUFPnpf5O', 3, 1, '2021-02-22 15:18:59.268+00', '2021-02-22 15:18:59.268+00'),
	(291, 'Tường Lâm Lâm', '$2a$08$FAwlxDqnJCOPQYKWCCJVp.lldh1URR8iflWtHjgZdHiFjUFPnpf5O', 3, 1, '2021-02-22 15:18:59.269+00', '2021-02-22 15:18:59.269+00'),
	(292, 'Lê Quỳnh Hà', '$2a$08$FAwlxDqnJCOPQYKWCCJVp.lldh1URR8iflWtHjgZdHiFjUFPnpf5O', 3, 1, '2021-02-22 15:18:59.271+00', '2021-02-22 15:18:59.271+00'),
	(293, 'Ngọc Thọ Phan', '$2a$08$FAwlxDqnJCOPQYKWCCJVp.lldh1URR8iflWtHjgZdHiFjUFPnpf5O', 3, 1, '2021-02-22 15:18:59.273+00', '2021-02-22 15:18:59.273+00'),
	(294, 'Ban Mai Vũ', '$2a$08$FAwlxDqnJCOPQYKWCCJVp.lldh1URR8iflWtHjgZdHiFjUFPnpf5O', 3, 1, '2021-02-22 15:18:59.275+00', '2021-02-22 15:18:59.275+00'),
	(295, 'Mr. Mỹ Trang Lâm', '$2a$08$FAwlxDqnJCOPQYKWCCJVp.lldh1URR8iflWtHjgZdHiFjUFPnpf5O', 3, 1, '2021-02-22 15:18:59.276+00', '2021-02-22 15:18:59.276+00'),
	(296, 'Thanh Tuyền Phan', '$2a$08$FAwlxDqnJCOPQYKWCCJVp.lldh1URR8iflWtHjgZdHiFjUFPnpf5O', 3, 1, '2021-02-22 15:18:59.278+00', '2021-02-22 15:18:59.278+00'),
	(297, 'Quốc Văn Tô', '$2a$08$FAwlxDqnJCOPQYKWCCJVp.lldh1URR8iflWtHjgZdHiFjUFPnpf5O', 3, 1, '2021-02-22 15:18:59.279+00', '2021-02-22 15:18:59.279+00'),
	(298, 'Thái Tâm Đinh', '$2a$08$FAwlxDqnJCOPQYKWCCJVp.lldh1URR8iflWtHjgZdHiFjUFPnpf5O', 3, 1, '2021-02-22 15:18:59.28+00', '2021-02-22 15:18:59.28+00'),
	(299, 'Nhật Tấn Phùng', '$2a$08$FAwlxDqnJCOPQYKWCCJVp.lldh1URR8iflWtHjgZdHiFjUFPnpf5O', 3, 1, '2021-02-22 15:18:59.282+00', '2021-02-22 15:18:59.282+00'),
	(300, 'Quốc Hiền Vương', '$2a$08$FAwlxDqnJCOPQYKWCCJVp.lldh1URR8iflWtHjgZdHiFjUFPnpf5O', 3, 1, '2021-02-22 15:18:59.284+00', '2021-02-22 15:18:59.284+00'),
	(301, 'Bích Ðiệp Lê', '$2a$08$FAwlxDqnJCOPQYKWCCJVp.lldh1URR8iflWtHjgZdHiFjUFPnpf5O', 3, 1, '2021-02-22 15:18:59.285+00', '2021-02-22 15:18:59.285+00'),
	(302, 'Tuyết Tâm Phùng', '$2a$08$FAwlxDqnJCOPQYKWCCJVp.lldh1URR8iflWtHjgZdHiFjUFPnpf5O', 3, 1, '2021-02-22 15:18:59.286+00', '2021-02-22 15:18:59.286+00'),
	(303, 'Mrs. Ðức Quyền Lý', '$2a$08$FAwlxDqnJCOPQYKWCCJVp.lldh1URR8iflWtHjgZdHiFjUFPnpf5O', 3, 1, '2021-02-22 15:18:59.288+00', '2021-02-22 15:18:59.288+00'),
	(304, 'Kim Vượng Nguyễn', '$2a$08$FAwlxDqnJCOPQYKWCCJVp.lldh1URR8iflWtHjgZdHiFjUFPnpf5O', 3, 1, '2021-02-22 15:18:59.289+00', '2021-02-22 15:18:59.289+00'),
	(305, 'Vinh Quốc Dương', '$2a$08$FAwlxDqnJCOPQYKWCCJVp.lldh1URR8iflWtHjgZdHiFjUFPnpf5O', 3, 1, '2021-02-22 15:18:59.29+00', '2021-02-22 15:18:59.29+00'),
	(306, 'Diễm Phước Vũ', '$2a$08$FAwlxDqnJCOPQYKWCCJVp.lldh1URR8iflWtHjgZdHiFjUFPnpf5O', 3, 1, '2021-02-22 15:18:59.292+00', '2021-02-22 15:18:59.292+00'),
	(307, 'Quang Dương Dương', '$2a$08$FAwlxDqnJCOPQYKWCCJVp.lldh1URR8iflWtHjgZdHiFjUFPnpf5O', 3, 1, '2021-02-22 15:18:59.293+00', '2021-02-22 15:18:59.293+00'),
	(308, 'Bích Hậu Đỗ', '$2a$08$FAwlxDqnJCOPQYKWCCJVp.lldh1URR8iflWtHjgZdHiFjUFPnpf5O', 3, 1, '2021-02-22 15:18:59.294+00', '2021-02-22 15:18:59.294+00'),
	(309, 'Phước Nguyên Vương', '$2a$08$FAwlxDqnJCOPQYKWCCJVp.lldh1URR8iflWtHjgZdHiFjUFPnpf5O', 3, 1, '2021-02-22 15:18:59.295+00', '2021-02-22 15:18:59.295+00'),
	(310, 'Dr. Nguyên Bổng Dương', '$2a$08$FAwlxDqnJCOPQYKWCCJVp.lldh1URR8iflWtHjgZdHiFjUFPnpf5O', 3, 1, '2021-02-22 15:18:59.297+00', '2021-02-22 15:18:59.297+00'),
	(311, 'Thanh Nga Vũ', '$2a$08$FAwlxDqnJCOPQYKWCCJVp.lldh1URR8iflWtHjgZdHiFjUFPnpf5O', 3, 1, '2021-02-22 15:18:59.298+00', '2021-02-22 15:18:59.298+00'),
	(312, 'Quốc Thành Vương', '$2a$08$FAwlxDqnJCOPQYKWCCJVp.lldh1URR8iflWtHjgZdHiFjUFPnpf5O', 3, 1, '2021-02-22 15:18:59.299+00', '2021-02-22 15:18:59.299+00'),
	(313, 'Khánh Quỳnh Nguyễn', '$2a$08$FAwlxDqnJCOPQYKWCCJVp.lldh1URR8iflWtHjgZdHiFjUFPnpf5O', 3, 1, '2021-02-22 15:18:59.301+00', '2021-02-22 15:18:59.301+00'),
	(314, 'Ngọc Dũng Nguyễn', '$2a$08$FAwlxDqnJCOPQYKWCCJVp.lldh1URR8iflWtHjgZdHiFjUFPnpf5O', 3, 1, '2021-02-22 15:18:59.302+00', '2021-02-22 15:18:59.302+00'),
	(315, 'Tố Loan Đặng', '$2a$08$FAwlxDqnJCOPQYKWCCJVp.lldh1URR8iflWtHjgZdHiFjUFPnpf5O', 3, 1, '2021-02-22 15:18:59.303+00', '2021-02-22 15:18:59.303+00'),
	(316, 'Gia Kiệt Đinh', '$2a$08$FAwlxDqnJCOPQYKWCCJVp.lldh1URR8iflWtHjgZdHiFjUFPnpf5O', 3, 1, '2021-02-22 15:18:59.304+00', '2021-02-22 15:18:59.304+00'),
	(317, 'Thụy Du Trịnh', '$2a$08$FAwlxDqnJCOPQYKWCCJVp.lldh1URR8iflWtHjgZdHiFjUFPnpf5O', 3, 1, '2021-02-22 15:18:59.306+00', '2021-02-22 15:18:59.306+00'),
	(318, 'Ðức Nhân Trịnh', '$2a$08$FAwlxDqnJCOPQYKWCCJVp.lldh1URR8iflWtHjgZdHiFjUFPnpf5O', 3, 1, '2021-02-22 15:18:59.307+00', '2021-02-22 15:18:59.307+00'),
	(319, 'Mrs. Mai Tâm Mai', '$2a$08$FAwlxDqnJCOPQYKWCCJVp.lldh1URR8iflWtHjgZdHiFjUFPnpf5O', 3, 1, '2021-02-22 15:18:59.309+00', '2021-02-22 15:18:59.309+00'),
	(320, 'Thông Tuệ Phạm', '$2a$08$FAwlxDqnJCOPQYKWCCJVp.lldh1URR8iflWtHjgZdHiFjUFPnpf5O', 3, 1, '2021-02-22 15:18:59.31+00', '2021-02-22 15:18:59.31+00'),
	(321, 'Quốc Toản Đinh II', '$2a$08$FAwlxDqnJCOPQYKWCCJVp.lldh1URR8iflWtHjgZdHiFjUFPnpf5O', 3, 1, '2021-02-22 15:18:59.312+00', '2021-02-22 15:18:59.312+00'),
	(322, 'Quang Thịnh Ngô', '$2a$08$FAwlxDqnJCOPQYKWCCJVp.lldh1URR8iflWtHjgZdHiFjUFPnpf5O', 3, 1, '2021-02-22 15:18:59.313+00', '2021-02-22 15:18:59.313+00'),
	(323, 'Tuyết Hân Vũ V', '$2a$08$FAwlxDqnJCOPQYKWCCJVp.lldh1URR8iflWtHjgZdHiFjUFPnpf5O', 3, 1, '2021-02-22 15:18:59.315+00', '2021-02-22 15:18:59.315+00'),
	(324, 'Thy Khanh Đỗ', '$2a$08$FAwlxDqnJCOPQYKWCCJVp.lldh1URR8iflWtHjgZdHiFjUFPnpf5O', 3, 1, '2021-02-22 15:18:59.317+00', '2021-02-22 15:18:59.317+00'),
	(325, 'Diệu Nương Vương', '$2a$08$FAwlxDqnJCOPQYKWCCJVp.lldh1URR8iflWtHjgZdHiFjUFPnpf5O', 3, 1, '2021-02-22 15:18:59.318+00', '2021-02-22 15:18:59.318+00'),
	(326, 'Dr. Minh Thái Bùi', '$2a$08$FAwlxDqnJCOPQYKWCCJVp.lldh1URR8iflWtHjgZdHiFjUFPnpf5O', 3, 1, '2021-02-22 15:18:59.32+00', '2021-02-22 15:18:59.32+00'),
	(327, 'Thiện Luân Tô', '$2a$08$FAwlxDqnJCOPQYKWCCJVp.lldh1URR8iflWtHjgZdHiFjUFPnpf5O', 3, 1, '2021-02-22 15:18:59.321+00', '2021-02-22 15:18:59.321+00'),
	(328, 'Kim Thy Đinh', '$2a$08$FAwlxDqnJCOPQYKWCCJVp.lldh1URR8iflWtHjgZdHiFjUFPnpf5O', 3, 1, '2021-02-22 15:18:59.323+00', '2021-02-22 15:18:59.323+00'),
	(329, 'Dương Anh Phan', '$2a$08$FAwlxDqnJCOPQYKWCCJVp.lldh1URR8iflWtHjgZdHiFjUFPnpf5O', 3, 1, '2021-02-22 15:18:59.324+00', '2021-02-22 15:18:59.324+00'),
	(330, 'Uyên Trâm Lâm', '$2a$08$FAwlxDqnJCOPQYKWCCJVp.lldh1URR8iflWtHjgZdHiFjUFPnpf5O', 3, 1, '2021-02-22 15:18:59.325+00', '2021-02-22 15:18:59.325+00'),
	(331, 'Vân Linh Phan', '$2a$08$FAwlxDqnJCOPQYKWCCJVp.lldh1URR8iflWtHjgZdHiFjUFPnpf5O', 3, 1, '2021-02-22 15:18:59.327+00', '2021-02-22 15:18:59.327+00'),
	(332, 'Tuấn Khanh Trương', '$2a$08$FAwlxDqnJCOPQYKWCCJVp.lldh1URR8iflWtHjgZdHiFjUFPnpf5O', 3, 1, '2021-02-22 15:18:59.328+00', '2021-02-22 15:18:59.328+00'),
	(333, 'Minh Hiếu Tô', '$2a$08$FAwlxDqnJCOPQYKWCCJVp.lldh1URR8iflWtHjgZdHiFjUFPnpf5O', 3, 1, '2021-02-22 15:18:59.329+00', '2021-02-22 15:18:59.329+00'),
	(334, 'Duy Cẩn Bùi Sr.', '$2a$08$FAwlxDqnJCOPQYKWCCJVp.lldh1URR8iflWtHjgZdHiFjUFPnpf5O', 3, 1, '2021-02-22 15:18:59.33+00', '2021-02-22 15:18:59.33+00'),
	(335, 'Ngọc Hân Trịnh PhD', '$2a$08$FAwlxDqnJCOPQYKWCCJVp.lldh1URR8iflWtHjgZdHiFjUFPnpf5O', 3, 1, '2021-02-22 15:18:59.332+00', '2021-02-22 15:18:59.332+00'),
	(336, 'Lệ Nhi Lê', '$2a$08$FAwlxDqnJCOPQYKWCCJVp.lldh1URR8iflWtHjgZdHiFjUFPnpf5O', 3, 1, '2021-02-22 15:18:59.333+00', '2021-02-22 15:18:59.333+00'),
	(337, 'Minh Thu Đào', '$2a$08$FAwlxDqnJCOPQYKWCCJVp.lldh1URR8iflWtHjgZdHiFjUFPnpf5O', 3, 1, '2021-02-22 15:18:59.334+00', '2021-02-22 15:18:59.334+00'),
	(338, 'Thường Xuân Tô', '$2a$08$FAwlxDqnJCOPQYKWCCJVp.lldh1URR8iflWtHjgZdHiFjUFPnpf5O', 3, 1, '2021-02-22 15:18:59.336+00', '2021-02-22 15:18:59.336+00'),
	(339, 'Mrs. Ðức Toàn Lý', '$2a$08$FAwlxDqnJCOPQYKWCCJVp.lldh1URR8iflWtHjgZdHiFjUFPnpf5O', 3, 1, '2021-02-22 15:18:59.337+00', '2021-02-22 15:18:59.337+00'),
	(340, 'Kiến Văn Mai', '$2a$08$FAwlxDqnJCOPQYKWCCJVp.lldh1URR8iflWtHjgZdHiFjUFPnpf5O', 3, 1, '2021-02-22 15:18:59.338+00', '2021-02-22 15:18:59.338+00'),
	(341, 'Thảo Vân Trương DDS', '$2a$08$FAwlxDqnJCOPQYKWCCJVp.lldh1URR8iflWtHjgZdHiFjUFPnpf5O', 3, 1, '2021-02-22 15:18:59.34+00', '2021-02-22 15:18:59.34+00'),
	(342, 'Mr. Dũng Trí Phan', '$2a$08$FAwlxDqnJCOPQYKWCCJVp.lldh1URR8iflWtHjgZdHiFjUFPnpf5O', 3, 1, '2021-02-22 15:18:59.341+00', '2021-02-22 15:18:59.341+00'),
	(343, 'Dã Lan Phùng', '$2a$08$FAwlxDqnJCOPQYKWCCJVp.lldh1URR8iflWtHjgZdHiFjUFPnpf5O', 3, 1, '2021-02-22 15:18:59.342+00', '2021-02-22 15:18:59.342+00'),
	(344, 'Quang Huy Lâm', '$2a$08$FAwlxDqnJCOPQYKWCCJVp.lldh1URR8iflWtHjgZdHiFjUFPnpf5O', 3, 1, '2021-02-22 15:18:59.344+00', '2021-02-22 15:18:59.344+00'),
	(345, 'Nam Thanh Hồ', '$2a$08$FAwlxDqnJCOPQYKWCCJVp.lldh1URR8iflWtHjgZdHiFjUFPnpf5O', 3, 1, '2021-02-22 15:18:59.345+00', '2021-02-22 15:18:59.345+00'),
	(346, 'Như Ngà Trần', '$2a$08$FAwlxDqnJCOPQYKWCCJVp.lldh1URR8iflWtHjgZdHiFjUFPnpf5O', 3, 1, '2021-02-22 15:18:59.346+00', '2021-02-22 15:18:59.346+00'),
	(347, 'Thanh Hường Phùng', '$2a$08$FAwlxDqnJCOPQYKWCCJVp.lldh1URR8iflWtHjgZdHiFjUFPnpf5O', 3, 1, '2021-02-22 15:18:59.347+00', '2021-02-22 15:18:59.347+00'),
	(348, 'Phú Thời Hà III', '$2a$08$FAwlxDqnJCOPQYKWCCJVp.lldh1URR8iflWtHjgZdHiFjUFPnpf5O', 3, 1, '2021-02-22 15:18:59.349+00', '2021-02-22 15:18:59.349+00'),
	(349, 'Ðắc Lực Hồ', '$2a$08$FAwlxDqnJCOPQYKWCCJVp.lldh1URR8iflWtHjgZdHiFjUFPnpf5O', 3, 1, '2021-02-22 15:18:59.35+00', '2021-02-22 15:18:59.35+00'),
	(350, 'Khuyến Học Lý', '$2a$08$FAwlxDqnJCOPQYKWCCJVp.lldh1URR8iflWtHjgZdHiFjUFPnpf5O', 3, 1, '2021-02-22 15:18:59.352+00', '2021-02-22 15:18:59.352+00'),
	(351, 'Hoài Bắc Đào', '$2a$08$FAwlxDqnJCOPQYKWCCJVp.lldh1URR8iflWtHjgZdHiFjUFPnpf5O', 3, 1, '2021-02-22 15:18:59.353+00', '2021-02-22 15:18:59.353+00'),
	(352, 'Viết Tân Phạm', '$2a$08$FAwlxDqnJCOPQYKWCCJVp.lldh1URR8iflWtHjgZdHiFjUFPnpf5O', 3, 1, '2021-02-22 15:18:59.356+00', '2021-02-22 15:18:59.356+00'),
	(353, 'Ðông Nghi Ngô', '$2a$08$FAwlxDqnJCOPQYKWCCJVp.lldh1URR8iflWtHjgZdHiFjUFPnpf5O', 3, 1, '2021-02-22 15:18:59.357+00', '2021-02-22 15:18:59.357+00'),
	(354, 'Lệ Băng Dương', '$2a$08$FAwlxDqnJCOPQYKWCCJVp.lldh1URR8iflWtHjgZdHiFjUFPnpf5O', 3, 1, '2021-02-22 15:18:59.359+00', '2021-02-22 15:18:59.359+00'),
	(355, 'Tường Nguyên Đỗ V', '$2a$08$FAwlxDqnJCOPQYKWCCJVp.lldh1URR8iflWtHjgZdHiFjUFPnpf5O', 3, 1, '2021-02-22 15:18:59.36+00', '2021-02-22 15:18:59.36+00'),
	(356, 'Thu Giang Tô', '$2a$08$FAwlxDqnJCOPQYKWCCJVp.lldh1URR8iflWtHjgZdHiFjUFPnpf5O', 3, 1, '2021-02-22 15:18:59.362+00', '2021-02-22 15:18:59.362+00'),
	(357, 'Nhật Huy Phùng', '$2a$08$FAwlxDqnJCOPQYKWCCJVp.lldh1URR8iflWtHjgZdHiFjUFPnpf5O', 3, 1, '2021-02-22 15:18:59.363+00', '2021-02-22 15:18:59.363+00'),
	(358, 'Phước Sơn Vũ', '$2a$08$FAwlxDqnJCOPQYKWCCJVp.lldh1URR8iflWtHjgZdHiFjUFPnpf5O', 3, 1, '2021-02-22 15:18:59.365+00', '2021-02-22 15:18:59.365+00'),
	(359, 'Lệ Khanh Lý MD', '$2a$08$FAwlxDqnJCOPQYKWCCJVp.lldh1URR8iflWtHjgZdHiFjUFPnpf5O', 3, 1, '2021-02-22 15:18:59.366+00', '2021-02-22 15:18:59.366+00'),
	(360, 'Phương Liên Bùi III', '$2a$08$FAwlxDqnJCOPQYKWCCJVp.lldh1URR8iflWtHjgZdHiFjUFPnpf5O', 3, 1, '2021-02-22 15:18:59.367+00', '2021-02-22 15:18:59.367+00'),
	(361, 'Minh Hỷ Đào', '$2a$08$FAwlxDqnJCOPQYKWCCJVp.lldh1URR8iflWtHjgZdHiFjUFPnpf5O', 3, 1, '2021-02-22 15:18:59.369+00', '2021-02-22 15:18:59.369+00'),
	(362, 'Khánh Giang Dương', '$2a$08$FAwlxDqnJCOPQYKWCCJVp.lldh1URR8iflWtHjgZdHiFjUFPnpf5O', 3, 1, '2021-02-22 15:18:59.37+00', '2021-02-22 15:18:59.37+00'),
	(363, 'Hoàng Thái Lâm', '$2a$08$FAwlxDqnJCOPQYKWCCJVp.lldh1URR8iflWtHjgZdHiFjUFPnpf5O', 3, 1, '2021-02-22 15:18:59.371+00', '2021-02-22 15:18:59.371+00'),
	(364, 'Phương Chi Phan', '$2a$08$FAwlxDqnJCOPQYKWCCJVp.lldh1URR8iflWtHjgZdHiFjUFPnpf5O', 3, 1, '2021-02-22 15:18:59.373+00', '2021-02-22 15:18:59.373+00'),
	(365, 'Mỹ Huyền Tô', '$2a$08$FAwlxDqnJCOPQYKWCCJVp.lldh1URR8iflWtHjgZdHiFjUFPnpf5O', 3, 1, '2021-02-22 15:18:59.374+00', '2021-02-22 15:18:59.374+00'),
	(366, 'Tuyết Loan Phùng', '$2a$08$FAwlxDqnJCOPQYKWCCJVp.lldh1URR8iflWtHjgZdHiFjUFPnpf5O', 3, 1, '2021-02-22 15:18:59.375+00', '2021-02-22 15:18:59.375+00'),
	(367, 'Mr. Ðức Tâm Lê', '$2a$08$FAwlxDqnJCOPQYKWCCJVp.lldh1URR8iflWtHjgZdHiFjUFPnpf5O', 3, 1, '2021-02-22 15:18:59.377+00', '2021-02-22 15:18:59.377+00'),
	(368, 'Quốc Hoài Đào', '$2a$08$FAwlxDqnJCOPQYKWCCJVp.lldh1URR8iflWtHjgZdHiFjUFPnpf5O', 3, 1, '2021-02-22 15:18:59.378+00', '2021-02-22 15:18:59.378+00'),
	(369, 'Hán Lâm Tô', '$2a$08$FAwlxDqnJCOPQYKWCCJVp.lldh1URR8iflWtHjgZdHiFjUFPnpf5O', 3, 1, '2021-02-22 15:18:59.38+00', '2021-02-22 15:18:59.38+00'),
	(370, 'Thiên Thêu Đinh', '$2a$08$FAwlxDqnJCOPQYKWCCJVp.lldh1URR8iflWtHjgZdHiFjUFPnpf5O', 3, 1, '2021-02-22 15:18:59.381+00', '2021-02-22 15:18:59.381+00'),
	(371, 'Bình Ðạt Hà', '$2a$08$FAwlxDqnJCOPQYKWCCJVp.lldh1URR8iflWtHjgZdHiFjUFPnpf5O', 3, 1, '2021-02-22 15:18:59.382+00', '2021-02-22 15:18:59.382+00'),
	(372, 'Vinh Diệu Tăng', '$2a$08$FAwlxDqnJCOPQYKWCCJVp.lldh1URR8iflWtHjgZdHiFjUFPnpf5O', 3, 1, '2021-02-22 15:18:59.383+00', '2021-02-22 15:18:59.383+00'),
	(373, 'Mạnh Trường Mai', '$2a$08$FAwlxDqnJCOPQYKWCCJVp.lldh1URR8iflWtHjgZdHiFjUFPnpf5O', 3, 1, '2021-02-22 15:18:59.385+00', '2021-02-22 15:18:59.385+00'),
	(374, 'Khắc Công Đoàn', '$2a$08$FAwlxDqnJCOPQYKWCCJVp.lldh1URR8iflWtHjgZdHiFjUFPnpf5O', 3, 1, '2021-02-22 15:18:59.386+00', '2021-02-22 15:18:59.386+00'),
	(375, 'Thái Thảo Đinh', '$2a$08$FAwlxDqnJCOPQYKWCCJVp.lldh1URR8iflWtHjgZdHiFjUFPnpf5O', 3, 1, '2021-02-22 15:18:59.387+00', '2021-02-22 15:18:59.387+00'),
	(376, 'Thu Thuận Đặng', '$2a$08$FAwlxDqnJCOPQYKWCCJVp.lldh1URR8iflWtHjgZdHiFjUFPnpf5O', 3, 1, '2021-02-22 15:18:59.389+00', '2021-02-22 15:18:59.389+00'),
	(377, 'Thế Tường Trương', '$2a$08$FAwlxDqnJCOPQYKWCCJVp.lldh1URR8iflWtHjgZdHiFjUFPnpf5O', 3, 1, '2021-02-22 15:18:59.39+00', '2021-02-22 15:18:59.39+00'),
	(378, 'Linh Chi Ngô', '$2a$08$FAwlxDqnJCOPQYKWCCJVp.lldh1URR8iflWtHjgZdHiFjUFPnpf5O', 3, 1, '2021-02-22 15:18:59.391+00', '2021-02-22 15:18:59.391+00'),
	(379, 'Ms. Thư Lâm Trịnh', '$2a$08$FAwlxDqnJCOPQYKWCCJVp.lldh1URR8iflWtHjgZdHiFjUFPnpf5O', 3, 1, '2021-02-22 15:18:59.394+00', '2021-02-22 15:18:59.394+00'),
	(380, 'Hoàng Hải Lê', '$2a$08$FAwlxDqnJCOPQYKWCCJVp.lldh1URR8iflWtHjgZdHiFjUFPnpf5O', 3, 1, '2021-02-22 15:18:59.395+00', '2021-02-22 15:18:59.395+00'),
	(381, 'Phương Trạch Lâm', '$2a$08$FAwlxDqnJCOPQYKWCCJVp.lldh1URR8iflWtHjgZdHiFjUFPnpf5O', 3, 1, '2021-02-22 15:18:59.396+00', '2021-02-22 15:18:59.396+00'),
	(382, 'Tuấn Hoàng Trần', '$2a$08$FAwlxDqnJCOPQYKWCCJVp.lldh1URR8iflWtHjgZdHiFjUFPnpf5O', 3, 1, '2021-02-22 15:18:59.398+00', '2021-02-22 15:18:59.398+00'),
	(383, 'Hồng Thúy Nguyễn V', '$2a$08$FAwlxDqnJCOPQYKWCCJVp.lldh1URR8iflWtHjgZdHiFjUFPnpf5O', 3, 1, '2021-02-22 15:18:59.399+00', '2021-02-22 15:18:59.399+00'),
	(384, 'Thiên Tuyền Bùi', '$2a$08$FAwlxDqnJCOPQYKWCCJVp.lldh1URR8iflWtHjgZdHiFjUFPnpf5O', 3, 1, '2021-02-22 15:18:59.4+00', '2021-02-22 15:18:59.4+00'),
	(385, 'Trúc Lan Vương', '$2a$08$FAwlxDqnJCOPQYKWCCJVp.lldh1URR8iflWtHjgZdHiFjUFPnpf5O', 3, 1, '2021-02-22 15:18:59.402+00', '2021-02-22 15:18:59.402+00'),
	(386, 'Thụy Lâm Đinh', '$2a$08$FAwlxDqnJCOPQYKWCCJVp.lldh1URR8iflWtHjgZdHiFjUFPnpf5O', 3, 1, '2021-02-22 15:18:59.403+00', '2021-02-22 15:18:59.403+00'),
	(387, 'Thu Thảo Trương', '$2a$08$FAwlxDqnJCOPQYKWCCJVp.lldh1URR8iflWtHjgZdHiFjUFPnpf5O', 3, 1, '2021-02-22 15:18:59.404+00', '2021-02-22 15:18:59.404+00'),
	(388, 'Thế Lực Trịnh', '$2a$08$FAwlxDqnJCOPQYKWCCJVp.lldh1URR8iflWtHjgZdHiFjUFPnpf5O', 3, 1, '2021-02-22 15:18:59.406+00', '2021-02-22 15:18:59.406+00'),
	(389, 'Việt Tuyết Trần', '$2a$08$FAwlxDqnJCOPQYKWCCJVp.lldh1URR8iflWtHjgZdHiFjUFPnpf5O', 3, 1, '2021-02-22 15:18:59.407+00', '2021-02-22 15:18:59.407+00'),
	(390, 'Tú Nguyệt Đỗ', '$2a$08$FAwlxDqnJCOPQYKWCCJVp.lldh1URR8iflWtHjgZdHiFjUFPnpf5O', 3, 1, '2021-02-22 15:18:59.408+00', '2021-02-22 15:18:59.408+00'),
	(391, 'Diệu Ngọc Vũ V', '$2a$08$FAwlxDqnJCOPQYKWCCJVp.lldh1URR8iflWtHjgZdHiFjUFPnpf5O', 3, 1, '2021-02-22 15:18:59.41+00', '2021-02-22 15:18:59.41+00'),
	(392, 'Thu Hà Mai', '$2a$08$FAwlxDqnJCOPQYKWCCJVp.lldh1URR8iflWtHjgZdHiFjUFPnpf5O', 3, 1, '2021-02-22 15:18:59.412+00', '2021-02-22 15:18:59.412+00'),
	(393, 'Nhã Khanh Dương', '$2a$08$FAwlxDqnJCOPQYKWCCJVp.lldh1URR8iflWtHjgZdHiFjUFPnpf5O', 3, 1, '2021-02-22 15:18:59.413+00', '2021-02-22 15:18:59.413+00'),
	(394, 'Trường Vinh Đặng', '$2a$08$FAwlxDqnJCOPQYKWCCJVp.lldh1URR8iflWtHjgZdHiFjUFPnpf5O', 3, 1, '2021-02-22 15:18:59.415+00', '2021-02-22 15:18:59.415+00'),
	(395, 'Cao Kỳ Ngô', '$2a$08$FAwlxDqnJCOPQYKWCCJVp.lldh1URR8iflWtHjgZdHiFjUFPnpf5O', 3, 1, '2021-02-22 15:18:59.416+00', '2021-02-22 15:18:59.416+00'),
	(396, 'Vinh Diệu Phan', '$2a$08$FAwlxDqnJCOPQYKWCCJVp.lldh1URR8iflWtHjgZdHiFjUFPnpf5O', 3, 1, '2021-02-22 15:18:59.417+00', '2021-02-22 15:18:59.417+00'),
	(397, 'Trung Anh Phạm', '$2a$08$FAwlxDqnJCOPQYKWCCJVp.lldh1URR8iflWtHjgZdHiFjUFPnpf5O', 3, 1, '2021-02-22 15:18:59.419+00', '2021-02-22 15:18:59.419+00'),
	(398, 'Thụy Nương Lâm', '$2a$08$FAwlxDqnJCOPQYKWCCJVp.lldh1URR8iflWtHjgZdHiFjUFPnpf5O', 3, 1, '2021-02-22 15:18:59.42+00', '2021-02-22 15:18:59.42+00'),
	(399, 'Tuyết Vân Dương', '$2a$08$FAwlxDqnJCOPQYKWCCJVp.lldh1URR8iflWtHjgZdHiFjUFPnpf5O', 3, 1, '2021-02-22 15:18:59.421+00', '2021-02-22 15:18:59.421+00'),
	(400, 'Song Kê Ngô Sr.', '$2a$08$FAwlxDqnJCOPQYKWCCJVp.lldh1URR8iflWtHjgZdHiFjUFPnpf5O', 3, 1, '2021-02-22 15:18:59.423+00', '2021-02-22 15:18:59.423+00'),
	(401, 'Duyên Hồng Trương', '$2a$08$FAwlxDqnJCOPQYKWCCJVp.lldh1URR8iflWtHjgZdHiFjUFPnpf5O', 3, 1, '2021-02-22 15:18:59.424+00', '2021-02-22 15:18:59.424+00'),
	(402, 'Thiên Lan Vũ', '$2a$08$FAwlxDqnJCOPQYKWCCJVp.lldh1URR8iflWtHjgZdHiFjUFPnpf5O', 3, 1, '2021-02-22 15:18:59.426+00', '2021-02-22 15:18:59.426+00'),
	(403, 'Ms. Cao Sỹ Mai', '$2a$08$FAwlxDqnJCOPQYKWCCJVp.lldh1URR8iflWtHjgZdHiFjUFPnpf5O', 3, 1, '2021-02-22 15:18:59.427+00', '2021-02-22 15:18:59.427+00'),
	(404, 'Thượng Nghị Phan', '$2a$08$FAwlxDqnJCOPQYKWCCJVp.lldh1URR8iflWtHjgZdHiFjUFPnpf5O', 3, 1, '2021-02-22 15:18:59.428+00', '2021-02-22 15:18:59.428+00'),
	(405, 'Thu Hồng Phan', '$2a$08$FAwlxDqnJCOPQYKWCCJVp.lldh1URR8iflWtHjgZdHiFjUFPnpf5O', 3, 1, '2021-02-22 15:18:59.43+00', '2021-02-22 15:18:59.43+00'),
	(406, 'Anh Phương Hà', '$2a$08$FAwlxDqnJCOPQYKWCCJVp.lldh1URR8iflWtHjgZdHiFjUFPnpf5O', 3, 1, '2021-02-22 15:18:59.431+00', '2021-02-22 15:18:59.431+00'),
	(407, 'Huy Khiêm Lâm', '$2a$08$FAwlxDqnJCOPQYKWCCJVp.lldh1URR8iflWtHjgZdHiFjUFPnpf5O', 3, 1, '2021-02-22 15:18:59.433+00', '2021-02-22 15:18:59.433+00'),
	(408, 'Dr. Danh Văn Đinh', '$2a$08$FAwlxDqnJCOPQYKWCCJVp.lldh1URR8iflWtHjgZdHiFjUFPnpf5O', 3, 1, '2021-02-22 15:18:59.434+00', '2021-02-22 15:18:59.434+00'),
	(409, 'Xuân Trung Dương I', '$2a$08$FAwlxDqnJCOPQYKWCCJVp.lldh1URR8iflWtHjgZdHiFjUFPnpf5O', 3, 1, '2021-02-22 15:18:59.436+00', '2021-02-22 15:18:59.436+00'),
	(410, 'Quang Minh Đào', '$2a$08$FAwlxDqnJCOPQYKWCCJVp.lldh1URR8iflWtHjgZdHiFjUFPnpf5O', 3, 1, '2021-02-22 15:18:59.437+00', '2021-02-22 15:18:59.437+00'),
	(411, 'Diệu Thiện Hà', '$2a$08$FAwlxDqnJCOPQYKWCCJVp.lldh1URR8iflWtHjgZdHiFjUFPnpf5O', 3, 1, '2021-02-22 15:18:59.438+00', '2021-02-22 15:18:59.438+00'),
	(412, 'Đoan Trang Đặng', '$2a$08$FAwlxDqnJCOPQYKWCCJVp.lldh1URR8iflWtHjgZdHiFjUFPnpf5O', 3, 1, '2021-02-22 15:18:59.44+00', '2021-02-22 15:18:59.44+00'),
	(413, 'Tùng Lâm Dương', '$2a$08$FAwlxDqnJCOPQYKWCCJVp.lldh1URR8iflWtHjgZdHiFjUFPnpf5O', 3, 1, '2021-02-22 15:18:59.441+00', '2021-02-22 15:18:59.441+00'),
	(414, 'Việt Hùng Nguyễn', '$2a$08$FAwlxDqnJCOPQYKWCCJVp.lldh1URR8iflWtHjgZdHiFjUFPnpf5O', 3, 1, '2021-02-22 15:18:59.442+00', '2021-02-22 15:18:59.442+00'),
	(415, 'Yến Trâm Nguyễn', '$2a$08$FAwlxDqnJCOPQYKWCCJVp.lldh1URR8iflWtHjgZdHiFjUFPnpf5O', 3, 1, '2021-02-22 15:18:59.444+00', '2021-02-22 15:18:59.444+00'),
	(416, 'Ms. Thanh Hạnh Vương', '$2a$08$FAwlxDqnJCOPQYKWCCJVp.lldh1URR8iflWtHjgZdHiFjUFPnpf5O', 3, 1, '2021-02-22 15:18:59.446+00', '2021-02-22 15:18:59.446+00'),
	(417, 'Hùng Sơn Lê', '$2a$08$FAwlxDqnJCOPQYKWCCJVp.lldh1URR8iflWtHjgZdHiFjUFPnpf5O', 3, 1, '2021-02-22 15:18:59.447+00', '2021-02-22 15:18:59.447+00'),
	(418, 'Mai Liên Bùi', '$2a$08$FAwlxDqnJCOPQYKWCCJVp.lldh1URR8iflWtHjgZdHiFjUFPnpf5O', 3, 1, '2021-02-22 15:18:59.449+00', '2021-02-22 15:18:59.449+00'),
	(419, 'Bình Hòa Trịnh', '$2a$08$FAwlxDqnJCOPQYKWCCJVp.lldh1URR8iflWtHjgZdHiFjUFPnpf5O', 3, 1, '2021-02-22 15:18:59.45+00', '2021-02-22 15:18:59.45+00'),
	(420, 'Mai Khanh Bùi', '$2a$08$FAwlxDqnJCOPQYKWCCJVp.lldh1URR8iflWtHjgZdHiFjUFPnpf5O', 3, 1, '2021-02-22 15:18:59.452+00', '2021-02-22 15:18:59.452+00'),
	(421, 'Cao Thọ Lý', '$2a$08$FAwlxDqnJCOPQYKWCCJVp.lldh1URR8iflWtHjgZdHiFjUFPnpf5O', 3, 1, '2021-02-22 15:18:59.453+00', '2021-02-22 15:18:59.453+00'),
	(422, 'Chí Thành Vương I', '$2a$08$FAwlxDqnJCOPQYKWCCJVp.lldh1URR8iflWtHjgZdHiFjUFPnpf5O', 3, 1, '2021-02-22 15:18:59.454+00', '2021-02-22 15:18:59.454+00'),
	(423, 'Chí Hiếu Mai', '$2a$08$FAwlxDqnJCOPQYKWCCJVp.lldh1URR8iflWtHjgZdHiFjUFPnpf5O', 3, 1, '2021-02-22 15:18:59.455+00', '2021-02-22 15:18:59.455+00'),
	(424, 'Mai Thu Nguyễn', '$2a$08$FAwlxDqnJCOPQYKWCCJVp.lldh1URR8iflWtHjgZdHiFjUFPnpf5O', 3, 1, '2021-02-22 15:18:59.457+00', '2021-02-22 15:18:59.457+00'),
	(425, 'Miss Diên Vỹ Lâm', '$2a$08$FAwlxDqnJCOPQYKWCCJVp.lldh1URR8iflWtHjgZdHiFjUFPnpf5O', 3, 1, '2021-02-22 15:18:59.458+00', '2021-02-22 15:18:59.458+00'),
	(426, 'Thuận Phương Bùi', '$2a$08$FAwlxDqnJCOPQYKWCCJVp.lldh1URR8iflWtHjgZdHiFjUFPnpf5O', 3, 1, '2021-02-22 15:18:59.46+00', '2021-02-22 15:18:59.46+00'),
	(427, 'Dr. Khắc Kỷ Dương', '$2a$08$FAwlxDqnJCOPQYKWCCJVp.lldh1URR8iflWtHjgZdHiFjUFPnpf5O', 3, 1, '2021-02-22 15:18:59.461+00', '2021-02-22 15:18:59.461+00'),
	(428, 'Uyển Như Đoàn', '$2a$08$FAwlxDqnJCOPQYKWCCJVp.lldh1URR8iflWtHjgZdHiFjUFPnpf5O', 3, 1, '2021-02-22 15:18:59.463+00', '2021-02-22 15:18:59.463+00'),
	(429, 'Diễm Quỳnh Hồ', '$2a$08$FAwlxDqnJCOPQYKWCCJVp.lldh1URR8iflWtHjgZdHiFjUFPnpf5O', 3, 1, '2021-02-22 15:18:59.464+00', '2021-02-22 15:18:59.464+00'),
	(430, 'Ms. Kiều Hạnh Bùi', '$2a$08$FAwlxDqnJCOPQYKWCCJVp.lldh1URR8iflWtHjgZdHiFjUFPnpf5O', 3, 1, '2021-02-22 15:18:59.465+00', '2021-02-22 15:18:59.465+00'),
	(431, 'Việt Dương Hoàng DDS', '$2a$08$FAwlxDqnJCOPQYKWCCJVp.lldh1URR8iflWtHjgZdHiFjUFPnpf5O', 3, 1, '2021-02-22 15:18:59.467+00', '2021-02-22 15:18:59.467+00'),
	(432, 'Thanh Phương Phạm V', '$2a$08$FAwlxDqnJCOPQYKWCCJVp.lldh1URR8iflWtHjgZdHiFjUFPnpf5O', 3, 1, '2021-02-22 15:18:59.468+00', '2021-02-22 15:18:59.468+00'),
	(433, 'Ms. Tú Uyên Đào', '$2a$08$FAwlxDqnJCOPQYKWCCJVp.lldh1URR8iflWtHjgZdHiFjUFPnpf5O', 3, 1, '2021-02-22 15:18:59.47+00', '2021-02-22 15:18:59.47+00'),
	(434, 'Duy Tiếp Đinh', '$2a$08$FAwlxDqnJCOPQYKWCCJVp.lldh1URR8iflWtHjgZdHiFjUFPnpf5O', 3, 1, '2021-02-22 15:18:59.471+00', '2021-02-22 15:18:59.471+00'),
	(435, 'Quỳnh Như Bùi', '$2a$08$FAwlxDqnJCOPQYKWCCJVp.lldh1URR8iflWtHjgZdHiFjUFPnpf5O', 3, 1, '2021-02-22 15:18:59.473+00', '2021-02-22 15:18:59.473+00'),
	(436, 'Hữu Canh Mai', '$2a$08$FAwlxDqnJCOPQYKWCCJVp.lldh1URR8iflWtHjgZdHiFjUFPnpf5O', 3, 1, '2021-02-22 15:18:59.474+00', '2021-02-22 15:18:59.474+00'),
	(437, 'Thành Sang Ngô', '$2a$08$FAwlxDqnJCOPQYKWCCJVp.lldh1URR8iflWtHjgZdHiFjUFPnpf5O', 3, 1, '2021-02-22 15:18:59.475+00', '2021-02-22 15:18:59.475+00'),
	(438, 'Công Thành Phan Jr.', '$2a$08$FAwlxDqnJCOPQYKWCCJVp.lldh1URR8iflWtHjgZdHiFjUFPnpf5O', 3, 1, '2021-02-22 15:18:59.477+00', '2021-02-22 15:18:59.477+00'),
	(439, 'Ngọc Huyền Trần', '$2a$08$FAwlxDqnJCOPQYKWCCJVp.lldh1URR8iflWtHjgZdHiFjUFPnpf5O', 3, 1, '2021-02-22 15:18:59.478+00', '2021-02-22 15:18:59.478+00'),
	(440, 'Phương Trâm Lê', '$2a$08$FAwlxDqnJCOPQYKWCCJVp.lldh1URR8iflWtHjgZdHiFjUFPnpf5O', 3, 1, '2021-02-22 15:18:59.48+00', '2021-02-22 15:18:59.48+00'),
	(441, 'Hiền Mai Phan', '$2a$08$FAwlxDqnJCOPQYKWCCJVp.lldh1URR8iflWtHjgZdHiFjUFPnpf5O', 3, 1, '2021-02-22 15:18:59.481+00', '2021-02-22 15:18:59.481+00'),
	(442, 'Lương Tài Đỗ', '$2a$08$FAwlxDqnJCOPQYKWCCJVp.lldh1URR8iflWtHjgZdHiFjUFPnpf5O', 3, 1, '2021-02-22 15:18:59.482+00', '2021-02-22 15:18:59.482+00'),
	(443, 'Chí Thanh Đào', '$2a$08$FAwlxDqnJCOPQYKWCCJVp.lldh1URR8iflWtHjgZdHiFjUFPnpf5O', 3, 1, '2021-02-22 15:18:59.484+00', '2021-02-22 15:18:59.484+00'),
	(444, 'Thiện Khiêm Vũ', '$2a$08$FAwlxDqnJCOPQYKWCCJVp.lldh1URR8iflWtHjgZdHiFjUFPnpf5O', 3, 1, '2021-02-22 15:18:59.485+00', '2021-02-22 15:18:59.485+00'),
	(445, 'Nguyệt Lan Lý', '$2a$08$FAwlxDqnJCOPQYKWCCJVp.lldh1URR8iflWtHjgZdHiFjUFPnpf5O', 3, 1, '2021-02-22 15:18:59.487+00', '2021-02-22 15:18:59.487+00'),
	(446, 'Ms. Ngọc Khôi Đinh', '$2a$08$FAwlxDqnJCOPQYKWCCJVp.lldh1URR8iflWtHjgZdHiFjUFPnpf5O', 3, 1, '2021-02-22 15:18:59.488+00', '2021-02-22 15:18:59.488+00'),
	(447, 'Ms. Vạn Lý Ngô', '$2a$08$FAwlxDqnJCOPQYKWCCJVp.lldh1URR8iflWtHjgZdHiFjUFPnpf5O', 3, 1, '2021-02-22 15:18:59.49+00', '2021-02-22 15:18:59.49+00'),
	(448, 'Mr. Thượng Thuật Dương', '$2a$08$FAwlxDqnJCOPQYKWCCJVp.lldh1URR8iflWtHjgZdHiFjUFPnpf5O', 3, 1, '2021-02-22 15:18:59.492+00', '2021-02-22 15:18:59.492+00'),
	(449, 'Hải Sơn Lý', '$2a$08$FAwlxDqnJCOPQYKWCCJVp.lldh1URR8iflWtHjgZdHiFjUFPnpf5O', 3, 1, '2021-02-22 15:18:59.493+00', '2021-02-22 15:18:59.493+00'),
	(450, 'Ðoan Thanh Vương', '$2a$08$FAwlxDqnJCOPQYKWCCJVp.lldh1URR8iflWtHjgZdHiFjUFPnpf5O', 3, 1, '2021-02-22 15:18:59.495+00', '2021-02-22 15:18:59.495+00'),
	(451, 'Việt Nhân Đinh', '$2a$08$FAwlxDqnJCOPQYKWCCJVp.lldh1URR8iflWtHjgZdHiFjUFPnpf5O', 3, 1, '2021-02-22 15:18:59.496+00', '2021-02-22 15:18:59.496+00'),
	(452, 'Phương Loan Đỗ', '$2a$08$FAwlxDqnJCOPQYKWCCJVp.lldh1URR8iflWtHjgZdHiFjUFPnpf5O', 3, 1, '2021-02-22 15:18:59.497+00', '2021-02-22 15:18:59.497+00'),
	(453, 'Khánh Ngọc Lâm', '$2a$08$FAwlxDqnJCOPQYKWCCJVp.lldh1URR8iflWtHjgZdHiFjUFPnpf5O', 3, 1, '2021-02-22 15:18:59.499+00', '2021-02-22 15:18:59.499+00'),
	(454, 'Bích Hải Phạm', '$2a$08$FAwlxDqnJCOPQYKWCCJVp.lldh1URR8iflWtHjgZdHiFjUFPnpf5O', 3, 1, '2021-02-22 15:18:59.5+00', '2021-02-22 15:18:59.5+00'),
	(455, 'Bạch Liên Đinh', '$2a$08$FAwlxDqnJCOPQYKWCCJVp.lldh1URR8iflWtHjgZdHiFjUFPnpf5O', 3, 1, '2021-02-22 15:18:59.502+00', '2021-02-22 15:18:59.502+00'),
	(456, 'Mỹ Hiệp Dương DVM', '$2a$08$FAwlxDqnJCOPQYKWCCJVp.lldh1URR8iflWtHjgZdHiFjUFPnpf5O', 3, 1, '2021-02-22 15:18:59.503+00', '2021-02-22 15:18:59.503+00'),
	(457, 'Diễm Thảo Trịnh', '$2a$08$FAwlxDqnJCOPQYKWCCJVp.lldh1URR8iflWtHjgZdHiFjUFPnpf5O', 3, 1, '2021-02-22 15:18:59.505+00', '2021-02-22 15:18:59.505+00'),
	(458, 'Uyên Minh Lâm', '$2a$08$FAwlxDqnJCOPQYKWCCJVp.lldh1URR8iflWtHjgZdHiFjUFPnpf5O', 3, 1, '2021-02-22 15:18:59.506+00', '2021-02-22 15:18:59.506+00'),
	(459, 'Minh Khiếu Vương V', '$2a$08$FAwlxDqnJCOPQYKWCCJVp.lldh1URR8iflWtHjgZdHiFjUFPnpf5O', 3, 1, '2021-02-22 15:18:59.507+00', '2021-02-22 15:18:59.507+00'),
	(460, 'Mr. Tuyết Nhi Lý', '$2a$08$FAwlxDqnJCOPQYKWCCJVp.lldh1URR8iflWtHjgZdHiFjUFPnpf5O', 3, 1, '2021-02-22 15:18:59.509+00', '2021-02-22 15:18:59.509+00'),
	(461, 'Phúc Hưng Dương', '$2a$08$FAwlxDqnJCOPQYKWCCJVp.lldh1URR8iflWtHjgZdHiFjUFPnpf5O', 3, 1, '2021-02-22 15:18:59.51+00', '2021-02-22 15:18:59.51+00'),
	(462, 'Dr. Nam Sơn Trần', '$2a$08$FAwlxDqnJCOPQYKWCCJVp.lldh1URR8iflWtHjgZdHiFjUFPnpf5O', 3, 1, '2021-02-22 15:18:59.512+00', '2021-02-22 15:18:59.512+00'),
	(463, 'Mỹ Ngọc Đỗ', '$2a$08$FAwlxDqnJCOPQYKWCCJVp.lldh1URR8iflWtHjgZdHiFjUFPnpf5O', 3, 1, '2021-02-22 15:18:59.514+00', '2021-02-22 15:18:59.514+00'),
	(464, 'Quốc Quý Hồ', '$2a$08$FAwlxDqnJCOPQYKWCCJVp.lldh1URR8iflWtHjgZdHiFjUFPnpf5O', 3, 1, '2021-02-22 15:18:59.515+00', '2021-02-22 15:18:59.515+00'),
	(465, 'Khánh Giang Đinh', '$2a$08$FAwlxDqnJCOPQYKWCCJVp.lldh1URR8iflWtHjgZdHiFjUFPnpf5O', 3, 1, '2021-02-22 15:18:59.516+00', '2021-02-22 15:18:59.516+00'),
	(466, 'Huy Thành Tăng', '$2a$08$FAwlxDqnJCOPQYKWCCJVp.lldh1URR8iflWtHjgZdHiFjUFPnpf5O', 3, 1, '2021-02-22 15:18:59.518+00', '2021-02-22 15:18:59.518+00'),
	(467, 'Quốc Thắng Bùi', '$2a$08$FAwlxDqnJCOPQYKWCCJVp.lldh1URR8iflWtHjgZdHiFjUFPnpf5O', 3, 1, '2021-02-22 15:18:59.519+00', '2021-02-22 15:18:59.519+00'),
	(468, 'Thanh Nhung Dương', '$2a$08$FAwlxDqnJCOPQYKWCCJVp.lldh1URR8iflWtHjgZdHiFjUFPnpf5O', 3, 1, '2021-02-22 15:18:59.521+00', '2021-02-22 15:18:59.521+00'),
	(469, 'Ngọc Huyền Hà', '$2a$08$FAwlxDqnJCOPQYKWCCJVp.lldh1URR8iflWtHjgZdHiFjUFPnpf5O', 3, 1, '2021-02-22 15:18:59.522+00', '2021-02-22 15:18:59.522+00'),
	(470, 'Ðình Ngân Hồ', '$2a$08$FAwlxDqnJCOPQYKWCCJVp.lldh1URR8iflWtHjgZdHiFjUFPnpf5O', 3, 1, '2021-02-22 15:18:59.524+00', '2021-02-22 15:18:59.524+00'),
	(471, 'Hoàng Lâm Đoàn I', '$2a$08$FAwlxDqnJCOPQYKWCCJVp.lldh1URR8iflWtHjgZdHiFjUFPnpf5O', 3, 1, '2021-02-22 15:18:59.526+00', '2021-02-22 15:18:59.526+00'),
	(472, 'Huy Khánh Vương', '$2a$08$FAwlxDqnJCOPQYKWCCJVp.lldh1URR8iflWtHjgZdHiFjUFPnpf5O', 3, 1, '2021-02-22 15:18:59.528+00', '2021-02-22 15:18:59.528+00'),
	(473, 'Thúy Liễu Vũ', '$2a$08$FAwlxDqnJCOPQYKWCCJVp.lldh1URR8iflWtHjgZdHiFjUFPnpf5O', 3, 1, '2021-02-22 15:18:59.529+00', '2021-02-22 15:18:59.529+00'),
	(474, 'Mr. Hoài Vỹ Trương', '$2a$08$FAwlxDqnJCOPQYKWCCJVp.lldh1URR8iflWtHjgZdHiFjUFPnpf5O', 3, 1, '2021-02-22 15:18:59.531+00', '2021-02-22 15:18:59.531+00'),
	(475, 'Trọng Tường Tô', '$2a$08$FAwlxDqnJCOPQYKWCCJVp.lldh1URR8iflWtHjgZdHiFjUFPnpf5O', 3, 1, '2021-02-22 15:18:59.532+00', '2021-02-22 15:18:59.532+00'),
	(476, 'Tố Loan Đinh', '$2a$08$FAwlxDqnJCOPQYKWCCJVp.lldh1URR8iflWtHjgZdHiFjUFPnpf5O', 3, 1, '2021-02-22 15:18:59.633+00', '2021-02-22 15:18:59.633+00'),
	(477, 'Ðông Tuyền Vương', '$2a$08$FAwlxDqnJCOPQYKWCCJVp.lldh1URR8iflWtHjgZdHiFjUFPnpf5O', 3, 1, '2021-02-22 15:18:59.826+00', '2021-02-22 15:18:59.826+00'),
	(478, 'Minh Thắng Đinh', '$2a$08$FAwlxDqnJCOPQYKWCCJVp.lldh1URR8iflWtHjgZdHiFjUFPnpf5O', 3, 1, '2021-02-22 15:19:00.014+00', '2021-02-22 15:19:00.014+00'),
	(479, 'Thanh Thảo Lý', '$2a$08$FAwlxDqnJCOPQYKWCCJVp.lldh1URR8iflWtHjgZdHiFjUFPnpf5O', 3, 1, '2021-02-22 15:19:00.199+00', '2021-02-22 15:19:00.199+00'),
	(480, 'Hiệp Dinh Lý', '$2a$08$FAwlxDqnJCOPQYKWCCJVp.lldh1URR8iflWtHjgZdHiFjUFPnpf5O', 3, 1, '2021-02-22 15:19:00.383+00', '2021-02-22 15:19:00.383+00'),
	(481, 'Ngọc Thọ Lâm', '$2a$08$FAwlxDqnJCOPQYKWCCJVp.lldh1URR8iflWtHjgZdHiFjUFPnpf5O', 3, 1, '2021-02-22 15:19:00.568+00', '2021-02-22 15:19:00.568+00'),
	(482, 'Bảo Bảo Tăng', '$2a$08$FAwlxDqnJCOPQYKWCCJVp.lldh1URR8iflWtHjgZdHiFjUFPnpf5O', 3, 1, '2021-02-22 15:19:00.752+00', '2021-02-22 15:19:00.752+00'),
	(483, 'Dr. Chí Khiêm Tăng', '$2a$08$FAwlxDqnJCOPQYKWCCJVp.lldh1URR8iflWtHjgZdHiFjUFPnpf5O', 3, 1, '2021-02-22 15:19:00.848+00', '2021-02-22 15:19:00.848+00'),
	(484, 'Vạn Thông Đỗ', '$2a$08$FAwlxDqnJCOPQYKWCCJVp.lldh1URR8iflWtHjgZdHiFjUFPnpf5O', 3, 1, '2021-02-22 15:19:00.944+00', '2021-02-22 15:19:00.944+00'),
	(485, 'Tuyết Trầm Tăng', '$2a$08$FAwlxDqnJCOPQYKWCCJVp.lldh1URR8iflWtHjgZdHiFjUFPnpf5O', 3, 1, '2021-02-22 15:19:01.039+00', '2021-02-22 15:19:01.039+00'),
	(486, 'Thành Thiện Phan MD', '$2a$08$FAwlxDqnJCOPQYKWCCJVp.lldh1URR8iflWtHjgZdHiFjUFPnpf5O', 3, 1, '2021-02-22 15:19:01.054+00', '2021-02-22 15:19:01.054+00'),
	(487, 'Danh Thành Trương', '$2a$08$FAwlxDqnJCOPQYKWCCJVp.lldh1URR8iflWtHjgZdHiFjUFPnpf5O', 3, 1, '2021-02-22 15:19:01.056+00', '2021-02-22 15:19:01.056+00'),
	(488, 'Thành Doanh Đào', '$2a$08$FAwlxDqnJCOPQYKWCCJVp.lldh1URR8iflWtHjgZdHiFjUFPnpf5O', 3, 1, '2021-02-22 15:19:01.057+00', '2021-02-22 15:19:01.057+00'),
	(489, 'Ms. Hữu Ðịnh Hồ', '$2a$08$FAwlxDqnJCOPQYKWCCJVp.lldh1URR8iflWtHjgZdHiFjUFPnpf5O', 3, 1, '2021-02-22 15:19:01.059+00', '2021-02-22 15:19:01.059+00'),
	(490, 'Việt Khuê Phùng', '$2a$08$FAwlxDqnJCOPQYKWCCJVp.lldh1URR8iflWtHjgZdHiFjUFPnpf5O', 3, 1, '2021-02-22 15:19:01.06+00', '2021-02-22 15:19:01.06+00'),
	(491, 'Bích Thoa Lâm', '$2a$08$FAwlxDqnJCOPQYKWCCJVp.lldh1URR8iflWtHjgZdHiFjUFPnpf5O', 3, 1, '2021-02-22 15:19:01.062+00', '2021-02-22 15:19:01.062+00'),
	(492, 'Nghị Quyền Phạm', '$2a$08$FAwlxDqnJCOPQYKWCCJVp.lldh1URR8iflWtHjgZdHiFjUFPnpf5O', 3, 1, '2021-02-22 15:19:01.063+00', '2021-02-22 15:19:01.063+00'),
	(493, 'Thất Dũng Vũ I', '$2a$08$FAwlxDqnJCOPQYKWCCJVp.lldh1URR8iflWtHjgZdHiFjUFPnpf5O', 3, 1, '2021-02-22 15:19:01.065+00', '2021-02-22 15:19:01.065+00'),
	(494, 'Cát Linh Tô', '$2a$08$FAwlxDqnJCOPQYKWCCJVp.lldh1URR8iflWtHjgZdHiFjUFPnpf5O', 3, 1, '2021-02-22 15:19:01.066+00', '2021-02-22 15:19:01.066+00'),
	(495, 'Tiến Ðức Phạm', '$2a$08$FAwlxDqnJCOPQYKWCCJVp.lldh1URR8iflWtHjgZdHiFjUFPnpf5O', 3, 1, '2021-02-22 15:19:01.067+00', '2021-02-22 15:19:01.067+00'),
	(496, 'Trúc Cương Trương', '$2a$08$FAwlxDqnJCOPQYKWCCJVp.lldh1URR8iflWtHjgZdHiFjUFPnpf5O', 3, 1, '2021-02-22 15:19:01.069+00', '2021-02-22 15:19:01.069+00'),
	(497, 'Minh Tú Đặng', '$2a$08$FAwlxDqnJCOPQYKWCCJVp.lldh1URR8iflWtHjgZdHiFjUFPnpf5O', 3, 1, '2021-02-22 15:19:01.07+00', '2021-02-22 15:19:01.07+00'),
	(498, 'Nam An Phùng', '$2a$08$FAwlxDqnJCOPQYKWCCJVp.lldh1URR8iflWtHjgZdHiFjUFPnpf5O', 3, 1, '2021-02-22 15:19:01.071+00', '2021-02-22 15:19:01.071+00'),
	(499, 'Gia Khiêm Đào', '$2a$08$FAwlxDqnJCOPQYKWCCJVp.lldh1URR8iflWtHjgZdHiFjUFPnpf5O', 3, 1, '2021-02-22 15:19:01.073+00', '2021-02-22 15:19:01.073+00'),
	(500, 'Nguyệt Anh Bùi', '$2a$08$FAwlxDqnJCOPQYKWCCJVp.lldh1URR8iflWtHjgZdHiFjUFPnpf5O', 3, 1, '2021-02-22 15:19:01.074+00', '2021-02-22 15:19:01.074+00');
INSERT INTO public.members VALUES
	(501, 'Trúc Lam Đỗ IV', '$2a$08$FAwlxDqnJCOPQYKWCCJVp.lldh1URR8iflWtHjgZdHiFjUFPnpf5O', 3, 1, '2021-02-22 15:19:01.076+00', '2021-02-22 15:19:01.076+00'),
	(502, 'Kim Ly Lâm', '$2a$08$FAwlxDqnJCOPQYKWCCJVp.lldh1URR8iflWtHjgZdHiFjUFPnpf5O', 3, 1, '2021-02-22 15:19:01.077+00', '2021-02-22 15:19:01.077+00'),
	(503, 'Thanh Vũ Trần DDS', '$2a$08$FAwlxDqnJCOPQYKWCCJVp.lldh1URR8iflWtHjgZdHiFjUFPnpf5O', 3, 1, '2021-02-22 15:19:01.079+00', '2021-02-22 15:19:01.079+00'),
	(504, 'Quang Nhân Đoàn', '$2a$08$FAwlxDqnJCOPQYKWCCJVp.lldh1URR8iflWtHjgZdHiFjUFPnpf5O', 3, 1, '2021-02-22 15:19:01.08+00', '2021-02-22 15:19:01.08+00'),
	(505, 'Minh An Đinh IV', '$2a$08$FAwlxDqnJCOPQYKWCCJVp.lldh1URR8iflWtHjgZdHiFjUFPnpf5O', 3, 1, '2021-02-22 15:19:01.082+00', '2021-02-22 15:19:01.082+00'),
	(506, 'Kim Xuyến Phạm', '$2a$08$FAwlxDqnJCOPQYKWCCJVp.lldh1URR8iflWtHjgZdHiFjUFPnpf5O', 3, 1, '2021-02-22 15:19:01.083+00', '2021-02-22 15:19:01.083+00'),
	(507, 'Ngọc Khuê Phùng', '$2a$08$FAwlxDqnJCOPQYKWCCJVp.lldh1URR8iflWtHjgZdHiFjUFPnpf5O', 3, 1, '2021-02-22 15:19:01.085+00', '2021-02-22 15:19:01.085+00'),
	(508, 'Nguyên Lộc Vương', '$2a$08$FAwlxDqnJCOPQYKWCCJVp.lldh1URR8iflWtHjgZdHiFjUFPnpf5O', 3, 1, '2021-02-22 15:19:01.087+00', '2021-02-22 15:19:01.087+00'),
	(509, 'Hương Ly Đinh', '$2a$08$FAwlxDqnJCOPQYKWCCJVp.lldh1URR8iflWtHjgZdHiFjUFPnpf5O', 3, 1, '2021-02-22 15:19:01.088+00', '2021-02-22 15:19:01.088+00'),
	(510, 'Mỹ Lợi Tô', '$2a$08$FAwlxDqnJCOPQYKWCCJVp.lldh1URR8iflWtHjgZdHiFjUFPnpf5O', 3, 1, '2021-02-22 15:19:01.089+00', '2021-02-22 15:19:01.089+00'),
	(511, 'Thành Long Phùng', '$2a$08$FAwlxDqnJCOPQYKWCCJVp.lldh1URR8iflWtHjgZdHiFjUFPnpf5O', 3, 1, '2021-02-22 15:19:01.092+00', '2021-02-22 15:19:01.092+00'),
	(512, 'Huy Việt Nguyễn', '$2a$08$FAwlxDqnJCOPQYKWCCJVp.lldh1URR8iflWtHjgZdHiFjUFPnpf5O', 3, 1, '2021-02-22 15:19:01.093+00', '2021-02-22 15:19:01.093+00'),
	(513, 'Khánh Ngọc Bùi', '$2a$08$FAwlxDqnJCOPQYKWCCJVp.lldh1URR8iflWtHjgZdHiFjUFPnpf5O', 3, 1, '2021-02-22 15:19:01.095+00', '2021-02-22 15:19:01.095+00'),
	(514, 'Ðan Quỳnh Tô', '$2a$08$FAwlxDqnJCOPQYKWCCJVp.lldh1URR8iflWtHjgZdHiFjUFPnpf5O', 3, 1, '2021-02-22 15:19:01.096+00', '2021-02-22 15:19:01.096+00'),
	(515, 'Thế Vinh Hồ MD', '$2a$08$FAwlxDqnJCOPQYKWCCJVp.lldh1URR8iflWtHjgZdHiFjUFPnpf5O', 3, 1, '2021-02-22 15:19:01.098+00', '2021-02-22 15:19:01.098+00'),
	(516, 'Thùy Dung Đào', '$2a$08$FAwlxDqnJCOPQYKWCCJVp.lldh1URR8iflWtHjgZdHiFjUFPnpf5O', 3, 1, '2021-02-22 15:19:01.099+00', '2021-02-22 15:19:01.099+00'),
	(517, 'Mr. Quyết Thắng Trần', '$2a$08$FAwlxDqnJCOPQYKWCCJVp.lldh1URR8iflWtHjgZdHiFjUFPnpf5O', 3, 1, '2021-02-22 15:19:01.101+00', '2021-02-22 15:19:01.101+00'),
	(518, 'Miss Thanh Giang Đoàn', '$2a$08$FAwlxDqnJCOPQYKWCCJVp.lldh1URR8iflWtHjgZdHiFjUFPnpf5O', 3, 1, '2021-02-22 15:19:01.102+00', '2021-02-22 15:19:01.102+00'),
	(519, 'Xuân Thiện Phan', '$2a$08$FAwlxDqnJCOPQYKWCCJVp.lldh1URR8iflWtHjgZdHiFjUFPnpf5O', 3, 1, '2021-02-22 15:19:01.104+00', '2021-02-22 15:19:01.104+00'),
	(520, 'Cao Kỳ Lê', '$2a$08$FAwlxDqnJCOPQYKWCCJVp.lldh1URR8iflWtHjgZdHiFjUFPnpf5O', 3, 1, '2021-02-22 15:19:01.107+00', '2021-02-22 15:19:01.107+00'),
	(521, 'Duy Cẩn Vương', '$2a$08$FAwlxDqnJCOPQYKWCCJVp.lldh1URR8iflWtHjgZdHiFjUFPnpf5O', 3, 1, '2021-02-22 15:19:01.108+00', '2021-02-22 15:19:01.108+00'),
	(522, 'Diệu Hoa Nguyễn', '$2a$08$FAwlxDqnJCOPQYKWCCJVp.lldh1URR8iflWtHjgZdHiFjUFPnpf5O', 3, 1, '2021-02-22 15:19:01.11+00', '2021-02-22 15:19:01.11+00'),
	(523, 'Tâm Thiện Đinh', '$2a$08$FAwlxDqnJCOPQYKWCCJVp.lldh1URR8iflWtHjgZdHiFjUFPnpf5O', 3, 1, '2021-02-22 15:19:01.111+00', '2021-02-22 15:19:01.111+00'),
	(524, 'Mr. Minh Thúy Lâm', '$2a$08$FAwlxDqnJCOPQYKWCCJVp.lldh1URR8iflWtHjgZdHiFjUFPnpf5O', 3, 1, '2021-02-22 15:19:01.113+00', '2021-02-22 15:19:01.113+00'),
	(525, 'Hảo Nhi Ngô', '$2a$08$FAwlxDqnJCOPQYKWCCJVp.lldh1URR8iflWtHjgZdHiFjUFPnpf5O', 3, 1, '2021-02-22 15:19:01.114+00', '2021-02-22 15:19:01.114+00'),
	(526, 'Kiều Dung Đoàn', '$2a$08$FAwlxDqnJCOPQYKWCCJVp.lldh1URR8iflWtHjgZdHiFjUFPnpf5O', 3, 1, '2021-02-22 15:19:01.116+00', '2021-02-22 15:19:01.116+00'),
	(527, 'Uyên Thơ Mai', '$2a$08$FAwlxDqnJCOPQYKWCCJVp.lldh1URR8iflWtHjgZdHiFjUFPnpf5O', 3, 1, '2021-02-22 15:19:01.117+00', '2021-02-22 15:19:01.117+00'),
	(528, 'Tuấn Trung Đinh', '$2a$08$FAwlxDqnJCOPQYKWCCJVp.lldh1URR8iflWtHjgZdHiFjUFPnpf5O', 3, 1, '2021-02-22 15:19:01.119+00', '2021-02-22 15:19:01.119+00'),
	(529, 'Thụy Du Lê', '$2a$08$FAwlxDqnJCOPQYKWCCJVp.lldh1URR8iflWtHjgZdHiFjUFPnpf5O', 3, 1, '2021-02-22 15:19:01.12+00', '2021-02-22 15:19:01.12+00'),
	(530, 'Ðức Chính Đặng', '$2a$08$FAwlxDqnJCOPQYKWCCJVp.lldh1URR8iflWtHjgZdHiFjUFPnpf5O', 3, 1, '2021-02-22 15:19:01.121+00', '2021-02-22 15:19:01.121+00'),
	(531, 'Thu Phượng Đinh', '$2a$08$FAwlxDqnJCOPQYKWCCJVp.lldh1URR8iflWtHjgZdHiFjUFPnpf5O', 3, 1, '2021-02-22 15:19:01.123+00', '2021-02-22 15:19:01.123+00'),
	(532, 'Quốc Minh Tô', '$2a$08$FAwlxDqnJCOPQYKWCCJVp.lldh1URR8iflWtHjgZdHiFjUFPnpf5O', 3, 1, '2021-02-22 15:19:01.124+00', '2021-02-22 15:19:01.124+00'),
	(533, 'Ðức Tuệ Dương', '$2a$08$FAwlxDqnJCOPQYKWCCJVp.lldh1URR8iflWtHjgZdHiFjUFPnpf5O', 3, 1, '2021-02-22 15:19:01.126+00', '2021-02-22 15:19:01.126+00'),
	(534, 'Mỹ Hường Tô', '$2a$08$FAwlxDqnJCOPQYKWCCJVp.lldh1URR8iflWtHjgZdHiFjUFPnpf5O', 3, 1, '2021-02-22 15:19:01.127+00', '2021-02-22 15:19:01.127+00'),
	(535, 'Minh Thiện Đinh', '$2a$08$FAwlxDqnJCOPQYKWCCJVp.lldh1URR8iflWtHjgZdHiFjUFPnpf5O', 3, 1, '2021-02-22 15:19:01.128+00', '2021-02-22 15:19:01.128+00'),
	(536, 'Ðắc Trọng Dương', '$2a$08$FAwlxDqnJCOPQYKWCCJVp.lldh1URR8iflWtHjgZdHiFjUFPnpf5O', 3, 1, '2021-02-22 15:19:01.13+00', '2021-02-22 15:19:01.13+00'),
	(537, 'Minh Quang Đỗ', '$2a$08$FAwlxDqnJCOPQYKWCCJVp.lldh1URR8iflWtHjgZdHiFjUFPnpf5O', 3, 1, '2021-02-22 15:19:01.131+00', '2021-02-22 15:19:01.131+00'),
	(538, 'Ấu Lăng Đặng', '$2a$08$FAwlxDqnJCOPQYKWCCJVp.lldh1URR8iflWtHjgZdHiFjUFPnpf5O', 3, 1, '2021-02-22 15:19:01.133+00', '2021-02-22 15:19:01.133+00'),
	(539, 'Thụy Nương Mai MD', '$2a$08$FAwlxDqnJCOPQYKWCCJVp.lldh1URR8iflWtHjgZdHiFjUFPnpf5O', 3, 1, '2021-02-22 15:19:01.134+00', '2021-02-22 15:19:01.134+00'),
	(540, 'Khang Kiện Lê', '$2a$08$FAwlxDqnJCOPQYKWCCJVp.lldh1URR8iflWtHjgZdHiFjUFPnpf5O', 3, 1, '2021-02-22 15:19:01.136+00', '2021-02-22 15:19:01.136+00'),
	(541, 'Thái Lâm Đỗ', '$2a$08$FAwlxDqnJCOPQYKWCCJVp.lldh1URR8iflWtHjgZdHiFjUFPnpf5O', 3, 1, '2021-02-22 15:19:01.137+00', '2021-02-22 15:19:01.137+00'),
	(542, 'Phú Hùng Bùi', '$2a$08$FAwlxDqnJCOPQYKWCCJVp.lldh1URR8iflWtHjgZdHiFjUFPnpf5O', 3, 1, '2021-02-22 15:19:01.139+00', '2021-02-22 15:19:01.139+00'),
	(543, 'Thiện Tâm Phan MD', '$2a$08$FAwlxDqnJCOPQYKWCCJVp.lldh1URR8iflWtHjgZdHiFjUFPnpf5O', 3, 1, '2021-02-22 15:19:01.14+00', '2021-02-22 15:19:01.14+00'),
	(544, 'Mỹ Phụng Lý', '$2a$08$FAwlxDqnJCOPQYKWCCJVp.lldh1URR8iflWtHjgZdHiFjUFPnpf5O', 3, 1, '2021-02-22 15:19:01.142+00', '2021-02-22 15:19:01.142+00'),
	(545, 'Hữu Thiện Lê', '$2a$08$FAwlxDqnJCOPQYKWCCJVp.lldh1URR8iflWtHjgZdHiFjUFPnpf5O', 3, 1, '2021-02-22 15:19:01.143+00', '2021-02-22 15:19:01.143+00'),
	(546, 'Ms. Diễm Hằng Vương', '$2a$08$FAwlxDqnJCOPQYKWCCJVp.lldh1URR8iflWtHjgZdHiFjUFPnpf5O', 3, 1, '2021-02-22 15:19:01.145+00', '2021-02-22 15:19:01.145+00'),
	(547, 'Ái Nhân Trịnh', '$2a$08$FAwlxDqnJCOPQYKWCCJVp.lldh1URR8iflWtHjgZdHiFjUFPnpf5O', 3, 1, '2021-02-22 15:19:01.146+00', '2021-02-22 15:19:01.146+00'),
	(548, 'Tùy Linh Phạm', '$2a$08$FAwlxDqnJCOPQYKWCCJVp.lldh1URR8iflWtHjgZdHiFjUFPnpf5O', 3, 1, '2021-02-22 15:19:01.147+00', '2021-02-22 15:19:01.147+00'),
	(549, 'Giáng Ngọc Tô', '$2a$08$FAwlxDqnJCOPQYKWCCJVp.lldh1URR8iflWtHjgZdHiFjUFPnpf5O', 3, 1, '2021-02-22 15:19:01.149+00', '2021-02-22 15:19:01.149+00'),
	(550, 'Thành Ý Hà', '$2a$08$FAwlxDqnJCOPQYKWCCJVp.lldh1URR8iflWtHjgZdHiFjUFPnpf5O', 3, 1, '2021-02-22 15:19:01.151+00', '2021-02-22 15:19:01.151+00'),
	(551, 'Bách Nhân Hoàng', '$2a$08$FAwlxDqnJCOPQYKWCCJVp.lldh1URR8iflWtHjgZdHiFjUFPnpf5O', 3, 1, '2021-02-22 15:19:01.152+00', '2021-02-22 15:19:01.152+00'),
	(552, 'Kim Khuyên Trịnh', '$2a$08$FAwlxDqnJCOPQYKWCCJVp.lldh1URR8iflWtHjgZdHiFjUFPnpf5O', 3, 1, '2021-02-22 15:19:01.154+00', '2021-02-22 15:19:01.154+00'),
	(553, 'Khánh Giang Hoàng IV', '$2a$08$FAwlxDqnJCOPQYKWCCJVp.lldh1URR8iflWtHjgZdHiFjUFPnpf5O', 3, 1, '2021-02-22 15:19:01.155+00', '2021-02-22 15:19:01.155+00'),
	(554, 'Mạnh Quỳnh Trịnh', '$2a$08$FAwlxDqnJCOPQYKWCCJVp.lldh1URR8iflWtHjgZdHiFjUFPnpf5O', 3, 1, '2021-02-22 15:19:01.157+00', '2021-02-22 15:19:01.157+00'),
	(555, 'Thượng Cường Trần', '$2a$08$FAwlxDqnJCOPQYKWCCJVp.lldh1URR8iflWtHjgZdHiFjUFPnpf5O', 3, 1, '2021-02-22 15:19:01.158+00', '2021-02-22 15:19:01.158+00'),
	(556, 'Thành Thiện Đặng', '$2a$08$FAwlxDqnJCOPQYKWCCJVp.lldh1URR8iflWtHjgZdHiFjUFPnpf5O', 3, 1, '2021-02-22 15:19:01.16+00', '2021-02-22 15:19:01.16+00'),
	(557, 'Hồng Khanh Phạm IV', '$2a$08$FAwlxDqnJCOPQYKWCCJVp.lldh1URR8iflWtHjgZdHiFjUFPnpf5O', 3, 1, '2021-02-22 15:19:01.161+00', '2021-02-22 15:19:01.161+00'),
	(558, 'Thu Sinh Phạm', '$2a$08$FAwlxDqnJCOPQYKWCCJVp.lldh1URR8iflWtHjgZdHiFjUFPnpf5O', 3, 1, '2021-02-22 15:19:01.162+00', '2021-02-22 15:19:01.162+00'),
	(559, 'Minh Huyền Phạm', '$2a$08$FAwlxDqnJCOPQYKWCCJVp.lldh1URR8iflWtHjgZdHiFjUFPnpf5O', 3, 1, '2021-02-22 15:19:01.164+00', '2021-02-22 15:19:01.164+00'),
	(560, 'Minh Hoàng Lý', '$2a$08$FAwlxDqnJCOPQYKWCCJVp.lldh1URR8iflWtHjgZdHiFjUFPnpf5O', 3, 1, '2021-02-22 15:19:01.165+00', '2021-02-22 15:19:01.165+00'),
	(561, 'Tường Vân Lý', '$2a$08$FAwlxDqnJCOPQYKWCCJVp.lldh1URR8iflWtHjgZdHiFjUFPnpf5O', 3, 1, '2021-02-22 15:19:01.167+00', '2021-02-22 15:19:01.167+00'),
	(562, 'Tịnh Nhi Hà', '$2a$08$FAwlxDqnJCOPQYKWCCJVp.lldh1URR8iflWtHjgZdHiFjUFPnpf5O', 3, 1, '2021-02-22 15:19:01.168+00', '2021-02-22 15:19:01.168+00'),
	(563, 'Trường Phát Vương III', '$2a$08$FAwlxDqnJCOPQYKWCCJVp.lldh1URR8iflWtHjgZdHiFjUFPnpf5O', 3, 1, '2021-02-22 15:19:01.17+00', '2021-02-22 15:19:01.17+00'),
	(564, 'Dr. Tố Quyên Phùng', '$2a$08$FAwlxDqnJCOPQYKWCCJVp.lldh1URR8iflWtHjgZdHiFjUFPnpf5O', 3, 1, '2021-02-22 15:19:01.171+00', '2021-02-22 15:19:01.171+00'),
	(565, 'Quỳnh Như Ngô', '$2a$08$FAwlxDqnJCOPQYKWCCJVp.lldh1URR8iflWtHjgZdHiFjUFPnpf5O', 3, 1, '2021-02-22 15:19:01.173+00', '2021-02-22 15:19:01.173+00'),
	(566, 'Kiến Văn Trương MD', '$2a$08$FAwlxDqnJCOPQYKWCCJVp.lldh1URR8iflWtHjgZdHiFjUFPnpf5O', 3, 1, '2021-02-22 15:19:01.174+00', '2021-02-22 15:19:01.174+00'),
	(567, 'Hồng Giang Phùng', '$2a$08$FAwlxDqnJCOPQYKWCCJVp.lldh1URR8iflWtHjgZdHiFjUFPnpf5O', 3, 1, '2021-02-22 15:19:01.176+00', '2021-02-22 15:19:01.176+00'),
	(568, 'Trúc Sinh Lâm DDS', '$2a$08$FAwlxDqnJCOPQYKWCCJVp.lldh1URR8iflWtHjgZdHiFjUFPnpf5O', 3, 1, '2021-02-22 15:19:01.177+00', '2021-02-22 15:19:01.177+00'),
	(569, 'Hoài Tín Vương', '$2a$08$FAwlxDqnJCOPQYKWCCJVp.lldh1URR8iflWtHjgZdHiFjUFPnpf5O', 3, 1, '2021-02-22 15:19:01.178+00', '2021-02-22 15:19:01.178+00'),
	(570, 'Minh Quốc Vương', '$2a$08$FAwlxDqnJCOPQYKWCCJVp.lldh1URR8iflWtHjgZdHiFjUFPnpf5O', 3, 1, '2021-02-22 15:19:01.18+00', '2021-02-22 15:19:01.18+00'),
	(571, 'Thanh Hiếu Phùng', '$2a$08$FAwlxDqnJCOPQYKWCCJVp.lldh1URR8iflWtHjgZdHiFjUFPnpf5O', 3, 1, '2021-02-22 15:19:01.181+00', '2021-02-22 15:19:01.181+00'),
	(572, 'Kim Xuân Trương', '$2a$08$FAwlxDqnJCOPQYKWCCJVp.lldh1URR8iflWtHjgZdHiFjUFPnpf5O', 3, 1, '2021-02-22 15:19:01.183+00', '2021-02-22 15:19:01.183+00'),
	(573, 'Nhật Tấn Trịnh', '$2a$08$FAwlxDqnJCOPQYKWCCJVp.lldh1URR8iflWtHjgZdHiFjUFPnpf5O', 3, 1, '2021-02-22 15:19:01.185+00', '2021-02-22 15:19:01.185+00'),
	(574, 'Thúy Vy Đỗ', '$2a$08$FAwlxDqnJCOPQYKWCCJVp.lldh1URR8iflWtHjgZdHiFjUFPnpf5O', 3, 1, '2021-02-22 15:19:01.186+00', '2021-02-22 15:19:01.186+00'),
	(575, 'Thanh Vy Đỗ PhD', '$2a$08$FAwlxDqnJCOPQYKWCCJVp.lldh1URR8iflWtHjgZdHiFjUFPnpf5O', 3, 1, '2021-02-22 15:19:01.188+00', '2021-02-22 15:19:01.188+00'),
	(576, 'Kiều Anh Đỗ', '$2a$08$FAwlxDqnJCOPQYKWCCJVp.lldh1URR8iflWtHjgZdHiFjUFPnpf5O', 3, 1, '2021-02-22 15:19:01.189+00', '2021-02-22 15:19:01.189+00'),
	(577, 'Quỳnh Liên Tăng', '$2a$08$FAwlxDqnJCOPQYKWCCJVp.lldh1URR8iflWtHjgZdHiFjUFPnpf5O', 3, 1, '2021-02-22 15:19:01.191+00', '2021-02-22 15:19:01.191+00'),
	(578, 'Bạch Quỳnh Đoàn Sr.', '$2a$08$FAwlxDqnJCOPQYKWCCJVp.lldh1URR8iflWtHjgZdHiFjUFPnpf5O', 3, 1, '2021-02-22 15:19:01.192+00', '2021-02-22 15:19:01.192+00'),
	(579, 'Phước Bình Đinh', '$2a$08$FAwlxDqnJCOPQYKWCCJVp.lldh1URR8iflWtHjgZdHiFjUFPnpf5O', 3, 1, '2021-02-22 15:19:01.194+00', '2021-02-22 15:19:01.194+00'),
	(580, 'Trúc Đào Lâm', '$2a$08$FAwlxDqnJCOPQYKWCCJVp.lldh1URR8iflWtHjgZdHiFjUFPnpf5O', 3, 1, '2021-02-22 15:19:01.195+00', '2021-02-22 15:19:01.195+00'),
	(581, 'Miss Ðình Phúc Lý', '$2a$08$FAwlxDqnJCOPQYKWCCJVp.lldh1URR8iflWtHjgZdHiFjUFPnpf5O', 3, 1, '2021-02-22 15:19:01.197+00', '2021-02-22 15:19:01.197+00'),
	(582, 'Ðức Bằng Đinh DVM', '$2a$08$FAwlxDqnJCOPQYKWCCJVp.lldh1URR8iflWtHjgZdHiFjUFPnpf5O', 3, 1, '2021-02-22 15:19:01.198+00', '2021-02-22 15:19:01.198+00'),
	(583, 'Diệu Hạnh Lê', '$2a$08$FAwlxDqnJCOPQYKWCCJVp.lldh1URR8iflWtHjgZdHiFjUFPnpf5O', 3, 1, '2021-02-22 15:19:01.2+00', '2021-02-22 15:19:01.2+00'),
	(584, 'Nhã Trang Tô', '$2a$08$FAwlxDqnJCOPQYKWCCJVp.lldh1URR8iflWtHjgZdHiFjUFPnpf5O', 3, 1, '2021-02-22 15:19:01.201+00', '2021-02-22 15:19:01.201+00'),
	(585, 'Hương Giang Lê', '$2a$08$FAwlxDqnJCOPQYKWCCJVp.lldh1URR8iflWtHjgZdHiFjUFPnpf5O', 3, 1, '2021-02-22 15:19:01.202+00', '2021-02-22 15:19:01.202+00'),
	(586, 'Miss Kiến Bình Mai', '$2a$08$FAwlxDqnJCOPQYKWCCJVp.lldh1URR8iflWtHjgZdHiFjUFPnpf5O', 3, 1, '2021-02-22 15:19:01.204+00', '2021-02-22 15:19:01.204+00'),
	(587, 'Diễm Lộc Ngô', '$2a$08$FAwlxDqnJCOPQYKWCCJVp.lldh1URR8iflWtHjgZdHiFjUFPnpf5O', 3, 1, '2021-02-22 15:19:01.205+00', '2021-02-22 15:19:01.205+00'),
	(588, 'Thanh Lan Tô', '$2a$08$FAwlxDqnJCOPQYKWCCJVp.lldh1URR8iflWtHjgZdHiFjUFPnpf5O', 3, 1, '2021-02-22 15:19:01.207+00', '2021-02-22 15:19:01.207+00'),
	(589, 'Xuân Yến Trịnh', '$2a$08$FAwlxDqnJCOPQYKWCCJVp.lldh1URR8iflWtHjgZdHiFjUFPnpf5O', 3, 1, '2021-02-22 15:19:01.208+00', '2021-02-22 15:19:01.208+00'),
	(590, 'Hữu Trung Hoàng', '$2a$08$FAwlxDqnJCOPQYKWCCJVp.lldh1URR8iflWtHjgZdHiFjUFPnpf5O', 3, 1, '2021-02-22 15:19:01.21+00', '2021-02-22 15:19:01.21+00'),
	(591, 'Bình Thuận Phùng', '$2a$08$FAwlxDqnJCOPQYKWCCJVp.lldh1URR8iflWtHjgZdHiFjUFPnpf5O', 3, 1, '2021-02-22 15:19:01.211+00', '2021-02-22 15:19:01.211+00'),
	(592, 'Thiện Khiêm Đinh', '$2a$08$FAwlxDqnJCOPQYKWCCJVp.lldh1URR8iflWtHjgZdHiFjUFPnpf5O', 3, 1, '2021-02-22 15:19:01.212+00', '2021-02-22 15:19:01.212+00'),
	(593, 'Lâm Ðồng Lê', '$2a$08$FAwlxDqnJCOPQYKWCCJVp.lldh1URR8iflWtHjgZdHiFjUFPnpf5O', 3, 1, '2021-02-22 15:19:01.214+00', '2021-02-22 15:19:01.214+00'),
	(594, 'Quốc Hiền Trịnh', '$2a$08$FAwlxDqnJCOPQYKWCCJVp.lldh1URR8iflWtHjgZdHiFjUFPnpf5O', 3, 1, '2021-02-22 15:19:01.215+00', '2021-02-22 15:19:01.215+00'),
	(595, 'Nam Ninh Trịnh', '$2a$08$FAwlxDqnJCOPQYKWCCJVp.lldh1URR8iflWtHjgZdHiFjUFPnpf5O', 3, 1, '2021-02-22 15:19:01.217+00', '2021-02-22 15:19:01.217+00'),
	(596, 'Miss Dương Anh Phan', '$2a$08$FAwlxDqnJCOPQYKWCCJVp.lldh1URR8iflWtHjgZdHiFjUFPnpf5O', 3, 1, '2021-02-22 15:19:01.218+00', '2021-02-22 15:19:01.218+00'),
	(597, 'Thuần Hậu Trương', '$2a$08$FAwlxDqnJCOPQYKWCCJVp.lldh1URR8iflWtHjgZdHiFjUFPnpf5O', 3, 1, '2021-02-22 15:19:01.22+00', '2021-02-22 15:19:01.22+00'),
	(598, 'Bảo Thạch Ngô', '$2a$08$FAwlxDqnJCOPQYKWCCJVp.lldh1URR8iflWtHjgZdHiFjUFPnpf5O', 3, 1, '2021-02-22 15:19:01.222+00', '2021-02-22 15:19:01.222+00'),
	(599, 'Ms. Ngọc Lam Nguyễn', '$2a$08$FAwlxDqnJCOPQYKWCCJVp.lldh1URR8iflWtHjgZdHiFjUFPnpf5O', 3, 1, '2021-02-22 15:19:01.224+00', '2021-02-22 15:19:01.224+00'),
	(600, 'Diệu Hạnh Hồ MD', '$2a$08$FAwlxDqnJCOPQYKWCCJVp.lldh1URR8iflWtHjgZdHiFjUFPnpf5O', 3, 1, '2021-02-22 15:19:01.226+00', '2021-02-22 15:19:01.226+00'),
	(601, 'Phong Ðộ Tô', '$2a$08$FAwlxDqnJCOPQYKWCCJVp.lldh1URR8iflWtHjgZdHiFjUFPnpf5O', 3, 1, '2021-02-22 15:19:01.229+00', '2021-02-22 15:19:01.229+00'),
	(602, 'Hùng Anh Vũ', '$2a$08$FAwlxDqnJCOPQYKWCCJVp.lldh1URR8iflWtHjgZdHiFjUFPnpf5O', 3, 1, '2021-02-22 15:19:01.232+00', '2021-02-22 15:19:01.232+00'),
	(603, 'Thanh Hải Lâm', '$2a$08$FAwlxDqnJCOPQYKWCCJVp.lldh1URR8iflWtHjgZdHiFjUFPnpf5O', 3, 1, '2021-02-22 15:19:01.234+00', '2021-02-22 15:19:01.234+00'),
	(604, 'Ðức Quang Phan', '$2a$08$FAwlxDqnJCOPQYKWCCJVp.lldh1URR8iflWtHjgZdHiFjUFPnpf5O', 3, 1, '2021-02-22 15:19:01.235+00', '2021-02-22 15:19:01.235+00'),
	(605, 'Thu Vân Phùng', '$2a$08$FAwlxDqnJCOPQYKWCCJVp.lldh1URR8iflWtHjgZdHiFjUFPnpf5O', 3, 1, '2021-02-22 15:19:01.237+00', '2021-02-22 15:19:01.237+00'),
	(606, 'Minh Thái Đinh DDS', '$2a$08$FAwlxDqnJCOPQYKWCCJVp.lldh1URR8iflWtHjgZdHiFjUFPnpf5O', 3, 1, '2021-02-22 15:19:01.239+00', '2021-02-22 15:19:01.239+00'),
	(607, 'Phương Quân Tô MD', '$2a$08$FAwlxDqnJCOPQYKWCCJVp.lldh1URR8iflWtHjgZdHiFjUFPnpf5O', 3, 1, '2021-02-22 15:19:01.241+00', '2021-02-22 15:19:01.241+00'),
	(608, 'Hương Trà Phan', '$2a$08$FAwlxDqnJCOPQYKWCCJVp.lldh1URR8iflWtHjgZdHiFjUFPnpf5O', 3, 1, '2021-02-22 15:19:01.243+00', '2021-02-22 15:19:01.243+00'),
	(609, 'Mai Thanh Đoàn', '$2a$08$FAwlxDqnJCOPQYKWCCJVp.lldh1URR8iflWtHjgZdHiFjUFPnpf5O', 3, 1, '2021-02-22 15:19:01.244+00', '2021-02-22 15:19:01.244+00'),
	(610, 'Thành Lợi Lý', '$2a$08$FAwlxDqnJCOPQYKWCCJVp.lldh1URR8iflWtHjgZdHiFjUFPnpf5O', 3, 1, '2021-02-22 15:19:01.245+00', '2021-02-22 15:19:01.245+00'),
	(611, 'Phúc Duy Đoàn', '$2a$08$FAwlxDqnJCOPQYKWCCJVp.lldh1URR8iflWtHjgZdHiFjUFPnpf5O', 3, 1, '2021-02-22 15:19:01.247+00', '2021-02-22 15:19:01.247+00'),
	(612, 'Bạch Yến Vương', '$2a$08$FAwlxDqnJCOPQYKWCCJVp.lldh1URR8iflWtHjgZdHiFjUFPnpf5O', 3, 1, '2021-02-22 15:19:01.248+00', '2021-02-22 15:19:01.248+00'),
	(613, 'Xuân Sơn Dương', '$2a$08$FAwlxDqnJCOPQYKWCCJVp.lldh1URR8iflWtHjgZdHiFjUFPnpf5O', 3, 1, '2021-02-22 15:19:01.25+00', '2021-02-22 15:19:01.25+00'),
	(614, 'Hương Lâm Đỗ', '$2a$08$FAwlxDqnJCOPQYKWCCJVp.lldh1URR8iflWtHjgZdHiFjUFPnpf5O', 3, 1, '2021-02-22 15:19:01.251+00', '2021-02-22 15:19:01.251+00'),
	(615, 'Phương Tâm Trương', '$2a$08$FAwlxDqnJCOPQYKWCCJVp.lldh1URR8iflWtHjgZdHiFjUFPnpf5O', 3, 1, '2021-02-22 15:19:01.253+00', '2021-02-22 15:19:01.253+00'),
	(616, 'Phương Mai Đào', '$2a$08$FAwlxDqnJCOPQYKWCCJVp.lldh1URR8iflWtHjgZdHiFjUFPnpf5O', 3, 1, '2021-02-22 15:19:01.254+00', '2021-02-22 15:19:01.254+00'),
	(617, 'Kim Loan Trương', '$2a$08$FAwlxDqnJCOPQYKWCCJVp.lldh1URR8iflWtHjgZdHiFjUFPnpf5O', 3, 1, '2021-02-22 15:19:01.256+00', '2021-02-22 15:19:01.256+00'),
	(618, 'Trúc Vân Lâm', '$2a$08$FAwlxDqnJCOPQYKWCCJVp.lldh1URR8iflWtHjgZdHiFjUFPnpf5O', 3, 1, '2021-02-22 15:19:01.257+00', '2021-02-22 15:19:01.257+00'),
	(619, 'Khang Kiện Lâm', '$2a$08$FAwlxDqnJCOPQYKWCCJVp.lldh1URR8iflWtHjgZdHiFjUFPnpf5O', 3, 1, '2021-02-22 15:19:01.258+00', '2021-02-22 15:19:01.258+00'),
	(620, 'Thục Trang Trần DVM', '$2a$08$FAwlxDqnJCOPQYKWCCJVp.lldh1URR8iflWtHjgZdHiFjUFPnpf5O', 3, 1, '2021-02-22 15:19:01.261+00', '2021-02-22 15:19:01.261+00'),
	(621, 'Hùng Thịnh Tô Sr.', '$2a$08$FAwlxDqnJCOPQYKWCCJVp.lldh1URR8iflWtHjgZdHiFjUFPnpf5O', 3, 1, '2021-02-22 15:19:01.262+00', '2021-02-22 15:19:01.262+00'),
	(622, 'Công Luật Vương', '$2a$08$FAwlxDqnJCOPQYKWCCJVp.lldh1URR8iflWtHjgZdHiFjUFPnpf5O', 3, 1, '2021-02-22 15:19:01.264+00', '2021-02-22 15:19:01.264+00'),
	(623, 'Mrs. Duy Tân Đỗ', '$2a$08$FAwlxDqnJCOPQYKWCCJVp.lldh1URR8iflWtHjgZdHiFjUFPnpf5O', 3, 1, '2021-02-22 15:19:01.265+00', '2021-02-22 15:19:01.265+00'),
	(624, 'Lâm Oanh Bùi', '$2a$08$FAwlxDqnJCOPQYKWCCJVp.lldh1URR8iflWtHjgZdHiFjUFPnpf5O', 3, 1, '2021-02-22 15:19:01.267+00', '2021-02-22 15:19:01.267+00'),
	(625, 'Ðức Bảo Lê', '$2a$08$FAwlxDqnJCOPQYKWCCJVp.lldh1URR8iflWtHjgZdHiFjUFPnpf5O', 3, 1, '2021-02-22 15:19:01.268+00', '2021-02-22 15:19:01.268+00'),
	(626, 'Thông Minh Vương', '$2a$08$FAwlxDqnJCOPQYKWCCJVp.lldh1URR8iflWtHjgZdHiFjUFPnpf5O', 3, 1, '2021-02-22 15:19:01.269+00', '2021-02-22 15:19:01.269+00'),
	(627, 'Quỳnh Nhi Đoàn', '$2a$08$FAwlxDqnJCOPQYKWCCJVp.lldh1URR8iflWtHjgZdHiFjUFPnpf5O', 3, 1, '2021-02-22 15:19:01.271+00', '2021-02-22 15:19:01.271+00'),
	(628, 'Ðức Quảng Bùi', '$2a$08$FAwlxDqnJCOPQYKWCCJVp.lldh1URR8iflWtHjgZdHiFjUFPnpf5O', 3, 1, '2021-02-22 15:19:01.272+00', '2021-02-22 15:19:01.272+00'),
	(629, 'Mr. Mạnh Thắng Hồ', '$2a$08$FAwlxDqnJCOPQYKWCCJVp.lldh1URR8iflWtHjgZdHiFjUFPnpf5O', 3, 1, '2021-02-22 15:19:01.274+00', '2021-02-22 15:19:01.274+00'),
	(630, 'Oanh Vũ Mai', '$2a$08$FAwlxDqnJCOPQYKWCCJVp.lldh1URR8iflWtHjgZdHiFjUFPnpf5O', 3, 1, '2021-02-22 15:19:01.275+00', '2021-02-22 15:19:01.275+00'),
	(631, 'Phương Quân Lâm', '$2a$08$FAwlxDqnJCOPQYKWCCJVp.lldh1URR8iflWtHjgZdHiFjUFPnpf5O', 3, 1, '2021-02-22 15:19:01.277+00', '2021-02-22 15:19:01.277+00'),
	(632, 'Khánh An Lê', '$2a$08$FAwlxDqnJCOPQYKWCCJVp.lldh1URR8iflWtHjgZdHiFjUFPnpf5O', 3, 1, '2021-02-22 15:19:01.279+00', '2021-02-22 15:19:01.279+00'),
	(633, 'Kim Loan Hoàng DDS', '$2a$08$FAwlxDqnJCOPQYKWCCJVp.lldh1URR8iflWtHjgZdHiFjUFPnpf5O', 3, 1, '2021-02-22 15:19:01.281+00', '2021-02-22 15:19:01.281+00'),
	(634, 'Thế Vinh Tăng', '$2a$08$FAwlxDqnJCOPQYKWCCJVp.lldh1URR8iflWtHjgZdHiFjUFPnpf5O', 3, 1, '2021-02-22 15:19:01.286+00', '2021-02-22 15:19:01.286+00'),
	(635, 'Ms. Ðức Tâm Bùi', '$2a$08$FAwlxDqnJCOPQYKWCCJVp.lldh1URR8iflWtHjgZdHiFjUFPnpf5O', 3, 1, '2021-02-22 15:19:01.292+00', '2021-02-22 15:19:01.292+00'),
	(636, 'Trọng Chính Đào', '$2a$08$FAwlxDqnJCOPQYKWCCJVp.lldh1URR8iflWtHjgZdHiFjUFPnpf5O', 3, 1, '2021-02-22 15:19:01.296+00', '2021-02-22 15:19:01.296+00'),
	(637, 'Mạnh Nghiêm Nguyễn', '$2a$08$FAwlxDqnJCOPQYKWCCJVp.lldh1URR8iflWtHjgZdHiFjUFPnpf5O', 3, 1, '2021-02-22 15:19:01.301+00', '2021-02-22 15:19:01.301+00'),
	(638, 'Thế Huấn Lê', '$2a$08$FAwlxDqnJCOPQYKWCCJVp.lldh1URR8iflWtHjgZdHiFjUFPnpf5O', 3, 1, '2021-02-22 15:19:01.306+00', '2021-02-22 15:19:01.306+00'),
	(639, 'Mai Linh Đoàn', '$2a$08$FAwlxDqnJCOPQYKWCCJVp.lldh1URR8iflWtHjgZdHiFjUFPnpf5O', 3, 1, '2021-02-22 15:19:01.312+00', '2021-02-22 15:19:01.312+00'),
	(640, 'Trung Nhân Đinh', '$2a$08$FAwlxDqnJCOPQYKWCCJVp.lldh1URR8iflWtHjgZdHiFjUFPnpf5O', 3, 1, '2021-02-22 15:19:01.315+00', '2021-02-22 15:19:01.315+00'),
	(641, 'Hoàng Dũng Phan', '$2a$08$FAwlxDqnJCOPQYKWCCJVp.lldh1URR8iflWtHjgZdHiFjUFPnpf5O', 3, 1, '2021-02-22 15:19:01.319+00', '2021-02-22 15:19:01.319+00'),
	(642, 'Thanh Hằng Tô', '$2a$08$FAwlxDqnJCOPQYKWCCJVp.lldh1URR8iflWtHjgZdHiFjUFPnpf5O', 3, 1, '2021-02-22 15:19:01.321+00', '2021-02-22 15:19:01.321+00'),
	(643, 'Mrs. Huy Vũ Mai', '$2a$08$FAwlxDqnJCOPQYKWCCJVp.lldh1URR8iflWtHjgZdHiFjUFPnpf5O', 3, 1, '2021-02-22 15:19:01.324+00', '2021-02-22 15:19:01.324+00'),
	(644, 'Duy Khánh Vương', '$2a$08$FAwlxDqnJCOPQYKWCCJVp.lldh1URR8iflWtHjgZdHiFjUFPnpf5O', 3, 1, '2021-02-22 15:19:01.328+00', '2021-02-22 15:19:01.328+00'),
	(645, 'Lệ Nga Đinh V', '$2a$08$FAwlxDqnJCOPQYKWCCJVp.lldh1URR8iflWtHjgZdHiFjUFPnpf5O', 3, 1, '2021-02-22 15:19:01.33+00', '2021-02-22 15:19:01.33+00'),
	(646, 'Diệu Hồng Đoàn', '$2a$08$FAwlxDqnJCOPQYKWCCJVp.lldh1URR8iflWtHjgZdHiFjUFPnpf5O', 3, 1, '2021-02-22 15:19:01.332+00', '2021-02-22 15:19:01.332+00'),
	(647, 'Sao Băng Hồ', '$2a$08$FAwlxDqnJCOPQYKWCCJVp.lldh1URR8iflWtHjgZdHiFjUFPnpf5O', 3, 1, '2021-02-22 15:19:01.335+00', '2021-02-22 15:19:01.335+00'),
	(648, 'Hà Liên Lâm', '$2a$08$FAwlxDqnJCOPQYKWCCJVp.lldh1URR8iflWtHjgZdHiFjUFPnpf5O', 3, 1, '2021-02-22 15:19:01.337+00', '2021-02-22 15:19:01.337+00'),
	(649, 'Mộng Vi Dương', '$2a$08$FAwlxDqnJCOPQYKWCCJVp.lldh1URR8iflWtHjgZdHiFjUFPnpf5O', 3, 1, '2021-02-22 15:19:01.341+00', '2021-02-22 15:19:01.341+00'),
	(650, 'Ms. Quang Thái Mai', '$2a$08$FAwlxDqnJCOPQYKWCCJVp.lldh1URR8iflWtHjgZdHiFjUFPnpf5O', 3, 1, '2021-02-22 15:19:01.343+00', '2021-02-22 15:19:01.343+00'),
	(651, 'Duy An Đào', '$2a$08$FAwlxDqnJCOPQYKWCCJVp.lldh1URR8iflWtHjgZdHiFjUFPnpf5O', 3, 1, '2021-02-22 15:19:01.345+00', '2021-02-22 15:19:01.345+00'),
	(652, 'Dr. Minh Tâm Phạm', '$2a$08$FAwlxDqnJCOPQYKWCCJVp.lldh1URR8iflWtHjgZdHiFjUFPnpf5O', 3, 1, '2021-02-22 15:19:01.347+00', '2021-02-22 15:19:01.347+00'),
	(653, 'Dr. Thiện Ân Trịnh', '$2a$08$FAwlxDqnJCOPQYKWCCJVp.lldh1URR8iflWtHjgZdHiFjUFPnpf5O', 3, 1, '2021-02-22 15:19:01.349+00', '2021-02-22 15:19:01.349+00'),
	(654, 'Minh Tuấn Phùng', '$2a$08$FAwlxDqnJCOPQYKWCCJVp.lldh1URR8iflWtHjgZdHiFjUFPnpf5O', 3, 1, '2021-02-22 15:19:01.352+00', '2021-02-22 15:19:01.352+00'),
	(655, 'Khánh My Hoàng', '$2a$08$FAwlxDqnJCOPQYKWCCJVp.lldh1URR8iflWtHjgZdHiFjUFPnpf5O', 3, 1, '2021-02-22 15:19:01.354+00', '2021-02-22 15:19:01.354+00'),
	(656, 'Mr. Ðắc Thái Trương', '$2a$08$FAwlxDqnJCOPQYKWCCJVp.lldh1URR8iflWtHjgZdHiFjUFPnpf5O', 3, 1, '2021-02-22 15:19:01.356+00', '2021-02-22 15:19:01.356+00'),
	(657, 'Minh Thái Lý III', '$2a$08$FAwlxDqnJCOPQYKWCCJVp.lldh1URR8iflWtHjgZdHiFjUFPnpf5O', 3, 1, '2021-02-22 15:19:01.358+00', '2021-02-22 15:19:01.358+00'),
	(658, 'Ngọc Ẩn Lê', '$2a$08$FAwlxDqnJCOPQYKWCCJVp.lldh1URR8iflWtHjgZdHiFjUFPnpf5O', 3, 1, '2021-02-22 15:19:01.359+00', '2021-02-22 15:19:01.359+00'),
	(659, 'Ms. Ðắc Thái Trần', '$2a$08$FAwlxDqnJCOPQYKWCCJVp.lldh1URR8iflWtHjgZdHiFjUFPnpf5O', 3, 1, '2021-02-22 15:19:01.361+00', '2021-02-22 15:19:01.361+00'),
	(660, 'Hữu Chiến Hoàng', '$2a$08$FAwlxDqnJCOPQYKWCCJVp.lldh1URR8iflWtHjgZdHiFjUFPnpf5O', 3, 1, '2021-02-22 15:19:01.363+00', '2021-02-22 15:19:01.363+00'),
	(661, 'Hoàng Khang Vương', '$2a$08$FAwlxDqnJCOPQYKWCCJVp.lldh1URR8iflWtHjgZdHiFjUFPnpf5O', 3, 1, '2021-02-22 15:19:01.365+00', '2021-02-22 15:19:01.365+00'),
	(662, 'Phương Triều Hồ', '$2a$08$FAwlxDqnJCOPQYKWCCJVp.lldh1URR8iflWtHjgZdHiFjUFPnpf5O', 3, 1, '2021-02-22 15:19:01.367+00', '2021-02-22 15:19:01.367+00'),
	(663, 'Hạnh Phương Đào', '$2a$08$FAwlxDqnJCOPQYKWCCJVp.lldh1URR8iflWtHjgZdHiFjUFPnpf5O', 3, 1, '2021-02-22 15:19:01.37+00', '2021-02-22 15:19:01.37+00'),
	(664, 'Phượng Tiên Lâm', '$2a$08$FAwlxDqnJCOPQYKWCCJVp.lldh1URR8iflWtHjgZdHiFjUFPnpf5O', 3, 1, '2021-02-22 15:19:01.372+00', '2021-02-22 15:19:01.372+00'),
	(665, 'Trọng Hùng Trương', '$2a$08$FAwlxDqnJCOPQYKWCCJVp.lldh1URR8iflWtHjgZdHiFjUFPnpf5O', 3, 1, '2021-02-22 15:19:01.374+00', '2021-02-22 15:19:01.374+00'),
	(666, 'Thảo Mai Tăng', '$2a$08$FAwlxDqnJCOPQYKWCCJVp.lldh1URR8iflWtHjgZdHiFjUFPnpf5O', 3, 1, '2021-02-22 15:19:01.376+00', '2021-02-22 15:19:01.376+00'),
	(667, 'Kim Mai Đỗ', '$2a$08$FAwlxDqnJCOPQYKWCCJVp.lldh1URR8iflWtHjgZdHiFjUFPnpf5O', 3, 1, '2021-02-22 15:19:01.377+00', '2021-02-22 15:19:01.377+00'),
	(668, 'Thành Công Trần', '$2a$08$FAwlxDqnJCOPQYKWCCJVp.lldh1URR8iflWtHjgZdHiFjUFPnpf5O', 3, 1, '2021-02-22 15:19:01.379+00', '2021-02-22 15:19:01.379+00'),
	(669, 'Ngọc Quế Lâm', '$2a$08$FAwlxDqnJCOPQYKWCCJVp.lldh1URR8iflWtHjgZdHiFjUFPnpf5O', 3, 1, '2021-02-22 15:19:01.381+00', '2021-02-22 15:19:01.381+00'),
	(670, 'Thu Thảo Đặng', '$2a$08$FAwlxDqnJCOPQYKWCCJVp.lldh1URR8iflWtHjgZdHiFjUFPnpf5O', 3, 1, '2021-02-22 15:19:01.383+00', '2021-02-22 15:19:01.383+00'),
	(671, 'Thiếu Cường Lý', '$2a$08$FAwlxDqnJCOPQYKWCCJVp.lldh1URR8iflWtHjgZdHiFjUFPnpf5O', 3, 1, '2021-02-22 15:19:01.385+00', '2021-02-22 15:19:01.385+00'),
	(672, 'Ngọc Vân Hồ', '$2a$08$FAwlxDqnJCOPQYKWCCJVp.lldh1URR8iflWtHjgZdHiFjUFPnpf5O', 3, 1, '2021-02-22 15:19:01.387+00', '2021-02-22 15:19:01.387+00'),
	(673, 'Quang Thắng Phạm', '$2a$08$FAwlxDqnJCOPQYKWCCJVp.lldh1URR8iflWtHjgZdHiFjUFPnpf5O', 3, 1, '2021-02-22 15:19:01.388+00', '2021-02-22 15:19:01.388+00'),
	(674, 'Liên Chi Dương', '$2a$08$FAwlxDqnJCOPQYKWCCJVp.lldh1URR8iflWtHjgZdHiFjUFPnpf5O', 3, 1, '2021-02-22 15:19:01.39+00', '2021-02-22 15:19:01.39+00'),
	(675, 'Ngọc Cầm Hà PhD', '$2a$08$FAwlxDqnJCOPQYKWCCJVp.lldh1URR8iflWtHjgZdHiFjUFPnpf5O', 3, 1, '2021-02-22 15:19:01.392+00', '2021-02-22 15:19:01.392+00'),
	(676, 'Mr. Thế Lâm Đặng', '$2a$08$FAwlxDqnJCOPQYKWCCJVp.lldh1URR8iflWtHjgZdHiFjUFPnpf5O', 3, 1, '2021-02-22 15:19:01.394+00', '2021-02-22 15:19:01.394+00'),
	(677, 'Phương Thùy Đào Sr.', '$2a$08$FAwlxDqnJCOPQYKWCCJVp.lldh1URR8iflWtHjgZdHiFjUFPnpf5O', 3, 1, '2021-02-22 15:19:01.396+00', '2021-02-22 15:19:01.396+00'),
	(678, 'Ngọc Ly Ngô', '$2a$08$FAwlxDqnJCOPQYKWCCJVp.lldh1URR8iflWtHjgZdHiFjUFPnpf5O', 3, 1, '2021-02-22 15:19:01.398+00', '2021-02-22 15:19:01.398+00'),
	(679, 'Thùy Oanh Mai', '$2a$08$FAwlxDqnJCOPQYKWCCJVp.lldh1URR8iflWtHjgZdHiFjUFPnpf5O', 3, 1, '2021-02-22 15:19:01.399+00', '2021-02-22 15:19:01.399+00'),
	(680, 'Thái Sang Đinh', '$2a$08$FAwlxDqnJCOPQYKWCCJVp.lldh1URR8iflWtHjgZdHiFjUFPnpf5O', 3, 1, '2021-02-22 15:19:01.401+00', '2021-02-22 15:19:01.401+00'),
	(681, 'Thúy Kiều Đoàn', '$2a$08$FAwlxDqnJCOPQYKWCCJVp.lldh1URR8iflWtHjgZdHiFjUFPnpf5O', 3, 1, '2021-02-22 15:19:01.403+00', '2021-02-22 15:19:01.403+00'),
	(682, 'Túy Loan Vương', '$2a$08$FAwlxDqnJCOPQYKWCCJVp.lldh1URR8iflWtHjgZdHiFjUFPnpf5O', 3, 1, '2021-02-22 15:19:01.405+00', '2021-02-22 15:19:01.405+00'),
	(683, 'Kim Ngân Hoàng V', '$2a$08$FAwlxDqnJCOPQYKWCCJVp.lldh1URR8iflWtHjgZdHiFjUFPnpf5O', 3, 1, '2021-02-22 15:19:01.407+00', '2021-02-22 15:19:01.407+00'),
	(684, 'Ngọc Nữ Lâm', '$2a$08$FAwlxDqnJCOPQYKWCCJVp.lldh1URR8iflWtHjgZdHiFjUFPnpf5O', 3, 1, '2021-02-22 15:19:01.409+00', '2021-02-22 15:19:01.409+00'),
	(685, 'Khắc Triệu Ngô', '$2a$08$FAwlxDqnJCOPQYKWCCJVp.lldh1URR8iflWtHjgZdHiFjUFPnpf5O', 3, 1, '2021-02-22 15:19:01.41+00', '2021-02-22 15:19:01.41+00'),
	(686, 'Thái Dương Vương', '$2a$08$FAwlxDqnJCOPQYKWCCJVp.lldh1URR8iflWtHjgZdHiFjUFPnpf5O', 3, 1, '2021-02-22 15:19:01.413+00', '2021-02-22 15:19:01.413+00'),
	(687, 'Quang Nhật Tô', '$2a$08$FAwlxDqnJCOPQYKWCCJVp.lldh1URR8iflWtHjgZdHiFjUFPnpf5O', 3, 1, '2021-02-22 15:19:01.415+00', '2021-02-22 15:19:01.415+00'),
	(688, 'Miss Xuân Hàm Lý', '$2a$08$FAwlxDqnJCOPQYKWCCJVp.lldh1URR8iflWtHjgZdHiFjUFPnpf5O', 3, 1, '2021-02-22 15:19:01.416+00', '2021-02-22 15:19:01.416+00'),
	(689, 'Bích Ngân Bùi', '$2a$08$FAwlxDqnJCOPQYKWCCJVp.lldh1URR8iflWtHjgZdHiFjUFPnpf5O', 3, 1, '2021-02-22 15:19:01.418+00', '2021-02-22 15:19:01.418+00'),
	(690, 'Mr. Minh Yến Vũ', '$2a$08$FAwlxDqnJCOPQYKWCCJVp.lldh1URR8iflWtHjgZdHiFjUFPnpf5O', 3, 1, '2021-02-22 15:19:01.42+00', '2021-02-22 15:19:01.42+00'),
	(691, 'Diễm Thư Phan', '$2a$08$FAwlxDqnJCOPQYKWCCJVp.lldh1URR8iflWtHjgZdHiFjUFPnpf5O', 3, 1, '2021-02-22 15:19:01.422+00', '2021-02-22 15:19:01.422+00'),
	(692, 'Hồng Nhật Đoàn', '$2a$08$FAwlxDqnJCOPQYKWCCJVp.lldh1URR8iflWtHjgZdHiFjUFPnpf5O', 3, 1, '2021-02-22 15:19:01.424+00', '2021-02-22 15:19:01.424+00'),
	(693, 'An Nhiên Phùng', '$2a$08$FAwlxDqnJCOPQYKWCCJVp.lldh1URR8iflWtHjgZdHiFjUFPnpf5O', 3, 1, '2021-02-22 15:19:01.425+00', '2021-02-22 15:19:01.425+00'),
	(694, 'Hương Chi Nguyễn', '$2a$08$FAwlxDqnJCOPQYKWCCJVp.lldh1URR8iflWtHjgZdHiFjUFPnpf5O', 3, 1, '2021-02-22 15:19:01.427+00', '2021-02-22 15:19:01.427+00'),
	(695, 'Lương Tài Bùi', '$2a$08$FAwlxDqnJCOPQYKWCCJVp.lldh1URR8iflWtHjgZdHiFjUFPnpf5O', 3, 1, '2021-02-22 15:19:01.429+00', '2021-02-22 15:19:01.429+00'),
	(696, 'Vân Linh Phùng', '$2a$08$FAwlxDqnJCOPQYKWCCJVp.lldh1URR8iflWtHjgZdHiFjUFPnpf5O', 3, 1, '2021-02-22 15:19:01.431+00', '2021-02-22 15:19:01.431+00'),
	(697, 'Thuận Phương Lý', '$2a$08$FAwlxDqnJCOPQYKWCCJVp.lldh1URR8iflWtHjgZdHiFjUFPnpf5O', 3, 1, '2021-02-22 15:19:01.433+00', '2021-02-22 15:19:01.433+00'),
	(698, 'Kim Xuyến Trần IV', '$2a$08$FAwlxDqnJCOPQYKWCCJVp.lldh1URR8iflWtHjgZdHiFjUFPnpf5O', 3, 1, '2021-02-22 15:19:01.437+00', '2021-02-22 15:19:01.437+00'),
	(699, 'Phương Thảo Tô IV', '$2a$08$FAwlxDqnJCOPQYKWCCJVp.lldh1URR8iflWtHjgZdHiFjUFPnpf5O', 3, 1, '2021-02-22 15:19:01.439+00', '2021-02-22 15:19:01.439+00'),
	(700, 'Ái Nhân Đinh', '$2a$08$FAwlxDqnJCOPQYKWCCJVp.lldh1URR8iflWtHjgZdHiFjUFPnpf5O', 3, 1, '2021-02-22 15:19:01.44+00', '2021-02-22 15:19:01.44+00'),
	(701, 'Ms. Liên Hoa Đặng', '$2a$08$FAwlxDqnJCOPQYKWCCJVp.lldh1URR8iflWtHjgZdHiFjUFPnpf5O', 3, 1, '2021-02-22 15:19:01.442+00', '2021-02-22 15:19:01.442+00'),
	(702, 'Minh Thạc Vương', '$2a$08$FAwlxDqnJCOPQYKWCCJVp.lldh1URR8iflWtHjgZdHiFjUFPnpf5O', 3, 1, '2021-02-22 15:19:01.444+00', '2021-02-22 15:19:01.444+00'),
	(703, 'Quân Dương Ngô', '$2a$08$FAwlxDqnJCOPQYKWCCJVp.lldh1URR8iflWtHjgZdHiFjUFPnpf5O', 3, 1, '2021-02-22 15:19:01.446+00', '2021-02-22 15:19:01.446+00'),
	(704, 'Ðông Phương Đặng', '$2a$08$FAwlxDqnJCOPQYKWCCJVp.lldh1URR8iflWtHjgZdHiFjUFPnpf5O', 3, 1, '2021-02-22 15:19:01.449+00', '2021-02-22 15:19:01.449+00'),
	(705, 'Đoan Thanh Trương', '$2a$08$FAwlxDqnJCOPQYKWCCJVp.lldh1URR8iflWtHjgZdHiFjUFPnpf5O', 3, 1, '2021-02-22 15:19:01.451+00', '2021-02-22 15:19:01.451+00'),
	(706, 'Gia Ân Lê', '$2a$08$FAwlxDqnJCOPQYKWCCJVp.lldh1URR8iflWtHjgZdHiFjUFPnpf5O', 3, 1, '2021-02-22 15:19:01.455+00', '2021-02-22 15:19:01.455+00'),
	(707, 'Quốc Hòa Vương', '$2a$08$FAwlxDqnJCOPQYKWCCJVp.lldh1URR8iflWtHjgZdHiFjUFPnpf5O', 3, 1, '2021-02-22 15:19:01.457+00', '2021-02-22 15:19:01.457+00'),
	(708, 'Trúc Quỳnh Trịnh', '$2a$08$FAwlxDqnJCOPQYKWCCJVp.lldh1URR8iflWtHjgZdHiFjUFPnpf5O', 3, 1, '2021-02-22 15:19:01.458+00', '2021-02-22 15:19:01.458+00'),
	(709, 'Minh Hải Vương II', '$2a$08$FAwlxDqnJCOPQYKWCCJVp.lldh1URR8iflWtHjgZdHiFjUFPnpf5O', 3, 1, '2021-02-22 15:19:01.461+00', '2021-02-22 15:19:01.461+00'),
	(710, 'Xuân Mai Hà', '$2a$08$FAwlxDqnJCOPQYKWCCJVp.lldh1URR8iflWtHjgZdHiFjUFPnpf5O', 3, 1, '2021-02-22 15:19:01.463+00', '2021-02-22 15:19:01.463+00'),
	(711, 'Thảo Nhi Dương', '$2a$08$FAwlxDqnJCOPQYKWCCJVp.lldh1URR8iflWtHjgZdHiFjUFPnpf5O', 3, 1, '2021-02-22 15:19:01.464+00', '2021-02-22 15:19:01.464+00'),
	(712, 'Anh Thư Đào', '$2a$08$FAwlxDqnJCOPQYKWCCJVp.lldh1URR8iflWtHjgZdHiFjUFPnpf5O', 3, 1, '2021-02-22 15:19:01.466+00', '2021-02-22 15:19:01.466+00'),
	(713, 'Nguyết Ánh Hồ', '$2a$08$FAwlxDqnJCOPQYKWCCJVp.lldh1URR8iflWtHjgZdHiFjUFPnpf5O', 3, 1, '2021-02-22 15:19:01.468+00', '2021-02-22 15:19:01.468+00'),
	(714, 'Mr. Vinh Diệu Trịnh', '$2a$08$FAwlxDqnJCOPQYKWCCJVp.lldh1URR8iflWtHjgZdHiFjUFPnpf5O', 3, 1, '2021-02-22 15:19:01.47+00', '2021-02-22 15:19:01.47+00'),
	(715, 'Ðông Dương Lê', '$2a$08$FAwlxDqnJCOPQYKWCCJVp.lldh1URR8iflWtHjgZdHiFjUFPnpf5O', 3, 1, '2021-02-22 15:19:01.471+00', '2021-02-22 15:19:01.471+00'),
	(716, 'Trúc Ðào Lê', '$2a$08$FAwlxDqnJCOPQYKWCCJVp.lldh1URR8iflWtHjgZdHiFjUFPnpf5O', 3, 1, '2021-02-22 15:19:01.473+00', '2021-02-22 15:19:01.473+00'),
	(717, 'Khắc Ninh Đào', '$2a$08$FAwlxDqnJCOPQYKWCCJVp.lldh1URR8iflWtHjgZdHiFjUFPnpf5O', 3, 1, '2021-02-22 15:19:01.474+00', '2021-02-22 15:19:01.474+00'),
	(718, 'Ái Thi Lâm', '$2a$08$FAwlxDqnJCOPQYKWCCJVp.lldh1URR8iflWtHjgZdHiFjUFPnpf5O', 3, 1, '2021-02-22 15:19:01.476+00', '2021-02-22 15:19:01.476+00'),
	(719, 'Mỹ Uyên Lâm', '$2a$08$FAwlxDqnJCOPQYKWCCJVp.lldh1URR8iflWtHjgZdHiFjUFPnpf5O', 3, 1, '2021-02-22 15:19:01.477+00', '2021-02-22 15:19:01.477+00'),
	(720, 'Hiếu Học Hoàng', '$2a$08$FAwlxDqnJCOPQYKWCCJVp.lldh1URR8iflWtHjgZdHiFjUFPnpf5O', 3, 1, '2021-02-22 15:19:01.48+00', '2021-02-22 15:19:01.48+00'),
	(721, 'Bảo Hiển Đoàn', '$2a$08$FAwlxDqnJCOPQYKWCCJVp.lldh1URR8iflWtHjgZdHiFjUFPnpf5O', 3, 1, '2021-02-22 15:19:01.481+00', '2021-02-22 15:19:01.481+00'),
	(722, 'Mộng Hằng Lý', '$2a$08$FAwlxDqnJCOPQYKWCCJVp.lldh1URR8iflWtHjgZdHiFjUFPnpf5O', 3, 1, '2021-02-22 15:19:01.483+00', '2021-02-22 15:19:01.483+00'),
	(723, 'Duy Thành Đỗ', '$2a$08$FAwlxDqnJCOPQYKWCCJVp.lldh1URR8iflWtHjgZdHiFjUFPnpf5O', 3, 1, '2021-02-22 15:19:01.485+00', '2021-02-22 15:19:01.485+00'),
	(724, 'Hòa Hợp Vũ V', '$2a$08$FAwlxDqnJCOPQYKWCCJVp.lldh1URR8iflWtHjgZdHiFjUFPnpf5O', 3, 1, '2021-02-22 15:19:01.486+00', '2021-02-22 15:19:01.486+00'),
	(725, 'Tịnh Như Phan', '$2a$08$FAwlxDqnJCOPQYKWCCJVp.lldh1URR8iflWtHjgZdHiFjUFPnpf5O', 3, 1, '2021-02-22 15:19:01.488+00', '2021-02-22 15:19:01.488+00'),
	(726, 'Tiền Giang Lâm', '$2a$08$FAwlxDqnJCOPQYKWCCJVp.lldh1URR8iflWtHjgZdHiFjUFPnpf5O', 3, 1, '2021-02-22 15:19:01.49+00', '2021-02-22 15:19:01.49+00'),
	(727, 'Phương Nhi Nguyễn', '$2a$08$FAwlxDqnJCOPQYKWCCJVp.lldh1URR8iflWtHjgZdHiFjUFPnpf5O', 3, 1, '2021-02-22 15:19:01.491+00', '2021-02-22 15:19:01.491+00'),
	(728, 'Bích Hải Hồ', '$2a$08$FAwlxDqnJCOPQYKWCCJVp.lldh1URR8iflWtHjgZdHiFjUFPnpf5O', 3, 1, '2021-02-22 15:19:01.493+00', '2021-02-22 15:19:01.493+00'),
	(729, 'Ðức Khiêm Trần PhD', '$2a$08$FAwlxDqnJCOPQYKWCCJVp.lldh1URR8iflWtHjgZdHiFjUFPnpf5O', 3, 1, '2021-02-22 15:19:01.494+00', '2021-02-22 15:19:01.494+00'),
	(730, 'Yên Mai Nguyễn', '$2a$08$FAwlxDqnJCOPQYKWCCJVp.lldh1URR8iflWtHjgZdHiFjUFPnpf5O', 3, 1, '2021-02-22 15:19:01.496+00', '2021-02-22 15:19:01.496+00'),
	(731, 'Ngọc Loan Hà', '$2a$08$FAwlxDqnJCOPQYKWCCJVp.lldh1URR8iflWtHjgZdHiFjUFPnpf5O', 3, 1, '2021-02-22 15:19:01.498+00', '2021-02-22 15:19:01.498+00'),
	(732, 'Mạnh Tấn Đinh', '$2a$08$FAwlxDqnJCOPQYKWCCJVp.lldh1URR8iflWtHjgZdHiFjUFPnpf5O', 3, 1, '2021-02-22 15:19:01.499+00', '2021-02-22 15:19:01.499+00'),
	(733, 'Nguyệt Minh Lý', '$2a$08$FAwlxDqnJCOPQYKWCCJVp.lldh1URR8iflWtHjgZdHiFjUFPnpf5O', 3, 1, '2021-02-22 15:19:01.502+00', '2021-02-22 15:19:01.502+00'),
	(734, 'Thái Hà Đoàn', '$2a$08$FAwlxDqnJCOPQYKWCCJVp.lldh1URR8iflWtHjgZdHiFjUFPnpf5O', 3, 1, '2021-02-22 15:19:01.504+00', '2021-02-22 15:19:01.504+00'),
	(735, 'Duyên My Đoàn DVM', '$2a$08$FAwlxDqnJCOPQYKWCCJVp.lldh1URR8iflWtHjgZdHiFjUFPnpf5O', 3, 1, '2021-02-22 15:19:01.506+00', '2021-02-22 15:19:01.506+00'),
	(736, 'Bình Thuận Lê PhD', '$2a$08$FAwlxDqnJCOPQYKWCCJVp.lldh1URR8iflWtHjgZdHiFjUFPnpf5O', 3, 1, '2021-02-22 15:19:01.508+00', '2021-02-22 15:19:01.508+00'),
	(737, 'Triều Nguyệt Ngô I', '$2a$08$FAwlxDqnJCOPQYKWCCJVp.lldh1URR8iflWtHjgZdHiFjUFPnpf5O', 3, 1, '2021-02-22 15:19:01.509+00', '2021-02-22 15:19:01.509+00'),
	(738, 'Uyển My Phan', '$2a$08$FAwlxDqnJCOPQYKWCCJVp.lldh1URR8iflWtHjgZdHiFjUFPnpf5O', 3, 1, '2021-02-22 15:19:01.511+00', '2021-02-22 15:19:01.511+00'),
	(739, 'Thùy Uyên Hoàng', '$2a$08$FAwlxDqnJCOPQYKWCCJVp.lldh1URR8iflWtHjgZdHiFjUFPnpf5O', 3, 1, '2021-02-22 15:19:01.512+00', '2021-02-22 15:19:01.512+00'),
	(740, 'Trí Hào Dương', '$2a$08$FAwlxDqnJCOPQYKWCCJVp.lldh1URR8iflWtHjgZdHiFjUFPnpf5O', 3, 1, '2021-02-22 15:19:01.514+00', '2021-02-22 15:19:01.514+00'),
	(741, 'Gia Bảo Đào', '$2a$08$FAwlxDqnJCOPQYKWCCJVp.lldh1URR8iflWtHjgZdHiFjUFPnpf5O', 3, 1, '2021-02-22 15:19:01.515+00', '2021-02-22 15:19:01.515+00'),
	(742, 'Hoài Vỹ Đào', '$2a$08$FAwlxDqnJCOPQYKWCCJVp.lldh1URR8iflWtHjgZdHiFjUFPnpf5O', 3, 1, '2021-02-22 15:19:01.517+00', '2021-02-22 15:19:01.517+00'),
	(743, 'Thanh Hằng Tăng', '$2a$08$FAwlxDqnJCOPQYKWCCJVp.lldh1URR8iflWtHjgZdHiFjUFPnpf5O', 3, 1, '2021-02-22 15:19:01.519+00', '2021-02-22 15:19:01.519+00'),
	(744, 'Quang Hưng Mai', '$2a$08$FAwlxDqnJCOPQYKWCCJVp.lldh1URR8iflWtHjgZdHiFjUFPnpf5O', 3, 1, '2021-02-22 15:19:01.521+00', '2021-02-22 15:19:01.521+00'),
	(745, 'Quang Lân Nguyễn', '$2a$08$FAwlxDqnJCOPQYKWCCJVp.lldh1URR8iflWtHjgZdHiFjUFPnpf5O', 3, 1, '2021-02-22 15:19:01.522+00', '2021-02-22 15:19:01.522+00'),
	(746, 'Kim Vượng Lê', '$2a$08$FAwlxDqnJCOPQYKWCCJVp.lldh1URR8iflWtHjgZdHiFjUFPnpf5O', 3, 1, '2021-02-22 15:19:01.524+00', '2021-02-22 15:19:01.524+00'),
	(747, 'Hải Thảo Ngô', '$2a$08$FAwlxDqnJCOPQYKWCCJVp.lldh1URR8iflWtHjgZdHiFjUFPnpf5O', 3, 1, '2021-02-22 15:19:01.526+00', '2021-02-22 15:19:01.526+00'),
	(748, 'Viễn Thông Hoàng', '$2a$08$FAwlxDqnJCOPQYKWCCJVp.lldh1URR8iflWtHjgZdHiFjUFPnpf5O', 3, 1, '2021-02-22 15:19:01.529+00', '2021-02-22 15:19:01.529+00'),
	(749, 'Minh Quân Nguyễn', '$2a$08$FAwlxDqnJCOPQYKWCCJVp.lldh1URR8iflWtHjgZdHiFjUFPnpf5O', 3, 1, '2021-02-22 15:19:01.531+00', '2021-02-22 15:19:01.531+00'),
	(750, 'Ðức Khải Lý', '$2a$08$FAwlxDqnJCOPQYKWCCJVp.lldh1URR8iflWtHjgZdHiFjUFPnpf5O', 3, 1, '2021-02-22 15:19:01.532+00', '2021-02-22 15:19:01.532+00');
INSERT INTO public.members VALUES
	(751, 'Cẩm Nhi Phùng DDS', '$2a$08$FAwlxDqnJCOPQYKWCCJVp.lldh1URR8iflWtHjgZdHiFjUFPnpf5O', 3, 1, '2021-02-22 15:19:01.534+00', '2021-02-22 15:19:01.534+00'),
	(752, 'Mạnh Cường Lý', '$2a$08$FAwlxDqnJCOPQYKWCCJVp.lldh1URR8iflWtHjgZdHiFjUFPnpf5O', 3, 1, '2021-02-22 15:19:01.536+00', '2021-02-22 15:19:01.536+00'),
	(753, 'Kiến Ðức Trần', '$2a$08$FAwlxDqnJCOPQYKWCCJVp.lldh1URR8iflWtHjgZdHiFjUFPnpf5O', 3, 1, '2021-02-22 15:19:01.537+00', '2021-02-22 15:19:01.537+00'),
	(754, 'Hồng Khôi Hà DVM', '$2a$08$FAwlxDqnJCOPQYKWCCJVp.lldh1URR8iflWtHjgZdHiFjUFPnpf5O', 3, 1, '2021-02-22 15:19:01.539+00', '2021-02-22 15:19:01.539+00'),
	(755, 'Xuân Bình Hoàng', '$2a$08$FAwlxDqnJCOPQYKWCCJVp.lldh1URR8iflWtHjgZdHiFjUFPnpf5O', 3, 1, '2021-02-22 15:19:01.54+00', '2021-02-22 15:19:01.54+00'),
	(756, 'Gia Kiên Mai', '$2a$08$FAwlxDqnJCOPQYKWCCJVp.lldh1URR8iflWtHjgZdHiFjUFPnpf5O', 3, 1, '2021-02-22 15:19:01.542+00', '2021-02-22 15:19:01.542+00'),
	(757, 'Phục Lễ Mai', '$2a$08$FAwlxDqnJCOPQYKWCCJVp.lldh1URR8iflWtHjgZdHiFjUFPnpf5O', 3, 1, '2021-02-22 15:19:01.544+00', '2021-02-22 15:19:01.544+00'),
	(758, 'Ngọc Thiện Trịnh', '$2a$08$FAwlxDqnJCOPQYKWCCJVp.lldh1URR8iflWtHjgZdHiFjUFPnpf5O', 3, 1, '2021-02-22 15:19:01.546+00', '2021-02-22 15:19:01.546+00'),
	(759, 'Mrs. Cát Ly Phạm', '$2a$08$FAwlxDqnJCOPQYKWCCJVp.lldh1URR8iflWtHjgZdHiFjUFPnpf5O', 3, 1, '2021-02-22 15:19:01.547+00', '2021-02-22 15:19:01.547+00'),
	(760, 'Chí Sơn Lý', '$2a$08$FAwlxDqnJCOPQYKWCCJVp.lldh1URR8iflWtHjgZdHiFjUFPnpf5O', 3, 1, '2021-02-22 15:19:01.549+00', '2021-02-22 15:19:01.549+00'),
	(761, 'Cát Linh Dương Sr.', '$2a$08$FAwlxDqnJCOPQYKWCCJVp.lldh1URR8iflWtHjgZdHiFjUFPnpf5O', 3, 1, '2021-02-22 15:19:01.55+00', '2021-02-22 15:19:01.55+00'),
	(762, 'Hương Lan Ngô PhD', '$2a$08$FAwlxDqnJCOPQYKWCCJVp.lldh1URR8iflWtHjgZdHiFjUFPnpf5O', 3, 1, '2021-02-22 15:19:01.551+00', '2021-02-22 15:19:01.551+00'),
	(763, 'Bảo Thái Ngô', '$2a$08$FAwlxDqnJCOPQYKWCCJVp.lldh1URR8iflWtHjgZdHiFjUFPnpf5O', 3, 1, '2021-02-22 15:19:01.553+00', '2021-02-22 15:19:01.553+00'),
	(764, 'Minh Đan Mai', '$2a$08$FAwlxDqnJCOPQYKWCCJVp.lldh1URR8iflWtHjgZdHiFjUFPnpf5O', 3, 1, '2021-02-22 15:19:01.554+00', '2021-02-22 15:19:01.554+00'),
	(765, 'Cao Nghiệp Dương', '$2a$08$FAwlxDqnJCOPQYKWCCJVp.lldh1URR8iflWtHjgZdHiFjUFPnpf5O', 3, 1, '2021-02-22 15:19:01.555+00', '2021-02-22 15:19:01.555+00'),
	(766, 'Mai Thảo Nguyễn', '$2a$08$FAwlxDqnJCOPQYKWCCJVp.lldh1URR8iflWtHjgZdHiFjUFPnpf5O', 3, 1, '2021-02-22 15:19:01.557+00', '2021-02-22 15:19:01.557+00'),
	(767, 'Đông Nghi Đinh', '$2a$08$FAwlxDqnJCOPQYKWCCJVp.lldh1URR8iflWtHjgZdHiFjUFPnpf5O', 3, 1, '2021-02-22 15:19:01.558+00', '2021-02-22 15:19:01.558+00'),
	(768, 'Dr. Hữu Ðạt Mai', '$2a$08$FAwlxDqnJCOPQYKWCCJVp.lldh1URR8iflWtHjgZdHiFjUFPnpf5O', 3, 1, '2021-02-22 15:19:01.559+00', '2021-02-22 15:19:01.559+00'),
	(769, 'Thành Ân Đinh', '$2a$08$FAwlxDqnJCOPQYKWCCJVp.lldh1URR8iflWtHjgZdHiFjUFPnpf5O', 3, 1, '2021-02-22 15:19:01.56+00', '2021-02-22 15:19:01.56+00'),
	(770, 'Tố Nga Hà', '$2a$08$FAwlxDqnJCOPQYKWCCJVp.lldh1URR8iflWtHjgZdHiFjUFPnpf5O', 3, 1, '2021-02-22 15:19:01.562+00', '2021-02-22 15:19:01.562+00'),
	(771, 'Ðức Kiên Ngô', '$2a$08$FAwlxDqnJCOPQYKWCCJVp.lldh1URR8iflWtHjgZdHiFjUFPnpf5O', 3, 1, '2021-02-22 15:19:01.563+00', '2021-02-22 15:19:01.563+00'),
	(772, 'Thuận Anh Vương', '$2a$08$FAwlxDqnJCOPQYKWCCJVp.lldh1URR8iflWtHjgZdHiFjUFPnpf5O', 3, 1, '2021-02-22 15:19:01.564+00', '2021-02-22 15:19:01.564+00'),
	(773, 'Quốc Ðiền Đào', '$2a$08$FAwlxDqnJCOPQYKWCCJVp.lldh1URR8iflWtHjgZdHiFjUFPnpf5O', 3, 1, '2021-02-22 15:19:01.566+00', '2021-02-22 15:19:01.566+00'),
	(774, 'Thiên Nương Phạm', '$2a$08$FAwlxDqnJCOPQYKWCCJVp.lldh1URR8iflWtHjgZdHiFjUFPnpf5O', 3, 1, '2021-02-22 15:19:01.568+00', '2021-02-22 15:19:01.568+00'),
	(775, 'Mrs. Hoài Thương Lê', '$2a$08$FAwlxDqnJCOPQYKWCCJVp.lldh1URR8iflWtHjgZdHiFjUFPnpf5O', 3, 1, '2021-02-22 15:19:01.571+00', '2021-02-22 15:19:01.571+00'),
	(776, 'Nam Việt Đoàn', '$2a$08$FAwlxDqnJCOPQYKWCCJVp.lldh1URR8iflWtHjgZdHiFjUFPnpf5O', 3, 1, '2021-02-22 15:19:01.572+00', '2021-02-22 15:19:01.572+00'),
	(777, 'Vân Trinh Vương', '$2a$08$FAwlxDqnJCOPQYKWCCJVp.lldh1URR8iflWtHjgZdHiFjUFPnpf5O', 3, 1, '2021-02-22 15:19:01.574+00', '2021-02-22 15:19:01.574+00'),
	(778, 'Lâm Oanh Đoàn', '$2a$08$FAwlxDqnJCOPQYKWCCJVp.lldh1URR8iflWtHjgZdHiFjUFPnpf5O', 3, 1, '2021-02-22 15:19:01.576+00', '2021-02-22 15:19:01.576+00'),
	(779, 'Thu Duyên Vương', '$2a$08$FAwlxDqnJCOPQYKWCCJVp.lldh1URR8iflWtHjgZdHiFjUFPnpf5O', 3, 1, '2021-02-22 15:19:01.577+00', '2021-02-22 15:19:01.577+00'),
	(780, 'Anh Minh Phan', '$2a$08$FAwlxDqnJCOPQYKWCCJVp.lldh1URR8iflWtHjgZdHiFjUFPnpf5O', 3, 1, '2021-02-22 15:19:01.578+00', '2021-02-22 15:19:01.578+00'),
	(781, 'Vạn Hạnh Phạm', '$2a$08$FAwlxDqnJCOPQYKWCCJVp.lldh1URR8iflWtHjgZdHiFjUFPnpf5O', 3, 1, '2021-02-22 15:19:01.58+00', '2021-02-22 15:19:01.58+00'),
	(782, 'Phương Hiền Vương', '$2a$08$FAwlxDqnJCOPQYKWCCJVp.lldh1URR8iflWtHjgZdHiFjUFPnpf5O', 3, 1, '2021-02-22 15:19:01.581+00', '2021-02-22 15:19:01.581+00'),
	(783, 'Hoàng Nguyên Hoàng', '$2a$08$FAwlxDqnJCOPQYKWCCJVp.lldh1URR8iflWtHjgZdHiFjUFPnpf5O', 3, 1, '2021-02-22 15:19:01.582+00', '2021-02-22 15:19:01.582+00'),
	(784, 'Nhật Quang Hồ', '$2a$08$FAwlxDqnJCOPQYKWCCJVp.lldh1URR8iflWtHjgZdHiFjUFPnpf5O', 3, 1, '2021-02-22 15:19:01.584+00', '2021-02-22 15:19:01.584+00'),
	(785, 'Minh Hiếu Đỗ', '$2a$08$FAwlxDqnJCOPQYKWCCJVp.lldh1URR8iflWtHjgZdHiFjUFPnpf5O', 3, 1, '2021-02-22 15:19:01.585+00', '2021-02-22 15:19:01.585+00'),
	(786, 'Giáng Uyên Mai', '$2a$08$FAwlxDqnJCOPQYKWCCJVp.lldh1URR8iflWtHjgZdHiFjUFPnpf5O', 3, 1, '2021-02-22 15:19:01.586+00', '2021-02-22 15:19:01.586+00'),
	(787, 'Phong Châu Hà', '$2a$08$FAwlxDqnJCOPQYKWCCJVp.lldh1URR8iflWtHjgZdHiFjUFPnpf5O', 3, 1, '2021-02-22 15:19:01.588+00', '2021-02-22 15:19:01.588+00'),
	(788, 'Tuấn Chương Trịnh', '$2a$08$FAwlxDqnJCOPQYKWCCJVp.lldh1URR8iflWtHjgZdHiFjUFPnpf5O', 3, 1, '2021-02-22 15:19:01.589+00', '2021-02-22 15:19:01.589+00'),
	(789, 'Ms. Phương Phương Dương', '$2a$08$FAwlxDqnJCOPQYKWCCJVp.lldh1URR8iflWtHjgZdHiFjUFPnpf5O', 3, 1, '2021-02-22 15:19:01.59+00', '2021-02-22 15:19:01.59+00'),
	(790, 'Chế Phương Đào', '$2a$08$FAwlxDqnJCOPQYKWCCJVp.lldh1URR8iflWtHjgZdHiFjUFPnpf5O', 3, 1, '2021-02-22 15:19:01.592+00', '2021-02-22 15:19:01.592+00'),
	(791, 'Thùy Uyên Phan', '$2a$08$FAwlxDqnJCOPQYKWCCJVp.lldh1URR8iflWtHjgZdHiFjUFPnpf5O', 3, 1, '2021-02-22 15:19:01.593+00', '2021-02-22 15:19:01.593+00'),
	(792, 'Mạnh Nghiêm Trương', '$2a$08$FAwlxDqnJCOPQYKWCCJVp.lldh1URR8iflWtHjgZdHiFjUFPnpf5O', 3, 1, '2021-02-22 15:19:01.594+00', '2021-02-22 15:19:01.594+00'),
	(793, 'Thục Quyên Phạm', '$2a$08$FAwlxDqnJCOPQYKWCCJVp.lldh1URR8iflWtHjgZdHiFjUFPnpf5O', 3, 1, '2021-02-22 15:19:01.595+00', '2021-02-22 15:19:01.595+00'),
	(794, 'Ngọc Hà Hoàng MD', '$2a$08$FAwlxDqnJCOPQYKWCCJVp.lldh1URR8iflWtHjgZdHiFjUFPnpf5O', 3, 1, '2021-02-22 15:19:01.597+00', '2021-02-22 15:19:01.597+00'),
	(795, 'Miss Ngọc Thi Lý', '$2a$08$FAwlxDqnJCOPQYKWCCJVp.lldh1URR8iflWtHjgZdHiFjUFPnpf5O', 3, 1, '2021-02-22 15:19:01.598+00', '2021-02-22 15:19:01.598+00'),
	(796, 'Ðông Nguyên Đặng', '$2a$08$FAwlxDqnJCOPQYKWCCJVp.lldh1URR8iflWtHjgZdHiFjUFPnpf5O', 3, 1, '2021-02-22 15:19:01.599+00', '2021-02-22 15:19:01.599+00'),
	(797, 'Thái Sang Hà', '$2a$08$FAwlxDqnJCOPQYKWCCJVp.lldh1URR8iflWtHjgZdHiFjUFPnpf5O', 3, 1, '2021-02-22 15:19:01.601+00', '2021-02-22 15:19:01.601+00'),
	(798, 'Miss Mộng Tuyền Đặng', '$2a$08$FAwlxDqnJCOPQYKWCCJVp.lldh1URR8iflWtHjgZdHiFjUFPnpf5O', 3, 1, '2021-02-22 15:19:01.602+00', '2021-02-22 15:19:01.602+00'),
	(799, 'Diệu Hoa Lâm', '$2a$08$FAwlxDqnJCOPQYKWCCJVp.lldh1URR8iflWtHjgZdHiFjUFPnpf5O', 3, 1, '2021-02-22 15:19:01.603+00', '2021-02-22 15:19:01.603+00'),
	(800, 'Xuân Vân Phạm', '$2a$08$FAwlxDqnJCOPQYKWCCJVp.lldh1URR8iflWtHjgZdHiFjUFPnpf5O', 3, 1, '2021-02-22 15:19:01.605+00', '2021-02-22 15:19:01.605+00'),
	(801, 'Ðại Thống Tăng', '$2a$08$FAwlxDqnJCOPQYKWCCJVp.lldh1URR8iflWtHjgZdHiFjUFPnpf5O', 3, 1, '2021-02-22 15:19:01.606+00', '2021-02-22 15:19:01.606+00'),
	(802, 'Dr. Hải Vân Lê', '$2a$08$FAwlxDqnJCOPQYKWCCJVp.lldh1URR8iflWtHjgZdHiFjUFPnpf5O', 3, 1, '2021-02-22 15:19:01.607+00', '2021-02-22 15:19:01.607+00'),
	(803, 'Kim Tuyết Tô', '$2a$08$FAwlxDqnJCOPQYKWCCJVp.lldh1URR8iflWtHjgZdHiFjUFPnpf5O', 3, 1, '2021-02-22 15:19:01.609+00', '2021-02-22 15:19:01.609+00'),
	(804, 'Lan Anh Lý I', '$2a$08$FAwlxDqnJCOPQYKWCCJVp.lldh1URR8iflWtHjgZdHiFjUFPnpf5O', 3, 1, '2021-02-22 15:19:01.61+00', '2021-02-22 15:19:01.61+00'),
	(805, 'Miss Thúy Phượng Trịnh', '$2a$08$FAwlxDqnJCOPQYKWCCJVp.lldh1URR8iflWtHjgZdHiFjUFPnpf5O', 3, 1, '2021-02-22 15:19:01.611+00', '2021-02-22 15:19:01.611+00'),
	(806, 'Hồng Châu Hoàng', '$2a$08$FAwlxDqnJCOPQYKWCCJVp.lldh1URR8iflWtHjgZdHiFjUFPnpf5O', 3, 1, '2021-02-22 15:19:01.613+00', '2021-02-22 15:19:01.613+00'),
	(807, 'Bạch Quỳnh Nguyễn', '$2a$08$FAwlxDqnJCOPQYKWCCJVp.lldh1URR8iflWtHjgZdHiFjUFPnpf5O', 3, 1, '2021-02-22 15:19:01.614+00', '2021-02-22 15:19:01.614+00'),
	(808, 'Minh Dân Trịnh', '$2a$08$FAwlxDqnJCOPQYKWCCJVp.lldh1URR8iflWtHjgZdHiFjUFPnpf5O', 3, 1, '2021-02-22 15:19:01.615+00', '2021-02-22 15:19:01.615+00'),
	(809, 'Ngọc Lan Trịnh', '$2a$08$FAwlxDqnJCOPQYKWCCJVp.lldh1URR8iflWtHjgZdHiFjUFPnpf5O', 3, 1, '2021-02-22 15:19:01.617+00', '2021-02-22 15:19:01.617+00'),
	(810, 'Tuyết Mai Đào', '$2a$08$FAwlxDqnJCOPQYKWCCJVp.lldh1URR8iflWtHjgZdHiFjUFPnpf5O', 3, 1, '2021-02-22 15:19:01.618+00', '2021-02-22 15:19:01.618+00'),
	(811, 'Bích Chiêu Tăng', '$2a$08$FAwlxDqnJCOPQYKWCCJVp.lldh1URR8iflWtHjgZdHiFjUFPnpf5O', 3, 1, '2021-02-22 15:19:01.619+00', '2021-02-22 15:19:01.619+00'),
	(812, 'Hải Châu Đỗ', '$2a$08$FAwlxDqnJCOPQYKWCCJVp.lldh1URR8iflWtHjgZdHiFjUFPnpf5O', 3, 1, '2021-02-22 15:19:01.621+00', '2021-02-22 15:19:01.621+00'),
	(813, 'Khắc Trọng Vũ', '$2a$08$FAwlxDqnJCOPQYKWCCJVp.lldh1URR8iflWtHjgZdHiFjUFPnpf5O', 3, 1, '2021-02-22 15:19:01.622+00', '2021-02-22 15:19:01.622+00'),
	(814, 'Thiện Sinh Trương', '$2a$08$FAwlxDqnJCOPQYKWCCJVp.lldh1URR8iflWtHjgZdHiFjUFPnpf5O', 3, 1, '2021-02-22 15:19:01.623+00', '2021-02-22 15:19:01.623+00'),
	(815, 'Nhã Hương Tô', '$2a$08$FAwlxDqnJCOPQYKWCCJVp.lldh1URR8iflWtHjgZdHiFjUFPnpf5O', 3, 1, '2021-02-22 15:19:01.625+00', '2021-02-22 15:19:01.625+00'),
	(816, 'Quế Phương Hoàng', '$2a$08$FAwlxDqnJCOPQYKWCCJVp.lldh1URR8iflWtHjgZdHiFjUFPnpf5O', 3, 1, '2021-02-22 15:19:01.626+00', '2021-02-22 15:19:01.626+00'),
	(817, 'Quý Vĩnh Mai', '$2a$08$FAwlxDqnJCOPQYKWCCJVp.lldh1URR8iflWtHjgZdHiFjUFPnpf5O', 3, 1, '2021-02-22 15:19:01.628+00', '2021-02-22 15:19:01.628+00'),
	(818, 'Thế Phúc Lý I', '$2a$08$FAwlxDqnJCOPQYKWCCJVp.lldh1URR8iflWtHjgZdHiFjUFPnpf5O', 3, 1, '2021-02-22 15:19:01.629+00', '2021-02-22 15:19:01.629+00'),
	(819, 'Thụy Du Đào', '$2a$08$FAwlxDqnJCOPQYKWCCJVp.lldh1URR8iflWtHjgZdHiFjUFPnpf5O', 3, 1, '2021-02-22 15:19:01.63+00', '2021-02-22 15:19:01.63+00'),
	(820, 'Huy Trân Bùi', '$2a$08$FAwlxDqnJCOPQYKWCCJVp.lldh1URR8iflWtHjgZdHiFjUFPnpf5O', 3, 1, '2021-02-22 15:19:01.631+00', '2021-02-22 15:19:01.631+00'),
	(821, 'Miss Viết Nhân Đào', '$2a$08$FAwlxDqnJCOPQYKWCCJVp.lldh1URR8iflWtHjgZdHiFjUFPnpf5O', 3, 1, '2021-02-22 15:19:01.633+00', '2021-02-22 15:19:01.633+00'),
	(822, 'Mrs. Thái Nguyên Đỗ', '$2a$08$FAwlxDqnJCOPQYKWCCJVp.lldh1URR8iflWtHjgZdHiFjUFPnpf5O', 3, 1, '2021-02-22 15:19:01.634+00', '2021-02-22 15:19:01.634+00'),
	(823, 'Ms. Nhã Lý Vũ', '$2a$08$FAwlxDqnJCOPQYKWCCJVp.lldh1URR8iflWtHjgZdHiFjUFPnpf5O', 3, 1, '2021-02-22 15:19:01.635+00', '2021-02-22 15:19:01.635+00'),
	(824, 'Khánh Ðan Đào', '$2a$08$FAwlxDqnJCOPQYKWCCJVp.lldh1URR8iflWtHjgZdHiFjUFPnpf5O', 3, 1, '2021-02-22 15:19:01.636+00', '2021-02-22 15:19:01.636+00'),
	(825, 'Lâm Uyên Ngô', '$2a$08$FAwlxDqnJCOPQYKWCCJVp.lldh1URR8iflWtHjgZdHiFjUFPnpf5O', 3, 1, '2021-02-22 15:19:01.638+00', '2021-02-22 15:19:01.638+00'),
	(826, 'Song Kê Mai V', '$2a$08$FAwlxDqnJCOPQYKWCCJVp.lldh1URR8iflWtHjgZdHiFjUFPnpf5O', 3, 1, '2021-02-22 15:19:01.639+00', '2021-02-22 15:19:01.639+00'),
	(827, 'Ms. Hiệp Hiền Vương', '$2a$08$FAwlxDqnJCOPQYKWCCJVp.lldh1URR8iflWtHjgZdHiFjUFPnpf5O', 3, 1, '2021-02-22 15:19:01.641+00', '2021-02-22 15:19:01.641+00'),
	(828, 'Việt Dương Hà Jr.', '$2a$08$FAwlxDqnJCOPQYKWCCJVp.lldh1URR8iflWtHjgZdHiFjUFPnpf5O', 3, 1, '2021-02-22 15:19:01.646+00', '2021-02-22 15:19:01.646+00'),
	(829, 'Gia Khánh Vũ', '$2a$08$FAwlxDqnJCOPQYKWCCJVp.lldh1URR8iflWtHjgZdHiFjUFPnpf5O', 3, 1, '2021-02-22 15:19:01.649+00', '2021-02-22 15:19:01.649+00'),
	(830, 'Xuân Tâm Trịnh', '$2a$08$FAwlxDqnJCOPQYKWCCJVp.lldh1URR8iflWtHjgZdHiFjUFPnpf5O', 3, 1, '2021-02-22 15:19:01.653+00', '2021-02-22 15:19:01.653+00'),
	(831, 'Ngọc Khang Nguyễn', '$2a$08$FAwlxDqnJCOPQYKWCCJVp.lldh1URR8iflWtHjgZdHiFjUFPnpf5O', 3, 1, '2021-02-22 15:19:01.656+00', '2021-02-22 15:19:01.656+00'),
	(832, 'Mr. Quỳnh Dung Phạm', '$2a$08$FAwlxDqnJCOPQYKWCCJVp.lldh1URR8iflWtHjgZdHiFjUFPnpf5O', 3, 1, '2021-02-22 15:19:01.659+00', '2021-02-22 15:19:01.659+00'),
	(833, 'Hoàng Khang Lê', '$2a$08$FAwlxDqnJCOPQYKWCCJVp.lldh1URR8iflWtHjgZdHiFjUFPnpf5O', 3, 1, '2021-02-22 15:19:01.661+00', '2021-02-22 15:19:01.661+00'),
	(834, 'Hồng Lĩnh Vũ', '$2a$08$FAwlxDqnJCOPQYKWCCJVp.lldh1URR8iflWtHjgZdHiFjUFPnpf5O', 3, 1, '2021-02-22 15:19:01.663+00', '2021-02-22 15:19:01.663+00'),
	(835, 'Ngọc Bích Vương IV', '$2a$08$FAwlxDqnJCOPQYKWCCJVp.lldh1URR8iflWtHjgZdHiFjUFPnpf5O', 3, 1, '2021-02-22 15:19:01.665+00', '2021-02-22 15:19:01.665+00'),
	(836, 'Xuân Loan Dương', '$2a$08$FAwlxDqnJCOPQYKWCCJVp.lldh1URR8iflWtHjgZdHiFjUFPnpf5O', 3, 1, '2021-02-22 15:19:01.666+00', '2021-02-22 15:19:01.666+00'),
	(837, 'Tùng Lâm Đào', '$2a$08$FAwlxDqnJCOPQYKWCCJVp.lldh1URR8iflWtHjgZdHiFjUFPnpf5O', 3, 1, '2021-02-22 15:19:01.668+00', '2021-02-22 15:19:01.668+00'),
	(838, 'Cao Minh Phùng', '$2a$08$FAwlxDqnJCOPQYKWCCJVp.lldh1URR8iflWtHjgZdHiFjUFPnpf5O', 3, 1, '2021-02-22 15:19:01.67+00', '2021-02-22 15:19:01.67+00'),
	(839, 'Mrs. Ðắc Thành Đào', '$2a$08$FAwlxDqnJCOPQYKWCCJVp.lldh1URR8iflWtHjgZdHiFjUFPnpf5O', 3, 1, '2021-02-22 15:19:01.671+00', '2021-02-22 15:19:01.671+00'),
	(840, 'Nhật Lệ Lê', '$2a$08$FAwlxDqnJCOPQYKWCCJVp.lldh1URR8iflWtHjgZdHiFjUFPnpf5O', 3, 1, '2021-02-22 15:19:01.674+00', '2021-02-22 15:19:01.674+00'),
	(841, 'Gia Hưng Lâm', '$2a$08$FAwlxDqnJCOPQYKWCCJVp.lldh1URR8iflWtHjgZdHiFjUFPnpf5O', 3, 1, '2021-02-22 15:19:01.676+00', '2021-02-22 15:19:01.676+00'),
	(842, 'Thành Thiện Đinh', '$2a$08$FAwlxDqnJCOPQYKWCCJVp.lldh1URR8iflWtHjgZdHiFjUFPnpf5O', 3, 1, '2021-02-22 15:19:01.678+00', '2021-02-22 15:19:01.678+00'),
	(843, 'Miss Nhật Thịnh Phan', '$2a$08$FAwlxDqnJCOPQYKWCCJVp.lldh1URR8iflWtHjgZdHiFjUFPnpf5O', 3, 1, '2021-02-22 15:19:01.679+00', '2021-02-22 15:19:01.679+00'),
	(844, 'Phương Yến Tăng PhD', '$2a$08$FAwlxDqnJCOPQYKWCCJVp.lldh1URR8iflWtHjgZdHiFjUFPnpf5O', 3, 1, '2021-02-22 15:19:01.681+00', '2021-02-22 15:19:01.681+00'),
	(845, 'Thái Hồng Trịnh', '$2a$08$FAwlxDqnJCOPQYKWCCJVp.lldh1URR8iflWtHjgZdHiFjUFPnpf5O', 3, 1, '2021-02-22 15:19:01.682+00', '2021-02-22 15:19:01.682+00'),
	(846, 'Lương Quyền Lý', '$2a$08$FAwlxDqnJCOPQYKWCCJVp.lldh1URR8iflWtHjgZdHiFjUFPnpf5O', 3, 1, '2021-02-22 15:19:01.683+00', '2021-02-22 15:19:01.683+00'),
	(847, 'Minh Giang Hồ PhD', '$2a$08$FAwlxDqnJCOPQYKWCCJVp.lldh1URR8iflWtHjgZdHiFjUFPnpf5O', 3, 1, '2021-02-22 15:19:01.685+00', '2021-02-22 15:19:01.685+00'),
	(848, 'Thi Xuân Hoàng', '$2a$08$FAwlxDqnJCOPQYKWCCJVp.lldh1URR8iflWtHjgZdHiFjUFPnpf5O', 3, 1, '2021-02-22 15:19:01.686+00', '2021-02-22 15:19:01.686+00'),
	(849, 'Bảo Huy Nguyễn V', '$2a$08$FAwlxDqnJCOPQYKWCCJVp.lldh1URR8iflWtHjgZdHiFjUFPnpf5O', 3, 1, '2021-02-22 15:19:01.688+00', '2021-02-22 15:19:01.688+00'),
	(850, 'Mrs. Ánh Xuân Nguyễn', '$2a$08$FAwlxDqnJCOPQYKWCCJVp.lldh1URR8iflWtHjgZdHiFjUFPnpf5O', 3, 1, '2021-02-22 15:19:01.689+00', '2021-02-22 15:19:01.689+00'),
	(851, 'Trường Nam Tăng', '$2a$08$FAwlxDqnJCOPQYKWCCJVp.lldh1URR8iflWtHjgZdHiFjUFPnpf5O', 3, 1, '2021-02-22 15:19:01.69+00', '2021-02-22 15:19:01.69+00'),
	(852, 'Thụy Ðào Phùng', '$2a$08$FAwlxDqnJCOPQYKWCCJVp.lldh1URR8iflWtHjgZdHiFjUFPnpf5O', 3, 1, '2021-02-22 15:19:01.692+00', '2021-02-22 15:19:01.692+00'),
	(853, 'Dr. Khang Kiện Phạm', '$2a$08$FAwlxDqnJCOPQYKWCCJVp.lldh1URR8iflWtHjgZdHiFjUFPnpf5O', 3, 1, '2021-02-22 15:19:01.693+00', '2021-02-22 15:19:01.693+00'),
	(854, 'Yến Thảo Đoàn', '$2a$08$FAwlxDqnJCOPQYKWCCJVp.lldh1URR8iflWtHjgZdHiFjUFPnpf5O', 3, 1, '2021-02-22 15:19:01.695+00', '2021-02-22 15:19:01.695+00'),
	(855, 'Trúc Sinh Đào Sr.', '$2a$08$FAwlxDqnJCOPQYKWCCJVp.lldh1URR8iflWtHjgZdHiFjUFPnpf5O', 3, 1, '2021-02-22 15:19:01.697+00', '2021-02-22 15:19:01.697+00'),
	(856, 'Trọng Nghĩa Lý', '$2a$08$FAwlxDqnJCOPQYKWCCJVp.lldh1URR8iflWtHjgZdHiFjUFPnpf5O', 3, 1, '2021-02-22 15:19:01.7+00', '2021-02-22 15:19:01.7+00'),
	(857, 'Huyền Diệu Ngô', '$2a$08$FAwlxDqnJCOPQYKWCCJVp.lldh1URR8iflWtHjgZdHiFjUFPnpf5O', 3, 1, '2021-02-22 15:19:01.701+00', '2021-02-22 15:19:01.701+00'),
	(858, 'Tùng Lâm Tô II', '$2a$08$FAwlxDqnJCOPQYKWCCJVp.lldh1URR8iflWtHjgZdHiFjUFPnpf5O', 3, 1, '2021-02-22 15:19:01.703+00', '2021-02-22 15:19:01.703+00'),
	(859, 'Thụy Vũ Đoàn', '$2a$08$FAwlxDqnJCOPQYKWCCJVp.lldh1URR8iflWtHjgZdHiFjUFPnpf5O', 3, 1, '2021-02-22 15:19:01.704+00', '2021-02-22 15:19:01.704+00'),
	(860, 'Thạch Tùng Đào', '$2a$08$FAwlxDqnJCOPQYKWCCJVp.lldh1URR8iflWtHjgZdHiFjUFPnpf5O', 3, 1, '2021-02-22 15:19:01.706+00', '2021-02-22 15:19:01.706+00'),
	(861, 'Quốc Hòa Lê', '$2a$08$FAwlxDqnJCOPQYKWCCJVp.lldh1URR8iflWtHjgZdHiFjUFPnpf5O', 3, 1, '2021-02-22 15:19:01.707+00', '2021-02-22 15:19:01.707+00'),
	(862, 'Xuân Liễu Trịnh', '$2a$08$FAwlxDqnJCOPQYKWCCJVp.lldh1URR8iflWtHjgZdHiFjUFPnpf5O', 3, 1, '2021-02-22 15:19:01.708+00', '2021-02-22 15:19:01.708+00'),
	(863, 'Tuấn Long Đào', '$2a$08$FAwlxDqnJCOPQYKWCCJVp.lldh1URR8iflWtHjgZdHiFjUFPnpf5O', 3, 1, '2021-02-22 15:19:01.709+00', '2021-02-22 15:19:01.709+00'),
	(864, 'Minh Phượng Đoàn', '$2a$08$FAwlxDqnJCOPQYKWCCJVp.lldh1URR8iflWtHjgZdHiFjUFPnpf5O', 3, 1, '2021-02-22 15:19:01.711+00', '2021-02-22 15:19:01.711+00'),
	(865, 'Hải Hà Trần', '$2a$08$FAwlxDqnJCOPQYKWCCJVp.lldh1URR8iflWtHjgZdHiFjUFPnpf5O', 3, 1, '2021-02-22 15:19:01.712+00', '2021-02-22 15:19:01.712+00'),
	(866, 'Ms. Tuyết Loan Trương', '$2a$08$FAwlxDqnJCOPQYKWCCJVp.lldh1URR8iflWtHjgZdHiFjUFPnpf5O', 3, 1, '2021-02-22 15:19:01.713+00', '2021-02-22 15:19:01.713+00'),
	(867, 'Bách Nhân Lý', '$2a$08$FAwlxDqnJCOPQYKWCCJVp.lldh1URR8iflWtHjgZdHiFjUFPnpf5O', 3, 1, '2021-02-22 15:19:01.715+00', '2021-02-22 15:19:01.715+00'),
	(868, 'Kiều Nương Lâm', '$2a$08$FAwlxDqnJCOPQYKWCCJVp.lldh1URR8iflWtHjgZdHiFjUFPnpf5O', 3, 1, '2021-02-22 15:19:01.716+00', '2021-02-22 15:19:01.716+00'),
	(869, 'Thái Lan Tô', '$2a$08$FAwlxDqnJCOPQYKWCCJVp.lldh1URR8iflWtHjgZdHiFjUFPnpf5O', 3, 1, '2021-02-22 15:19:01.717+00', '2021-02-22 15:19:01.717+00'),
	(870, 'Sơn Trang Đỗ', '$2a$08$FAwlxDqnJCOPQYKWCCJVp.lldh1URR8iflWtHjgZdHiFjUFPnpf5O', 3, 1, '2021-02-22 15:19:01.719+00', '2021-02-22 15:19:01.719+00'),
	(871, 'Bá Lộc Bùi', '$2a$08$FAwlxDqnJCOPQYKWCCJVp.lldh1URR8iflWtHjgZdHiFjUFPnpf5O', 3, 1, '2021-02-22 15:19:01.72+00', '2021-02-22 15:19:01.72+00'),
	(872, 'Tú Uyên Phùng', '$2a$08$FAwlxDqnJCOPQYKWCCJVp.lldh1URR8iflWtHjgZdHiFjUFPnpf5O', 3, 1, '2021-02-22 15:19:01.721+00', '2021-02-22 15:19:01.721+00'),
	(873, 'Huy Khánh Phùng', '$2a$08$FAwlxDqnJCOPQYKWCCJVp.lldh1URR8iflWtHjgZdHiFjUFPnpf5O', 3, 1, '2021-02-22 15:19:01.723+00', '2021-02-22 15:19:01.723+00'),
	(874, 'Kiều Dung Phùng', '$2a$08$FAwlxDqnJCOPQYKWCCJVp.lldh1URR8iflWtHjgZdHiFjUFPnpf5O', 3, 1, '2021-02-22 15:19:01.724+00', '2021-02-22 15:19:01.724+00'),
	(875, 'Việt Dương Dương', '$2a$08$FAwlxDqnJCOPQYKWCCJVp.lldh1URR8iflWtHjgZdHiFjUFPnpf5O', 3, 1, '2021-02-22 15:19:01.725+00', '2021-02-22 15:19:01.725+00'),
	(876, 'Túy Loan Trịnh IV', '$2a$08$FAwlxDqnJCOPQYKWCCJVp.lldh1URR8iflWtHjgZdHiFjUFPnpf5O', 3, 1, '2021-02-22 15:19:01.727+00', '2021-02-22 15:19:01.727+00'),
	(877, 'Mai Trinh Đào', '$2a$08$FAwlxDqnJCOPQYKWCCJVp.lldh1URR8iflWtHjgZdHiFjUFPnpf5O', 3, 1, '2021-02-22 15:19:01.728+00', '2021-02-22 15:19:01.728+00'),
	(878, 'Thái Bình Trương Sr.', '$2a$08$FAwlxDqnJCOPQYKWCCJVp.lldh1URR8iflWtHjgZdHiFjUFPnpf5O', 3, 1, '2021-02-22 15:19:01.729+00', '2021-02-22 15:19:01.729+00'),
	(879, 'Như Bảo Đinh V', '$2a$08$FAwlxDqnJCOPQYKWCCJVp.lldh1URR8iflWtHjgZdHiFjUFPnpf5O', 3, 1, '2021-02-22 15:19:01.73+00', '2021-02-22 15:19:01.73+00'),
	(880, 'Hàm Nghi Đặng', '$2a$08$FAwlxDqnJCOPQYKWCCJVp.lldh1URR8iflWtHjgZdHiFjUFPnpf5O', 3, 1, '2021-02-22 15:19:01.731+00', '2021-02-22 15:19:01.731+00'),
	(881, 'Hoa Lý Dương DVM', '$2a$08$FAwlxDqnJCOPQYKWCCJVp.lldh1URR8iflWtHjgZdHiFjUFPnpf5O', 3, 1, '2021-02-22 15:19:01.733+00', '2021-02-22 15:19:01.733+00'),
	(882, 'Phượng Vũ Đinh', '$2a$08$FAwlxDqnJCOPQYKWCCJVp.lldh1URR8iflWtHjgZdHiFjUFPnpf5O', 3, 1, '2021-02-22 15:19:01.734+00', '2021-02-22 15:19:01.734+00'),
	(883, 'Tuyết Hân Hồ', '$2a$08$FAwlxDqnJCOPQYKWCCJVp.lldh1URR8iflWtHjgZdHiFjUFPnpf5O', 3, 1, '2021-02-22 15:19:01.735+00', '2021-02-22 15:19:01.735+00'),
	(884, 'Trung Anh Phạm', '$2a$08$FAwlxDqnJCOPQYKWCCJVp.lldh1URR8iflWtHjgZdHiFjUFPnpf5O', 3, 1, '2021-02-22 15:19:01.736+00', '2021-02-22 15:19:01.736+00'),
	(885, 'Tùy Linh Vũ', '$2a$08$FAwlxDqnJCOPQYKWCCJVp.lldh1URR8iflWtHjgZdHiFjUFPnpf5O', 3, 1, '2021-02-22 15:19:01.737+00', '2021-02-22 15:19:01.737+00'),
	(886, 'Dr. Nghị Quyền Đoàn', '$2a$08$FAwlxDqnJCOPQYKWCCJVp.lldh1URR8iflWtHjgZdHiFjUFPnpf5O', 3, 1, '2021-02-22 15:19:01.739+00', '2021-02-22 15:19:01.739+00'),
	(887, 'Duy Cường Hồ', '$2a$08$FAwlxDqnJCOPQYKWCCJVp.lldh1URR8iflWtHjgZdHiFjUFPnpf5O', 3, 1, '2021-02-22 15:19:01.74+00', '2021-02-22 15:19:01.74+00'),
	(888, 'Mai Hương Tăng', '$2a$08$FAwlxDqnJCOPQYKWCCJVp.lldh1URR8iflWtHjgZdHiFjUFPnpf5O', 3, 1, '2021-02-22 15:19:01.741+00', '2021-02-22 15:19:01.741+00'),
	(889, 'Phương Diễm Lý DDS', '$2a$08$FAwlxDqnJCOPQYKWCCJVp.lldh1URR8iflWtHjgZdHiFjUFPnpf5O', 3, 1, '2021-02-22 15:19:01.742+00', '2021-02-22 15:19:01.742+00'),
	(890, 'Mộng Nguyệt Hồ DVM', '$2a$08$FAwlxDqnJCOPQYKWCCJVp.lldh1URR8iflWtHjgZdHiFjUFPnpf5O', 3, 1, '2021-02-22 15:19:01.743+00', '2021-02-22 15:19:01.743+00'),
	(891, 'Tân Ðịnh Trương', '$2a$08$FAwlxDqnJCOPQYKWCCJVp.lldh1URR8iflWtHjgZdHiFjUFPnpf5O', 3, 1, '2021-02-22 15:19:01.744+00', '2021-02-22 15:19:01.744+00'),
	(892, 'Ngọc Thuận Trịnh', '$2a$08$FAwlxDqnJCOPQYKWCCJVp.lldh1URR8iflWtHjgZdHiFjUFPnpf5O', 3, 1, '2021-02-22 15:19:01.746+00', '2021-02-22 15:19:01.746+00'),
	(893, 'Mrs. Bửu Chưởng Vũ', '$2a$08$FAwlxDqnJCOPQYKWCCJVp.lldh1URR8iflWtHjgZdHiFjUFPnpf5O', 3, 1, '2021-02-22 15:19:01.747+00', '2021-02-22 15:19:01.747+00'),
	(894, 'Dạ Hương Đinh', '$2a$08$FAwlxDqnJCOPQYKWCCJVp.lldh1URR8iflWtHjgZdHiFjUFPnpf5O', 3, 1, '2021-02-22 15:19:01.748+00', '2021-02-22 15:19:01.748+00'),
	(895, 'Minh Loan Vũ I', '$2a$08$FAwlxDqnJCOPQYKWCCJVp.lldh1URR8iflWtHjgZdHiFjUFPnpf5O', 3, 1, '2021-02-22 15:19:01.75+00', '2021-02-22 15:19:01.75+00'),
	(896, 'Gia Khánh Mai', '$2a$08$FAwlxDqnJCOPQYKWCCJVp.lldh1URR8iflWtHjgZdHiFjUFPnpf5O', 3, 1, '2021-02-22 15:19:01.751+00', '2021-02-22 15:19:01.751+00'),
	(897, 'Tuấn Kiệt Đinh', '$2a$08$FAwlxDqnJCOPQYKWCCJVp.lldh1URR8iflWtHjgZdHiFjUFPnpf5O', 3, 1, '2021-02-22 15:19:01.752+00', '2021-02-22 15:19:01.752+00'),
	(898, 'Dương Khánh Trần', '$2a$08$FAwlxDqnJCOPQYKWCCJVp.lldh1URR8iflWtHjgZdHiFjUFPnpf5O', 3, 1, '2021-02-22 15:19:01.753+00', '2021-02-22 15:19:01.753+00'),
	(899, 'Mộng Hương Đào', '$2a$08$FAwlxDqnJCOPQYKWCCJVp.lldh1URR8iflWtHjgZdHiFjUFPnpf5O', 3, 1, '2021-02-22 15:19:01.755+00', '2021-02-22 15:19:01.755+00'),
	(900, 'Ngọc Lai Lâm', '$2a$08$FAwlxDqnJCOPQYKWCCJVp.lldh1URR8iflWtHjgZdHiFjUFPnpf5O', 3, 1, '2021-02-22 15:19:01.756+00', '2021-02-22 15:19:01.756+00'),
	(901, 'Kiên Cường Dương', '$2a$08$FAwlxDqnJCOPQYKWCCJVp.lldh1URR8iflWtHjgZdHiFjUFPnpf5O', 3, 1, '2021-02-22 15:19:01.757+00', '2021-02-22 15:19:01.757+00'),
	(902, 'Kim Toàn Hồ', '$2a$08$FAwlxDqnJCOPQYKWCCJVp.lldh1URR8iflWtHjgZdHiFjUFPnpf5O', 3, 1, '2021-02-22 15:19:01.758+00', '2021-02-22 15:19:01.758+00'),
	(903, 'Trọng Tấn Trần', '$2a$08$FAwlxDqnJCOPQYKWCCJVp.lldh1URR8iflWtHjgZdHiFjUFPnpf5O', 3, 1, '2021-02-22 15:19:01.76+00', '2021-02-22 15:19:01.76+00'),
	(904, 'Hùng Tường Dương', '$2a$08$FAwlxDqnJCOPQYKWCCJVp.lldh1URR8iflWtHjgZdHiFjUFPnpf5O', 3, 1, '2021-02-22 15:19:01.761+00', '2021-02-22 15:19:01.761+00'),
	(905, 'Như Tâm Phạm', '$2a$08$FAwlxDqnJCOPQYKWCCJVp.lldh1URR8iflWtHjgZdHiFjUFPnpf5O', 3, 1, '2021-02-22 15:19:01.762+00', '2021-02-22 15:19:01.762+00'),
	(906, 'Trí Thắng Phan', '$2a$08$FAwlxDqnJCOPQYKWCCJVp.lldh1URR8iflWtHjgZdHiFjUFPnpf5O', 3, 1, '2021-02-22 15:19:01.763+00', '2021-02-22 15:19:01.763+00'),
	(907, 'Kim Khanh Lê', '$2a$08$FAwlxDqnJCOPQYKWCCJVp.lldh1URR8iflWtHjgZdHiFjUFPnpf5O', 3, 1, '2021-02-22 15:19:01.764+00', '2021-02-22 15:19:01.764+00'),
	(908, 'Thế Sơn Phan', '$2a$08$FAwlxDqnJCOPQYKWCCJVp.lldh1URR8iflWtHjgZdHiFjUFPnpf5O', 3, 1, '2021-02-22 15:19:01.766+00', '2021-02-22 15:19:01.766+00'),
	(909, 'Tuyết Lan Hà', '$2a$08$FAwlxDqnJCOPQYKWCCJVp.lldh1URR8iflWtHjgZdHiFjUFPnpf5O', 3, 1, '2021-02-22 15:19:01.767+00', '2021-02-22 15:19:01.767+00'),
	(910, 'Thanh Sơn Lê', '$2a$08$FAwlxDqnJCOPQYKWCCJVp.lldh1URR8iflWtHjgZdHiFjUFPnpf5O', 3, 1, '2021-02-22 15:19:01.768+00', '2021-02-22 15:19:01.768+00'),
	(911, 'Dũng Trí Phạm', '$2a$08$FAwlxDqnJCOPQYKWCCJVp.lldh1URR8iflWtHjgZdHiFjUFPnpf5O', 3, 1, '2021-02-22 15:19:01.77+00', '2021-02-22 15:19:01.77+00'),
	(912, 'Hồng Thúy Trần', '$2a$08$FAwlxDqnJCOPQYKWCCJVp.lldh1URR8iflWtHjgZdHiFjUFPnpf5O', 3, 1, '2021-02-22 15:19:01.772+00', '2021-02-22 15:19:01.772+00'),
	(913, 'Phúc Thịnh Bùi', '$2a$08$FAwlxDqnJCOPQYKWCCJVp.lldh1URR8iflWtHjgZdHiFjUFPnpf5O', 3, 1, '2021-02-22 15:19:01.774+00', '2021-02-22 15:19:01.774+00'),
	(914, 'Nhật Nam Tô', '$2a$08$FAwlxDqnJCOPQYKWCCJVp.lldh1URR8iflWtHjgZdHiFjUFPnpf5O', 3, 1, '2021-02-22 15:19:01.776+00', '2021-02-22 15:19:01.776+00'),
	(915, 'Yên Ðan Lê', '$2a$08$FAwlxDqnJCOPQYKWCCJVp.lldh1URR8iflWtHjgZdHiFjUFPnpf5O', 3, 1, '2021-02-22 15:19:01.777+00', '2021-02-22 15:19:01.777+00'),
	(916, 'Tú Trinh Ngô', '$2a$08$FAwlxDqnJCOPQYKWCCJVp.lldh1URR8iflWtHjgZdHiFjUFPnpf5O', 3, 1, '2021-02-22 15:19:01.778+00', '2021-02-22 15:19:01.778+00'),
	(917, 'Việt Cường Hoàng', '$2a$08$FAwlxDqnJCOPQYKWCCJVp.lldh1URR8iflWtHjgZdHiFjUFPnpf5O', 3, 1, '2021-02-22 15:19:01.779+00', '2021-02-22 15:19:01.779+00'),
	(918, 'Ngọc Hân Phạm', '$2a$08$FAwlxDqnJCOPQYKWCCJVp.lldh1URR8iflWtHjgZdHiFjUFPnpf5O', 3, 1, '2021-02-22 15:19:01.78+00', '2021-02-22 15:19:01.78+00'),
	(919, 'Lệ Quân Mai', '$2a$08$FAwlxDqnJCOPQYKWCCJVp.lldh1URR8iflWtHjgZdHiFjUFPnpf5O', 3, 1, '2021-02-22 15:19:01.782+00', '2021-02-22 15:19:01.782+00'),
	(920, 'Liễu Oanh Hoàng', '$2a$08$FAwlxDqnJCOPQYKWCCJVp.lldh1URR8iflWtHjgZdHiFjUFPnpf5O', 3, 1, '2021-02-22 15:19:01.783+00', '2021-02-22 15:19:01.783+00'),
	(921, 'Liên Trân Hoàng', '$2a$08$FAwlxDqnJCOPQYKWCCJVp.lldh1URR8iflWtHjgZdHiFjUFPnpf5O', 3, 1, '2021-02-22 15:19:01.784+00', '2021-02-22 15:19:01.784+00'),
	(922, 'Xuân Cao Trần', '$2a$08$FAwlxDqnJCOPQYKWCCJVp.lldh1URR8iflWtHjgZdHiFjUFPnpf5O', 3, 1, '2021-02-22 15:19:01.786+00', '2021-02-22 15:19:01.786+00'),
	(923, 'Khánh Duy Lý', '$2a$08$FAwlxDqnJCOPQYKWCCJVp.lldh1URR8iflWtHjgZdHiFjUFPnpf5O', 3, 1, '2021-02-22 15:19:01.787+00', '2021-02-22 15:19:01.787+00'),
	(924, 'Thạch Sơn Đinh I', '$2a$08$FAwlxDqnJCOPQYKWCCJVp.lldh1URR8iflWtHjgZdHiFjUFPnpf5O', 3, 1, '2021-02-22 15:19:01.788+00', '2021-02-22 15:19:01.788+00'),
	(925, 'Yên Bằng Tăng', '$2a$08$FAwlxDqnJCOPQYKWCCJVp.lldh1URR8iflWtHjgZdHiFjUFPnpf5O', 3, 1, '2021-02-22 15:19:01.79+00', '2021-02-22 15:19:01.79+00'),
	(926, 'Trọng Trí Tăng', '$2a$08$FAwlxDqnJCOPQYKWCCJVp.lldh1URR8iflWtHjgZdHiFjUFPnpf5O', 3, 1, '2021-02-22 15:19:01.791+00', '2021-02-22 15:19:01.791+00'),
	(927, 'Nhật Quân Lâm', '$2a$08$FAwlxDqnJCOPQYKWCCJVp.lldh1URR8iflWtHjgZdHiFjUFPnpf5O', 3, 1, '2021-02-22 15:19:01.792+00', '2021-02-22 15:19:01.792+00'),
	(928, 'Nam Hưng Phạm', '$2a$08$FAwlxDqnJCOPQYKWCCJVp.lldh1URR8iflWtHjgZdHiFjUFPnpf5O', 3, 1, '2021-02-22 15:19:01.794+00', '2021-02-22 15:19:01.794+00'),
	(929, 'Mrs. Xuân Huy Tô', '$2a$08$FAwlxDqnJCOPQYKWCCJVp.lldh1URR8iflWtHjgZdHiFjUFPnpf5O', 3, 1, '2021-02-22 15:19:01.795+00', '2021-02-22 15:19:01.795+00'),
	(930, 'Ngọc Quyên Phạm', '$2a$08$FAwlxDqnJCOPQYKWCCJVp.lldh1URR8iflWtHjgZdHiFjUFPnpf5O', 3, 1, '2021-02-22 15:19:01.796+00', '2021-02-22 15:19:01.796+00'),
	(931, 'Hòa Bình Tăng', '$2a$08$FAwlxDqnJCOPQYKWCCJVp.lldh1URR8iflWtHjgZdHiFjUFPnpf5O', 3, 1, '2021-02-22 15:19:01.797+00', '2021-02-22 15:19:01.797+00'),
	(932, 'Ms. Hiểu Lam Trương', '$2a$08$FAwlxDqnJCOPQYKWCCJVp.lldh1URR8iflWtHjgZdHiFjUFPnpf5O', 3, 1, '2021-02-22 15:19:01.798+00', '2021-02-22 15:19:01.798+00'),
	(933, 'Bảo Bảo Đặng', '$2a$08$FAwlxDqnJCOPQYKWCCJVp.lldh1URR8iflWtHjgZdHiFjUFPnpf5O', 3, 1, '2021-02-22 15:19:01.8+00', '2021-02-22 15:19:01.8+00'),
	(934, 'Diệu Hoa Phùng II', '$2a$08$FAwlxDqnJCOPQYKWCCJVp.lldh1URR8iflWtHjgZdHiFjUFPnpf5O', 3, 1, '2021-02-22 15:19:01.801+00', '2021-02-22 15:19:01.801+00'),
	(935, 'Tùng Linh Vũ', '$2a$08$FAwlxDqnJCOPQYKWCCJVp.lldh1URR8iflWtHjgZdHiFjUFPnpf5O', 3, 1, '2021-02-22 15:19:01.802+00', '2021-02-22 15:19:01.802+00'),
	(936, 'Phú Hùng Hà', '$2a$08$FAwlxDqnJCOPQYKWCCJVp.lldh1URR8iflWtHjgZdHiFjUFPnpf5O', 3, 1, '2021-02-22 15:19:01.803+00', '2021-02-22 15:19:01.803+00'),
	(937, 'Nhật Khương Vương', '$2a$08$FAwlxDqnJCOPQYKWCCJVp.lldh1URR8iflWtHjgZdHiFjUFPnpf5O', 3, 1, '2021-02-22 15:19:01.804+00', '2021-02-22 15:19:01.804+00'),
	(938, 'Duy Hoàng Phan', '$2a$08$FAwlxDqnJCOPQYKWCCJVp.lldh1URR8iflWtHjgZdHiFjUFPnpf5O', 3, 1, '2021-02-22 15:19:01.806+00', '2021-02-22 15:19:01.806+00'),
	(939, 'Thái Tổ Nguyễn', '$2a$08$FAwlxDqnJCOPQYKWCCJVp.lldh1URR8iflWtHjgZdHiFjUFPnpf5O', 3, 1, '2021-02-22 15:19:01.807+00', '2021-02-22 15:19:01.807+00'),
	(940, 'Mrs. Mai Thy Phạm', '$2a$08$FAwlxDqnJCOPQYKWCCJVp.lldh1URR8iflWtHjgZdHiFjUFPnpf5O', 3, 1, '2021-02-22 15:19:01.808+00', '2021-02-22 15:19:01.808+00'),
	(941, 'Mr. Phượng Loan Đặng', '$2a$08$FAwlxDqnJCOPQYKWCCJVp.lldh1URR8iflWtHjgZdHiFjUFPnpf5O', 3, 1, '2021-02-22 15:19:01.809+00', '2021-02-22 15:19:01.809+00'),
	(942, 'Vân Thanh Đoàn', '$2a$08$FAwlxDqnJCOPQYKWCCJVp.lldh1URR8iflWtHjgZdHiFjUFPnpf5O', 3, 1, '2021-02-22 15:19:01.81+00', '2021-02-22 15:19:01.81+00'),
	(943, 'Thịnh Cường Lý IV', '$2a$08$FAwlxDqnJCOPQYKWCCJVp.lldh1URR8iflWtHjgZdHiFjUFPnpf5O', 3, 1, '2021-02-22 15:19:01.812+00', '2021-02-22 15:19:01.812+00'),
	(944, 'Phước An Phan', '$2a$08$FAwlxDqnJCOPQYKWCCJVp.lldh1URR8iflWtHjgZdHiFjUFPnpf5O', 3, 1, '2021-02-22 15:19:01.813+00', '2021-02-22 15:19:01.813+00'),
	(945, 'Công Bằng Tô', '$2a$08$FAwlxDqnJCOPQYKWCCJVp.lldh1URR8iflWtHjgZdHiFjUFPnpf5O', 3, 1, '2021-02-22 15:19:01.814+00', '2021-02-22 15:19:01.814+00'),
	(946, 'Ngọc Thuận Trương', '$2a$08$FAwlxDqnJCOPQYKWCCJVp.lldh1URR8iflWtHjgZdHiFjUFPnpf5O', 3, 1, '2021-02-22 15:19:01.815+00', '2021-02-22 15:19:01.815+00'),
	(947, 'Thành Nhân Lý', '$2a$08$FAwlxDqnJCOPQYKWCCJVp.lldh1URR8iflWtHjgZdHiFjUFPnpf5O', 3, 1, '2021-02-22 15:19:01.816+00', '2021-02-22 15:19:01.816+00'),
	(948, 'Tuyết Lan Đoàn', '$2a$08$FAwlxDqnJCOPQYKWCCJVp.lldh1URR8iflWtHjgZdHiFjUFPnpf5O', 3, 1, '2021-02-22 15:19:01.817+00', '2021-02-22 15:19:01.817+00'),
	(949, 'Di Nhiên Lê I', '$2a$08$FAwlxDqnJCOPQYKWCCJVp.lldh1URR8iflWtHjgZdHiFjUFPnpf5O', 3, 1, '2021-02-22 15:19:01.819+00', '2021-02-22 15:19:01.819+00'),
	(950, 'Thường Xuân Tăng II', '$2a$08$FAwlxDqnJCOPQYKWCCJVp.lldh1URR8iflWtHjgZdHiFjUFPnpf5O', 3, 1, '2021-02-22 15:19:01.82+00', '2021-02-22 15:19:01.82+00'),
	(951, 'Quế Lâm Lâm', '$2a$08$FAwlxDqnJCOPQYKWCCJVp.lldh1URR8iflWtHjgZdHiFjUFPnpf5O', 3, 1, '2021-02-22 15:19:01.821+00', '2021-02-22 15:19:01.821+00'),
	(952, 'Công Hoán Phan', '$2a$08$FAwlxDqnJCOPQYKWCCJVp.lldh1URR8iflWtHjgZdHiFjUFPnpf5O', 3, 1, '2021-02-22 15:19:01.822+00', '2021-02-22 15:19:01.822+00'),
	(953, 'Hiểu Lam Vũ', '$2a$08$FAwlxDqnJCOPQYKWCCJVp.lldh1URR8iflWtHjgZdHiFjUFPnpf5O', 3, 1, '2021-02-22 15:19:01.823+00', '2021-02-22 15:19:01.823+00'),
	(954, 'Duy Cường Nguyễn', '$2a$08$FAwlxDqnJCOPQYKWCCJVp.lldh1URR8iflWtHjgZdHiFjUFPnpf5O', 3, 1, '2021-02-22 15:19:01.825+00', '2021-02-22 15:19:01.825+00'),
	(955, 'Trà Giang Nguyễn', '$2a$08$FAwlxDqnJCOPQYKWCCJVp.lldh1URR8iflWtHjgZdHiFjUFPnpf5O', 3, 1, '2021-02-22 15:19:01.826+00', '2021-02-22 15:19:01.826+00'),
	(956, 'Hữu Vượng Phan', '$2a$08$FAwlxDqnJCOPQYKWCCJVp.lldh1URR8iflWtHjgZdHiFjUFPnpf5O', 3, 1, '2021-02-22 15:19:01.827+00', '2021-02-22 15:19:01.827+00'),
	(957, 'Linh Châu Lâm', '$2a$08$FAwlxDqnJCOPQYKWCCJVp.lldh1URR8iflWtHjgZdHiFjUFPnpf5O', 3, 1, '2021-02-22 15:19:01.829+00', '2021-02-22 15:19:01.829+00'),
	(958, 'Minh Quân Vũ', '$2a$08$FAwlxDqnJCOPQYKWCCJVp.lldh1URR8iflWtHjgZdHiFjUFPnpf5O', 3, 1, '2021-02-22 15:19:01.83+00', '2021-02-22 15:19:01.83+00'),
	(959, 'Ngọc Mai Hà', '$2a$08$FAwlxDqnJCOPQYKWCCJVp.lldh1URR8iflWtHjgZdHiFjUFPnpf5O', 3, 1, '2021-02-22 15:19:01.831+00', '2021-02-22 15:19:01.831+00'),
	(960, 'Đan Tâm Dương', '$2a$08$FAwlxDqnJCOPQYKWCCJVp.lldh1URR8iflWtHjgZdHiFjUFPnpf5O', 3, 1, '2021-02-22 15:19:01.832+00', '2021-02-22 15:19:01.832+00'),
	(961, 'Dã Thảo Bùi', '$2a$08$FAwlxDqnJCOPQYKWCCJVp.lldh1URR8iflWtHjgZdHiFjUFPnpf5O', 3, 1, '2021-02-22 15:19:01.834+00', '2021-02-22 15:19:01.834+00'),
	(962, 'Gia Phong Hồ', '$2a$08$FAwlxDqnJCOPQYKWCCJVp.lldh1URR8iflWtHjgZdHiFjUFPnpf5O', 3, 1, '2021-02-22 15:19:01.835+00', '2021-02-22 15:19:01.835+00'),
	(963, 'Duy Luận Lâm', '$2a$08$FAwlxDqnJCOPQYKWCCJVp.lldh1URR8iflWtHjgZdHiFjUFPnpf5O', 3, 1, '2021-02-22 15:19:01.836+00', '2021-02-22 15:19:01.836+00'),
	(964, 'Huệ An Trương', '$2a$08$FAwlxDqnJCOPQYKWCCJVp.lldh1URR8iflWtHjgZdHiFjUFPnpf5O', 3, 1, '2021-02-22 15:19:01.838+00', '2021-02-22 15:19:01.838+00'),
	(965, 'Nam Ninh Dương', '$2a$08$FAwlxDqnJCOPQYKWCCJVp.lldh1URR8iflWtHjgZdHiFjUFPnpf5O', 3, 1, '2021-02-22 15:19:01.839+00', '2021-02-22 15:19:01.839+00'),
	(966, 'Mạnh Dũng Trương V', '$2a$08$FAwlxDqnJCOPQYKWCCJVp.lldh1URR8iflWtHjgZdHiFjUFPnpf5O', 3, 1, '2021-02-22 15:19:01.84+00', '2021-02-22 15:19:01.84+00'),
	(967, 'Hữu Tài Phan', '$2a$08$FAwlxDqnJCOPQYKWCCJVp.lldh1URR8iflWtHjgZdHiFjUFPnpf5O', 3, 1, '2021-02-22 15:19:01.842+00', '2021-02-22 15:19:01.842+00'),
	(968, 'Kim Vượng Phùng', '$2a$08$FAwlxDqnJCOPQYKWCCJVp.lldh1URR8iflWtHjgZdHiFjUFPnpf5O', 3, 1, '2021-02-22 15:19:01.843+00', '2021-02-22 15:19:01.843+00'),
	(969, 'Ngọc Nhi Phùng', '$2a$08$FAwlxDqnJCOPQYKWCCJVp.lldh1URR8iflWtHjgZdHiFjUFPnpf5O', 3, 1, '2021-02-22 15:19:01.844+00', '2021-02-22 15:19:01.844+00'),
	(970, 'Kim Tuyến Lâm', '$2a$08$FAwlxDqnJCOPQYKWCCJVp.lldh1URR8iflWtHjgZdHiFjUFPnpf5O', 3, 1, '2021-02-22 15:19:01.845+00', '2021-02-22 15:19:01.845+00'),
	(971, 'Diễm Phượng Lý', '$2a$08$FAwlxDqnJCOPQYKWCCJVp.lldh1URR8iflWtHjgZdHiFjUFPnpf5O', 3, 1, '2021-02-22 15:19:01.846+00', '2021-02-22 15:19:01.846+00'),
	(972, 'Ngọc Hân Phùng', '$2a$08$FAwlxDqnJCOPQYKWCCJVp.lldh1URR8iflWtHjgZdHiFjUFPnpf5O', 3, 1, '2021-02-22 15:19:01.848+00', '2021-02-22 15:19:01.848+00'),
	(973, 'Hùng Phong Đỗ', '$2a$08$FAwlxDqnJCOPQYKWCCJVp.lldh1URR8iflWtHjgZdHiFjUFPnpf5O', 3, 1, '2021-02-22 15:19:01.849+00', '2021-02-22 15:19:01.849+00'),
	(974, 'Quang Hữu Tô', '$2a$08$FAwlxDqnJCOPQYKWCCJVp.lldh1URR8iflWtHjgZdHiFjUFPnpf5O', 3, 1, '2021-02-22 15:19:01.85+00', '2021-02-22 15:19:01.85+00'),
	(975, 'Mạnh Nghiêm Lý', '$2a$08$FAwlxDqnJCOPQYKWCCJVp.lldh1URR8iflWtHjgZdHiFjUFPnpf5O', 3, 1, '2021-02-22 15:19:01.851+00', '2021-02-22 15:19:01.851+00'),
	(976, 'Thùy Vân Đoàn', '$2a$08$FAwlxDqnJCOPQYKWCCJVp.lldh1URR8iflWtHjgZdHiFjUFPnpf5O', 3, 1, '2021-02-22 15:19:01.853+00', '2021-02-22 15:19:01.853+00'),
	(977, 'Mr. Dũng Trí Đoàn', '$2a$08$FAwlxDqnJCOPQYKWCCJVp.lldh1URR8iflWtHjgZdHiFjUFPnpf5O', 3, 1, '2021-02-22 15:19:01.854+00', '2021-02-22 15:19:01.854+00'),
	(978, 'Mỹ Anh Trịnh V', '$2a$08$FAwlxDqnJCOPQYKWCCJVp.lldh1URR8iflWtHjgZdHiFjUFPnpf5O', 3, 1, '2021-02-22 15:19:01.856+00', '2021-02-22 15:19:01.856+00'),
	(979, 'Miss Mai Nhi Phạm', '$2a$08$FAwlxDqnJCOPQYKWCCJVp.lldh1URR8iflWtHjgZdHiFjUFPnpf5O', 3, 1, '2021-02-22 15:19:01.858+00', '2021-02-22 15:19:01.858+00'),
	(980, 'Quốc Ðại Phùng', '$2a$08$FAwlxDqnJCOPQYKWCCJVp.lldh1URR8iflWtHjgZdHiFjUFPnpf5O', 3, 1, '2021-02-22 15:19:01.859+00', '2021-02-22 15:19:01.859+00'),
	(981, 'Tường Lâm Trịnh', '$2a$08$FAwlxDqnJCOPQYKWCCJVp.lldh1URR8iflWtHjgZdHiFjUFPnpf5O', 3, 1, '2021-02-22 15:19:01.861+00', '2021-02-22 15:19:01.861+00'),
	(982, 'Đông Vy Đào', '$2a$08$FAwlxDqnJCOPQYKWCCJVp.lldh1URR8iflWtHjgZdHiFjUFPnpf5O', 3, 1, '2021-02-22 15:19:01.862+00', '2021-02-22 15:19:01.862+00'),
	(983, 'Phương Nhung Lý Jr.', '$2a$08$FAwlxDqnJCOPQYKWCCJVp.lldh1URR8iflWtHjgZdHiFjUFPnpf5O', 3, 1, '2021-02-22 15:19:01.863+00', '2021-02-22 15:19:01.863+00'),
	(984, 'Lệ Huyền Trương', '$2a$08$FAwlxDqnJCOPQYKWCCJVp.lldh1URR8iflWtHjgZdHiFjUFPnpf5O', 3, 1, '2021-02-22 15:19:01.864+00', '2021-02-22 15:19:01.864+00'),
	(985, 'Dr. Thông Ðạt Phan', '$2a$08$FAwlxDqnJCOPQYKWCCJVp.lldh1URR8iflWtHjgZdHiFjUFPnpf5O', 3, 1, '2021-02-22 15:19:01.866+00', '2021-02-22 15:19:01.866+00'),
	(986, 'Hồng Đăng Ngô', '$2a$08$FAwlxDqnJCOPQYKWCCJVp.lldh1URR8iflWtHjgZdHiFjUFPnpf5O', 3, 1, '2021-02-22 15:19:01.868+00', '2021-02-22 15:19:01.868+00'),
	(987, 'Minh Hưng Hoàng', '$2a$08$FAwlxDqnJCOPQYKWCCJVp.lldh1URR8iflWtHjgZdHiFjUFPnpf5O', 3, 1, '2021-02-22 15:19:01.869+00', '2021-02-22 15:19:01.869+00'),
	(988, 'Sơn Quyền Đinh', '$2a$08$FAwlxDqnJCOPQYKWCCJVp.lldh1URR8iflWtHjgZdHiFjUFPnpf5O', 3, 1, '2021-02-22 15:19:01.871+00', '2021-02-22 15:19:01.871+00'),
	(989, 'Thắng Lợi Dương', '$2a$08$FAwlxDqnJCOPQYKWCCJVp.lldh1URR8iflWtHjgZdHiFjUFPnpf5O', 3, 1, '2021-02-22 15:19:01.872+00', '2021-02-22 15:19:01.872+00'),
	(990, 'Minh Nghĩa Nguyễn', '$2a$08$FAwlxDqnJCOPQYKWCCJVp.lldh1URR8iflWtHjgZdHiFjUFPnpf5O', 3, 1, '2021-02-22 15:19:01.873+00', '2021-02-22 15:19:01.873+00'),
	(991, 'Yến Trâm Đoàn', '$2a$08$FAwlxDqnJCOPQYKWCCJVp.lldh1URR8iflWtHjgZdHiFjUFPnpf5O', 3, 1, '2021-02-22 15:19:01.875+00', '2021-02-22 15:19:01.875+00'),
	(992, 'Thiếu Anh Hoàng', '$2a$08$FAwlxDqnJCOPQYKWCCJVp.lldh1URR8iflWtHjgZdHiFjUFPnpf5O', 3, 1, '2021-02-22 15:19:01.876+00', '2021-02-22 15:19:01.876+00'),
	(993, 'Trọng Trí Vũ', '$2a$08$FAwlxDqnJCOPQYKWCCJVp.lldh1URR8iflWtHjgZdHiFjUFPnpf5O', 3, 1, '2021-02-22 15:19:01.877+00', '2021-02-22 15:19:01.877+00'),
	(994, 'Hồng Oanh Nguyễn', '$2a$08$FAwlxDqnJCOPQYKWCCJVp.lldh1URR8iflWtHjgZdHiFjUFPnpf5O', 3, 1, '2021-02-22 15:19:01.878+00', '2021-02-22 15:19:01.878+00'),
	(995, 'Song Lam Lý', '$2a$08$FAwlxDqnJCOPQYKWCCJVp.lldh1URR8iflWtHjgZdHiFjUFPnpf5O', 3, 1, '2021-02-22 15:19:01.88+00', '2021-02-22 15:19:01.88+00'),
	(996, 'Lạc Phúc Trịnh', '$2a$08$FAwlxDqnJCOPQYKWCCJVp.lldh1URR8iflWtHjgZdHiFjUFPnpf5O', 3, 1, '2021-02-22 15:19:01.881+00', '2021-02-22 15:19:01.881+00'),
	(997, 'Bình Thuận Trần', '$2a$08$FAwlxDqnJCOPQYKWCCJVp.lldh1URR8iflWtHjgZdHiFjUFPnpf5O', 3, 1, '2021-02-22 15:19:01.882+00', '2021-02-22 15:19:01.882+00'),
	(998, 'Quỳnh Dung Ngô', '$2a$08$FAwlxDqnJCOPQYKWCCJVp.lldh1URR8iflWtHjgZdHiFjUFPnpf5O', 3, 1, '2021-02-22 15:19:01.884+00', '2021-02-22 15:19:01.884+00'),
	(999, 'Bích Ngân Phùng', '$2a$08$FAwlxDqnJCOPQYKWCCJVp.lldh1URR8iflWtHjgZdHiFjUFPnpf5O', 3, 1, '2021-02-22 15:19:01.885+00', '2021-02-22 15:19:01.885+00'),
	(1000, 'Phú Ân Đặng', '$2a$08$FAwlxDqnJCOPQYKWCCJVp.lldh1URR8iflWtHjgZdHiFjUFPnpf5O', 3, 1, '2021-02-22 15:19:01.886+00', '2021-02-22 15:19:01.886+00');
INSERT INTO public.members VALUES
	(1001, 'Thục Vân Vương PhD', '$2a$08$FAwlxDqnJCOPQYKWCCJVp.lldh1URR8iflWtHjgZdHiFjUFPnpf5O', 3, 1, '2021-02-22 15:19:01.887+00', '2021-02-22 15:19:01.887+00'),
	(1002, 'Ðông Dương Lê', '$2a$08$FAwlxDqnJCOPQYKWCCJVp.lldh1URR8iflWtHjgZdHiFjUFPnpf5O', 3, 1, '2021-02-22 15:19:01.888+00', '2021-02-22 15:19:01.888+00'),
	(1003, 'Mr. Bảo Hoàng Trần', '$2a$08$FAwlxDqnJCOPQYKWCCJVp.lldh1URR8iflWtHjgZdHiFjUFPnpf5O', 3, 1, '2021-02-22 15:19:01.89+00', '2021-02-22 15:19:01.89+00'),
	(1004, 'Trung Nhân Tô', '$2a$08$FAwlxDqnJCOPQYKWCCJVp.lldh1URR8iflWtHjgZdHiFjUFPnpf5O', 3, 1, '2021-02-22 15:19:01.891+00', '2021-02-22 15:19:01.891+00'),
	(1005, 'Hữu Thống Lâm', '$2a$08$FAwlxDqnJCOPQYKWCCJVp.lldh1URR8iflWtHjgZdHiFjUFPnpf5O', 3, 1, '2021-02-22 15:19:01.892+00', '2021-02-22 15:19:01.892+00'),
	(1006, 'Trường Nhân Đinh', '$2a$08$FAwlxDqnJCOPQYKWCCJVp.lldh1URR8iflWtHjgZdHiFjUFPnpf5O', 3, 1, '2021-02-22 15:19:01.893+00', '2021-02-22 15:19:01.893+00'),
	(1007, 'Hữu Khoát Vương', '$2a$08$FAwlxDqnJCOPQYKWCCJVp.lldh1URR8iflWtHjgZdHiFjUFPnpf5O', 3, 1, '2021-02-22 15:19:01.895+00', '2021-02-22 15:19:01.895+00'),
	(1008, 'Ðức Minh Đặng DDS', '$2a$08$FAwlxDqnJCOPQYKWCCJVp.lldh1URR8iflWtHjgZdHiFjUFPnpf5O', 3, 1, '2021-02-22 15:19:01.896+00', '2021-02-22 15:19:01.896+00'),
	(1009, 'Bình Yên Tô', '$2a$08$FAwlxDqnJCOPQYKWCCJVp.lldh1URR8iflWtHjgZdHiFjUFPnpf5O', 3, 1, '2021-02-22 15:19:01.897+00', '2021-02-22 15:19:01.897+00'),
	(1010, 'Minh Giang Bùi', '$2a$08$FAwlxDqnJCOPQYKWCCJVp.lldh1URR8iflWtHjgZdHiFjUFPnpf5O', 3, 1, '2021-02-22 15:19:01.898+00', '2021-02-22 15:19:01.898+00'),
	(1011, 'Mai Thanh Trương', '$2a$08$FAwlxDqnJCOPQYKWCCJVp.lldh1URR8iflWtHjgZdHiFjUFPnpf5O', 3, 1, '2021-02-22 15:19:01.899+00', '2021-02-22 15:19:01.899+00'),
	(1012, 'Ðình Sang Tô', '$2a$08$FAwlxDqnJCOPQYKWCCJVp.lldh1URR8iflWtHjgZdHiFjUFPnpf5O', 3, 1, '2021-02-22 15:19:01.9+00', '2021-02-22 15:19:01.9+00'),
	(1013, 'Tuyền Lâm Trần', '$2a$08$FAwlxDqnJCOPQYKWCCJVp.lldh1URR8iflWtHjgZdHiFjUFPnpf5O', 3, 1, '2021-02-22 15:19:01.901+00', '2021-02-22 15:19:01.901+00'),
	(1014, 'Tài Nguyên Ngô', '$2a$08$FAwlxDqnJCOPQYKWCCJVp.lldh1URR8iflWtHjgZdHiFjUFPnpf5O', 3, 1, '2021-02-22 15:19:01.903+00', '2021-02-22 15:19:01.903+00'),
	(1015, 'Hoài Phương Lâm', '$2a$08$FAwlxDqnJCOPQYKWCCJVp.lldh1URR8iflWtHjgZdHiFjUFPnpf5O', 3, 1, '2021-02-22 15:19:01.904+00', '2021-02-22 15:19:01.904+00'),
	(1016, 'Như Anh Vũ', '$2a$08$FAwlxDqnJCOPQYKWCCJVp.lldh1URR8iflWtHjgZdHiFjUFPnpf5O', 3, 1, '2021-02-22 15:19:01.905+00', '2021-02-22 15:19:01.905+00'),
	(1017, 'Cát Tường Trần', '$2a$08$FAwlxDqnJCOPQYKWCCJVp.lldh1URR8iflWtHjgZdHiFjUFPnpf5O', 3, 1, '2021-02-22 15:19:01.907+00', '2021-02-22 15:19:01.907+00'),
	(1018, 'Ðịnh Siêu Lâm', '$2a$08$FAwlxDqnJCOPQYKWCCJVp.lldh1URR8iflWtHjgZdHiFjUFPnpf5O', 3, 1, '2021-02-22 15:19:01.908+00', '2021-02-22 15:19:01.908+00'),
	(1019, 'Hoàng Miên Hoàng V', '$2a$08$FAwlxDqnJCOPQYKWCCJVp.lldh1URR8iflWtHjgZdHiFjUFPnpf5O', 3, 1, '2021-02-22 15:19:01.909+00', '2021-02-22 15:19:01.909+00'),
	(1020, 'Vân Thường Nguyễn', '$2a$08$FAwlxDqnJCOPQYKWCCJVp.lldh1URR8iflWtHjgZdHiFjUFPnpf5O', 3, 1, '2021-02-22 15:19:01.911+00', '2021-02-22 15:19:01.911+00'),
	(1021, 'Phúc Sinh Lê', '$2a$08$FAwlxDqnJCOPQYKWCCJVp.lldh1URR8iflWtHjgZdHiFjUFPnpf5O', 3, 1, '2021-02-22 15:19:01.912+00', '2021-02-22 15:19:01.912+00'),
	(1022, 'Khánh Huyền Đỗ', '$2a$08$FAwlxDqnJCOPQYKWCCJVp.lldh1URR8iflWtHjgZdHiFjUFPnpf5O', 3, 1, '2021-02-22 15:19:01.914+00', '2021-02-22 15:19:01.914+00'),
	(1023, 'Miss Ái Nhân Vương', '$2a$08$FAwlxDqnJCOPQYKWCCJVp.lldh1URR8iflWtHjgZdHiFjUFPnpf5O', 3, 1, '2021-02-22 15:19:01.916+00', '2021-02-22 15:19:01.916+00'),
	(1024, 'Xuân Tường Trịnh', '$2a$08$FAwlxDqnJCOPQYKWCCJVp.lldh1URR8iflWtHjgZdHiFjUFPnpf5O', 3, 1, '2021-02-22 15:19:01.917+00', '2021-02-22 15:19:01.917+00'),
	(1025, 'Ms. Huyền Ngọc Đinh', '$2a$08$FAwlxDqnJCOPQYKWCCJVp.lldh1URR8iflWtHjgZdHiFjUFPnpf5O', 3, 1, '2021-02-22 15:19:01.918+00', '2021-02-22 15:19:01.918+00'),
	(1026, 'Khải Tuấn Đặng', '$2a$08$FAwlxDqnJCOPQYKWCCJVp.lldh1URR8iflWtHjgZdHiFjUFPnpf5O', 3, 1, '2021-02-22 15:19:01.919+00', '2021-02-22 15:19:01.919+00'),
	(1027, 'Gia Cảnh Lý', '$2a$08$FAwlxDqnJCOPQYKWCCJVp.lldh1URR8iflWtHjgZdHiFjUFPnpf5O', 3, 1, '2021-02-22 15:19:01.921+00', '2021-02-22 15:19:01.921+00'),
	(1028, 'Mrs. Thế Anh Trịnh', '$2a$08$FAwlxDqnJCOPQYKWCCJVp.lldh1URR8iflWtHjgZdHiFjUFPnpf5O', 3, 1, '2021-02-22 15:19:01.922+00', '2021-02-22 15:19:01.922+00'),
	(1029, 'Thảo Nhi Tô', '$2a$08$FAwlxDqnJCOPQYKWCCJVp.lldh1URR8iflWtHjgZdHiFjUFPnpf5O', 3, 1, '2021-02-22 15:19:01.923+00', '2021-02-22 15:19:01.923+00'),
	(1030, 'Mỹ Hường Hồ', '$2a$08$FAwlxDqnJCOPQYKWCCJVp.lldh1URR8iflWtHjgZdHiFjUFPnpf5O', 3, 1, '2021-02-22 15:19:01.925+00', '2021-02-22 15:19:01.925+00'),
	(1031, 'Hán Lâm Đào', '$2a$08$FAwlxDqnJCOPQYKWCCJVp.lldh1URR8iflWtHjgZdHiFjUFPnpf5O', 3, 1, '2021-02-22 15:19:01.926+00', '2021-02-22 15:19:01.926+00'),
	(1032, 'Hiểu Lam Phùng', '$2a$08$FAwlxDqnJCOPQYKWCCJVp.lldh1URR8iflWtHjgZdHiFjUFPnpf5O', 3, 1, '2021-02-22 15:19:01.927+00', '2021-02-22 15:19:01.927+00'),
	(1033, 'Uyên Thy Nguyễn', '$2a$08$FAwlxDqnJCOPQYKWCCJVp.lldh1URR8iflWtHjgZdHiFjUFPnpf5O', 3, 1, '2021-02-22 15:19:01.928+00', '2021-02-22 15:19:01.928+00'),
	(1034, 'Tuấn Khanh Phùng', '$2a$08$FAwlxDqnJCOPQYKWCCJVp.lldh1URR8iflWtHjgZdHiFjUFPnpf5O', 3, 1, '2021-02-22 15:19:01.929+00', '2021-02-22 15:19:01.929+00'),
	(1035, 'Thanh Thuận Trương IV', '$2a$08$FAwlxDqnJCOPQYKWCCJVp.lldh1URR8iflWtHjgZdHiFjUFPnpf5O', 3, 1, '2021-02-22 15:19:01.931+00', '2021-02-22 15:19:01.931+00'),
	(1036, 'Triệu Thái Mai', '$2a$08$FAwlxDqnJCOPQYKWCCJVp.lldh1URR8iflWtHjgZdHiFjUFPnpf5O', 3, 1, '2021-02-22 15:19:01.932+00', '2021-02-22 15:19:01.932+00'),
	(1037, 'Hoàng Giang Mai', '$2a$08$FAwlxDqnJCOPQYKWCCJVp.lldh1URR8iflWtHjgZdHiFjUFPnpf5O', 3, 1, '2021-02-22 15:19:01.933+00', '2021-02-22 15:19:01.933+00'),
	(1038, 'Tuấn Anh Lý', '$2a$08$FAwlxDqnJCOPQYKWCCJVp.lldh1URR8iflWtHjgZdHiFjUFPnpf5O', 3, 1, '2021-02-22 15:19:01.935+00', '2021-02-22 15:19:01.935+00'),
	(1039, 'Quốc Hùng Tô', '$2a$08$FAwlxDqnJCOPQYKWCCJVp.lldh1URR8iflWtHjgZdHiFjUFPnpf5O', 3, 1, '2021-02-22 15:19:01.936+00', '2021-02-22 15:19:01.936+00'),
	(1040, 'Phương Ngọc Hồ', '$2a$08$FAwlxDqnJCOPQYKWCCJVp.lldh1URR8iflWtHjgZdHiFjUFPnpf5O', 3, 1, '2021-02-22 15:19:01.937+00', '2021-02-22 15:19:01.937+00'),
	(1041, 'Quang Anh Lâm', '$2a$08$FAwlxDqnJCOPQYKWCCJVp.lldh1URR8iflWtHjgZdHiFjUFPnpf5O', 3, 1, '2021-02-22 15:19:01.938+00', '2021-02-22 15:19:01.938+00'),
	(1042, 'Hiểu Vân Trương II', '$2a$08$FAwlxDqnJCOPQYKWCCJVp.lldh1URR8iflWtHjgZdHiFjUFPnpf5O', 3, 1, '2021-02-22 15:19:01.939+00', '2021-02-22 15:19:01.939+00'),
	(1043, 'Kỳ Võ Dương', '$2a$08$FAwlxDqnJCOPQYKWCCJVp.lldh1URR8iflWtHjgZdHiFjUFPnpf5O', 3, 1, '2021-02-22 15:19:01.941+00', '2021-02-22 15:19:01.941+00'),
	(1044, 'Bảo Quỳnh Trịnh DDS', '$2a$08$FAwlxDqnJCOPQYKWCCJVp.lldh1URR8iflWtHjgZdHiFjUFPnpf5O', 3, 1, '2021-02-22 15:19:01.942+00', '2021-02-22 15:19:01.942+00'),
	(1045, 'Xuân Dung Đặng', '$2a$08$FAwlxDqnJCOPQYKWCCJVp.lldh1URR8iflWtHjgZdHiFjUFPnpf5O', 3, 1, '2021-02-22 15:19:01.943+00', '2021-02-22 15:19:01.943+00'),
	(1046, 'Công Hoán Hà', '$2a$08$FAwlxDqnJCOPQYKWCCJVp.lldh1URR8iflWtHjgZdHiFjUFPnpf5O', 3, 1, '2021-02-22 15:19:01.944+00', '2021-02-22 15:19:01.944+00'),
	(1047, 'Việt Thi Bùi', '$2a$08$FAwlxDqnJCOPQYKWCCJVp.lldh1URR8iflWtHjgZdHiFjUFPnpf5O', 3, 1, '2021-02-22 15:19:01.945+00', '2021-02-22 15:19:01.945+00'),
	(1048, 'Minh Tú Phùng', '$2a$08$FAwlxDqnJCOPQYKWCCJVp.lldh1URR8iflWtHjgZdHiFjUFPnpf5O', 3, 1, '2021-02-22 15:19:01.948+00', '2021-02-22 15:19:01.948+00'),
	(1049, 'Ðức Quang Đỗ', '$2a$08$FAwlxDqnJCOPQYKWCCJVp.lldh1URR8iflWtHjgZdHiFjUFPnpf5O', 3, 1, '2021-02-22 15:19:01.949+00', '2021-02-22 15:19:01.949+00'),
	(1050, 'Bảo Huynh Bùi', '$2a$08$FAwlxDqnJCOPQYKWCCJVp.lldh1URR8iflWtHjgZdHiFjUFPnpf5O', 3, 1, '2021-02-22 15:19:01.951+00', '2021-02-22 15:19:01.951+00'),
	(1051, 'Công Án Đỗ', '$2a$08$FAwlxDqnJCOPQYKWCCJVp.lldh1URR8iflWtHjgZdHiFjUFPnpf5O', 3, 1, '2021-02-22 15:19:01.953+00', '2021-02-22 15:19:01.953+00'),
	(1052, 'Ngọc Phụng Nguyễn', '$2a$08$FAwlxDqnJCOPQYKWCCJVp.lldh1URR8iflWtHjgZdHiFjUFPnpf5O', 3, 1, '2021-02-22 15:19:01.954+00', '2021-02-22 15:19:01.954+00'),
	(1053, 'Thu Sương Lâm', '$2a$08$FAwlxDqnJCOPQYKWCCJVp.lldh1URR8iflWtHjgZdHiFjUFPnpf5O', 3, 1, '2021-02-22 15:19:01.955+00', '2021-02-22 15:19:01.955+00'),
	(1054, 'Mỹ Thuần Tô', '$2a$08$FAwlxDqnJCOPQYKWCCJVp.lldh1URR8iflWtHjgZdHiFjUFPnpf5O', 3, 1, '2021-02-22 15:19:01.957+00', '2021-02-22 15:19:01.957+00'),
	(1055, 'Mai Hiền Lê', '$2a$08$FAwlxDqnJCOPQYKWCCJVp.lldh1URR8iflWtHjgZdHiFjUFPnpf5O', 3, 1, '2021-02-22 15:19:01.958+00', '2021-02-22 15:19:01.958+00'),
	(1056, 'Thành Long Phạm', '$2a$08$FAwlxDqnJCOPQYKWCCJVp.lldh1URR8iflWtHjgZdHiFjUFPnpf5O', 3, 1, '2021-02-22 15:19:01.959+00', '2021-02-22 15:19:01.959+00'),
	(1057, 'Phước Huệ Hoàng III', '$2a$08$FAwlxDqnJCOPQYKWCCJVp.lldh1URR8iflWtHjgZdHiFjUFPnpf5O', 3, 1, '2021-02-22 15:19:01.961+00', '2021-02-22 15:19:01.961+00'),
	(1058, 'Lạc Nhân Mai', '$2a$08$FAwlxDqnJCOPQYKWCCJVp.lldh1URR8iflWtHjgZdHiFjUFPnpf5O', 3, 1, '2021-02-22 15:19:01.962+00', '2021-02-22 15:19:01.962+00'),
	(1059, 'Hồng Thủy Đinh', '$2a$08$FAwlxDqnJCOPQYKWCCJVp.lldh1URR8iflWtHjgZdHiFjUFPnpf5O', 3, 1, '2021-02-22 15:19:01.963+00', '2021-02-22 15:19:01.963+00'),
	(1060, 'Phong Dinh Hoàng', '$2a$08$FAwlxDqnJCOPQYKWCCJVp.lldh1URR8iflWtHjgZdHiFjUFPnpf5O', 3, 1, '2021-02-22 15:19:01.964+00', '2021-02-22 15:19:01.964+00'),
	(1061, 'Đài Trang Vương', '$2a$08$FAwlxDqnJCOPQYKWCCJVp.lldh1URR8iflWtHjgZdHiFjUFPnpf5O', 3, 1, '2021-02-22 15:19:01.966+00', '2021-02-22 15:19:01.966+00'),
	(1062, 'Bạch Mai Phùng II', '$2a$08$FAwlxDqnJCOPQYKWCCJVp.lldh1URR8iflWtHjgZdHiFjUFPnpf5O', 3, 1, '2021-02-22 15:19:01.967+00', '2021-02-22 15:19:01.967+00'),
	(1063, 'Khánh Hải Vương', '$2a$08$FAwlxDqnJCOPQYKWCCJVp.lldh1URR8iflWtHjgZdHiFjUFPnpf5O', 3, 1, '2021-02-22 15:19:01.968+00', '2021-02-22 15:19:01.968+00'),
	(1064, 'Hoài Trang Đinh', '$2a$08$FAwlxDqnJCOPQYKWCCJVp.lldh1URR8iflWtHjgZdHiFjUFPnpf5O', 3, 1, '2021-02-22 15:19:01.969+00', '2021-02-22 15:19:01.969+00'),
	(1065, 'Ngọc Ngạn Tô', '$2a$08$FAwlxDqnJCOPQYKWCCJVp.lldh1URR8iflWtHjgZdHiFjUFPnpf5O', 3, 1, '2021-02-22 15:19:01.97+00', '2021-02-22 15:19:01.97+00'),
	(1066, 'Diệu Lan Trịnh III', '$2a$08$FAwlxDqnJCOPQYKWCCJVp.lldh1URR8iflWtHjgZdHiFjUFPnpf5O', 3, 1, '2021-02-22 15:19:01.972+00', '2021-02-22 15:19:01.972+00'),
	(1067, 'Sơn Giang Dương V', '$2a$08$FAwlxDqnJCOPQYKWCCJVp.lldh1URR8iflWtHjgZdHiFjUFPnpf5O', 3, 1, '2021-02-22 15:19:01.973+00', '2021-02-22 15:19:01.973+00'),
	(1068, 'Thái Hồng Trương', '$2a$08$FAwlxDqnJCOPQYKWCCJVp.lldh1URR8iflWtHjgZdHiFjUFPnpf5O', 3, 1, '2021-02-22 15:19:01.974+00', '2021-02-22 15:19:01.974+00'),
	(1069, 'Quỳnh Vân Hà', '$2a$08$FAwlxDqnJCOPQYKWCCJVp.lldh1URR8iflWtHjgZdHiFjUFPnpf5O', 3, 1, '2021-02-22 15:19:01.976+00', '2021-02-22 15:19:01.976+00'),
	(1070, 'Tiểu My Đinh', '$2a$08$FAwlxDqnJCOPQYKWCCJVp.lldh1URR8iflWtHjgZdHiFjUFPnpf5O', 3, 1, '2021-02-22 15:19:01.98+00', '2021-02-22 15:19:01.98+00'),
	(1071, 'Thanh Toàn Lê V', '$2a$08$FAwlxDqnJCOPQYKWCCJVp.lldh1URR8iflWtHjgZdHiFjUFPnpf5O', 3, 1, '2021-02-22 15:19:01.983+00', '2021-02-22 15:19:01.983+00'),
	(1072, 'Bảo Toàn Đinh', '$2a$08$FAwlxDqnJCOPQYKWCCJVp.lldh1URR8iflWtHjgZdHiFjUFPnpf5O', 3, 1, '2021-02-22 15:19:01.987+00', '2021-02-22 15:19:01.987+00'),
	(1073, 'Thu Vọng Ngô', '$2a$08$FAwlxDqnJCOPQYKWCCJVp.lldh1URR8iflWtHjgZdHiFjUFPnpf5O', 3, 1, '2021-02-22 15:19:01.995+00', '2021-02-22 15:19:01.995+00'),
	(1074, 'Hồng Lân Dương', '$2a$08$FAwlxDqnJCOPQYKWCCJVp.lldh1URR8iflWtHjgZdHiFjUFPnpf5O', 3, 1, '2021-02-22 15:19:01.999+00', '2021-02-22 15:19:01.999+00'),
	(1075, 'Bình Yên Lê', '$2a$08$FAwlxDqnJCOPQYKWCCJVp.lldh1URR8iflWtHjgZdHiFjUFPnpf5O', 3, 1, '2021-02-22 15:19:02.004+00', '2021-02-22 15:19:02.004+00'),
	(1076, 'Thục Uyên Tăng', '$2a$08$FAwlxDqnJCOPQYKWCCJVp.lldh1URR8iflWtHjgZdHiFjUFPnpf5O', 3, 1, '2021-02-22 15:19:02.008+00', '2021-02-22 15:19:02.008+00'),
	(1077, 'Minh Vy Tăng', '$2a$08$FAwlxDqnJCOPQYKWCCJVp.lldh1URR8iflWtHjgZdHiFjUFPnpf5O', 3, 1, '2021-02-22 15:19:02.011+00', '2021-02-22 15:19:02.011+00'),
	(1078, 'Trân Châu Lâm', '$2a$08$FAwlxDqnJCOPQYKWCCJVp.lldh1URR8iflWtHjgZdHiFjUFPnpf5O', 3, 1, '2021-02-22 15:19:02.014+00', '2021-02-22 15:19:02.014+00'),
	(1079, 'Dr. Hải Giang Dương', '$2a$08$FAwlxDqnJCOPQYKWCCJVp.lldh1URR8iflWtHjgZdHiFjUFPnpf5O', 3, 1, '2021-02-22 15:19:02.017+00', '2021-02-22 15:19:02.017+00'),
	(1080, 'Thanh Tịnh Trịnh', '$2a$08$FAwlxDqnJCOPQYKWCCJVp.lldh1URR8iflWtHjgZdHiFjUFPnpf5O', 3, 1, '2021-02-22 15:19:02.019+00', '2021-02-22 15:19:02.019+00'),
	(1081, 'Tuyền Lâm Lê', '$2a$08$FAwlxDqnJCOPQYKWCCJVp.lldh1URR8iflWtHjgZdHiFjUFPnpf5O', 3, 1, '2021-02-22 15:19:02.021+00', '2021-02-22 15:19:02.021+00'),
	(1082, 'Thế Năng Hoàng', '$2a$08$FAwlxDqnJCOPQYKWCCJVp.lldh1URR8iflWtHjgZdHiFjUFPnpf5O', 3, 1, '2021-02-22 15:19:02.022+00', '2021-02-22 15:19:02.022+00'),
	(1083, 'Hòa Bình Phạm', '$2a$08$FAwlxDqnJCOPQYKWCCJVp.lldh1URR8iflWtHjgZdHiFjUFPnpf5O', 3, 1, '2021-02-22 15:19:02.024+00', '2021-02-22 15:19:02.024+00'),
	(1084, 'Hương Liên Phùng', '$2a$08$FAwlxDqnJCOPQYKWCCJVp.lldh1URR8iflWtHjgZdHiFjUFPnpf5O', 3, 1, '2021-02-22 15:19:02.026+00', '2021-02-22 15:19:02.026+00'),
	(1085, 'Ðức Tuệ Đinh', '$2a$08$FAwlxDqnJCOPQYKWCCJVp.lldh1URR8iflWtHjgZdHiFjUFPnpf5O', 3, 1, '2021-02-22 15:19:02.028+00', '2021-02-22 15:19:02.028+00'),
	(1086, 'Miss Bảo Huệ Hồ', '$2a$08$FAwlxDqnJCOPQYKWCCJVp.lldh1URR8iflWtHjgZdHiFjUFPnpf5O', 3, 1, '2021-02-22 15:19:02.029+00', '2021-02-22 15:19:02.029+00'),
	(1087, 'Ðắc Thái Hồ', '$2a$08$FAwlxDqnJCOPQYKWCCJVp.lldh1URR8iflWtHjgZdHiFjUFPnpf5O', 3, 1, '2021-02-22 15:19:02.031+00', '2021-02-22 15:19:02.031+00'),
	(1088, 'Minh Xuân Đinh', '$2a$08$FAwlxDqnJCOPQYKWCCJVp.lldh1URR8iflWtHjgZdHiFjUFPnpf5O', 3, 1, '2021-02-22 15:19:02.032+00', '2021-02-22 15:19:02.032+00'),
	(1089, 'Ðức Phong Vũ', '$2a$08$FAwlxDqnJCOPQYKWCCJVp.lldh1URR8iflWtHjgZdHiFjUFPnpf5O', 3, 1, '2021-02-22 15:19:02.034+00', '2021-02-22 15:19:02.034+00'),
	(1090, 'Diệu Huyền Lý', '$2a$08$FAwlxDqnJCOPQYKWCCJVp.lldh1URR8iflWtHjgZdHiFjUFPnpf5O', 3, 1, '2021-02-22 15:19:02.037+00', '2021-02-22 15:19:02.037+00'),
	(1091, 'Ðông Phong Phạm', '$2a$08$FAwlxDqnJCOPQYKWCCJVp.lldh1URR8iflWtHjgZdHiFjUFPnpf5O', 3, 1, '2021-02-22 15:19:02.039+00', '2021-02-22 15:19:02.039+00'),
	(1092, 'Thu Việt Đào', '$2a$08$FAwlxDqnJCOPQYKWCCJVp.lldh1URR8iflWtHjgZdHiFjUFPnpf5O', 3, 1, '2021-02-22 15:19:02.041+00', '2021-02-22 15:19:02.041+00'),
	(1093, 'Duyên Mỹ Lê', '$2a$08$FAwlxDqnJCOPQYKWCCJVp.lldh1URR8iflWtHjgZdHiFjUFPnpf5O', 3, 1, '2021-02-22 15:19:02.042+00', '2021-02-22 15:19:02.042+00'),
	(1094, 'Vinh Diệu Phạm', '$2a$08$FAwlxDqnJCOPQYKWCCJVp.lldh1URR8iflWtHjgZdHiFjUFPnpf5O', 3, 1, '2021-02-22 15:19:02.043+00', '2021-02-22 15:19:02.043+00'),
	(1095, 'Dr. Hà Liên Hoàng', '$2a$08$FAwlxDqnJCOPQYKWCCJVp.lldh1URR8iflWtHjgZdHiFjUFPnpf5O', 3, 1, '2021-02-22 15:19:02.045+00', '2021-02-22 15:19:02.045+00'),
	(1096, 'Bữu Toại Lâm', '$2a$08$FAwlxDqnJCOPQYKWCCJVp.lldh1URR8iflWtHjgZdHiFjUFPnpf5O', 3, 1, '2021-02-22 15:19:02.046+00', '2021-02-22 15:19:02.046+00'),
	(1097, 'Thế Bình Vương DVM', '$2a$08$FAwlxDqnJCOPQYKWCCJVp.lldh1URR8iflWtHjgZdHiFjUFPnpf5O', 3, 1, '2021-02-22 15:19:02.047+00', '2021-02-22 15:19:02.047+00'),
	(1098, 'Hoài Nam Hồ', '$2a$08$FAwlxDqnJCOPQYKWCCJVp.lldh1URR8iflWtHjgZdHiFjUFPnpf5O', 3, 1, '2021-02-22 15:19:02.048+00', '2021-02-22 15:19:02.048+00'),
	(1099, 'Quốc Trung Tô', '$2a$08$FAwlxDqnJCOPQYKWCCJVp.lldh1URR8iflWtHjgZdHiFjUFPnpf5O', 3, 1, '2021-02-22 15:19:02.05+00', '2021-02-22 15:19:02.05+00'),
	(1100, 'Ái Khanh Phùng', '$2a$08$FAwlxDqnJCOPQYKWCCJVp.lldh1URR8iflWtHjgZdHiFjUFPnpf5O', 3, 1, '2021-02-22 15:19:02.051+00', '2021-02-22 15:19:02.051+00'),
	(1101, 'Thiên Lương Vương', '$2a$08$FAwlxDqnJCOPQYKWCCJVp.lldh1URR8iflWtHjgZdHiFjUFPnpf5O', 3, 1, '2021-02-22 15:19:02.052+00', '2021-02-22 15:19:02.052+00'),
	(1102, 'Lam Giang Lâm', '$2a$08$FAwlxDqnJCOPQYKWCCJVp.lldh1URR8iflWtHjgZdHiFjUFPnpf5O', 3, 1, '2021-02-22 15:19:02.054+00', '2021-02-22 15:19:02.054+00'),
	(1103, 'Thái Duy Hoàng', '$2a$08$FAwlxDqnJCOPQYKWCCJVp.lldh1URR8iflWtHjgZdHiFjUFPnpf5O', 3, 1, '2021-02-22 15:19:02.055+00', '2021-02-22 15:19:02.055+00'),
	(1104, 'Thanh Nhàn Đặng', '$2a$08$FAwlxDqnJCOPQYKWCCJVp.lldh1URR8iflWtHjgZdHiFjUFPnpf5O', 3, 1, '2021-02-22 15:19:02.056+00', '2021-02-22 15:19:02.056+00'),
	(1105, 'Thành Long Hồ', '$2a$08$FAwlxDqnJCOPQYKWCCJVp.lldh1URR8iflWtHjgZdHiFjUFPnpf5O', 3, 1, '2021-02-22 15:19:02.057+00', '2021-02-22 15:19:02.057+00'),
	(1106, 'Thiên Phương Mai', '$2a$08$FAwlxDqnJCOPQYKWCCJVp.lldh1URR8iflWtHjgZdHiFjUFPnpf5O', 3, 1, '2021-02-22 15:19:02.059+00', '2021-02-22 15:19:02.059+00'),
	(1107, 'Thường Kiệt Vũ', '$2a$08$FAwlxDqnJCOPQYKWCCJVp.lldh1URR8iflWtHjgZdHiFjUFPnpf5O', 3, 1, '2021-02-22 15:19:02.06+00', '2021-02-22 15:19:02.06+00'),
	(1108, 'Phú Bình Vương MD', '$2a$08$FAwlxDqnJCOPQYKWCCJVp.lldh1URR8iflWtHjgZdHiFjUFPnpf5O', 3, 1, '2021-02-22 15:19:02.061+00', '2021-02-22 15:19:02.061+00'),
	(1109, 'Ðức Quyền Phạm', '$2a$08$FAwlxDqnJCOPQYKWCCJVp.lldh1URR8iflWtHjgZdHiFjUFPnpf5O', 3, 1, '2021-02-22 15:19:02.062+00', '2021-02-22 15:19:02.062+00'),
	(1110, 'Ly Châu Vương', '$2a$08$FAwlxDqnJCOPQYKWCCJVp.lldh1URR8iflWtHjgZdHiFjUFPnpf5O', 3, 1, '2021-02-22 15:19:02.063+00', '2021-02-22 15:19:02.063+00'),
	(1111, 'Quốc Khánh Vương MD', '$2a$08$FAwlxDqnJCOPQYKWCCJVp.lldh1URR8iflWtHjgZdHiFjUFPnpf5O', 3, 1, '2021-02-22 15:19:02.065+00', '2021-02-22 15:19:02.065+00'),
	(1112, 'Huyền Thoại Hà', '$2a$08$FAwlxDqnJCOPQYKWCCJVp.lldh1URR8iflWtHjgZdHiFjUFPnpf5O', 3, 1, '2021-02-22 15:19:02.066+00', '2021-02-22 15:19:02.066+00'),
	(1113, 'Quang Lộc Đặng', '$2a$08$FAwlxDqnJCOPQYKWCCJVp.lldh1URR8iflWtHjgZdHiFjUFPnpf5O', 3, 1, '2021-02-22 15:19:02.067+00', '2021-02-22 15:19:02.067+00'),
	(1114, 'Thành Ðạt Đào', '$2a$08$FAwlxDqnJCOPQYKWCCJVp.lldh1URR8iflWtHjgZdHiFjUFPnpf5O', 3, 1, '2021-02-22 15:19:02.068+00', '2021-02-22 15:19:02.068+00'),
	(1115, 'Kiên Giang Mai V', '$2a$08$FAwlxDqnJCOPQYKWCCJVp.lldh1URR8iflWtHjgZdHiFjUFPnpf5O', 3, 1, '2021-02-22 15:19:02.069+00', '2021-02-22 15:19:02.069+00'),
	(1116, 'Như Trân Đào', '$2a$08$FAwlxDqnJCOPQYKWCCJVp.lldh1URR8iflWtHjgZdHiFjUFPnpf5O', 3, 1, '2021-02-22 15:19:02.07+00', '2021-02-22 15:19:02.07+00'),
	(1117, 'Trí Liên Lê', '$2a$08$FAwlxDqnJCOPQYKWCCJVp.lldh1URR8iflWtHjgZdHiFjUFPnpf5O', 3, 1, '2021-02-22 15:19:02.072+00', '2021-02-22 15:19:02.072+00'),
	(1118, 'An Hạ Hà', '$2a$08$FAwlxDqnJCOPQYKWCCJVp.lldh1URR8iflWtHjgZdHiFjUFPnpf5O', 3, 1, '2021-02-22 15:19:02.073+00', '2021-02-22 15:19:02.073+00'),
	(1119, 'Trọng Chính Phạm', '$2a$08$FAwlxDqnJCOPQYKWCCJVp.lldh1URR8iflWtHjgZdHiFjUFPnpf5O', 3, 1, '2021-02-22 15:19:02.074+00', '2021-02-22 15:19:02.074+00'),
	(1120, 'Ngọc Ngạn Nguyễn', '$2a$08$FAwlxDqnJCOPQYKWCCJVp.lldh1URR8iflWtHjgZdHiFjUFPnpf5O', 3, 1, '2021-02-22 15:19:02.075+00', '2021-02-22 15:19:02.075+00'),
	(1121, 'Song Lam Ngô', '$2a$08$FAwlxDqnJCOPQYKWCCJVp.lldh1URR8iflWtHjgZdHiFjUFPnpf5O', 3, 1, '2021-02-22 15:19:02.076+00', '2021-02-22 15:19:02.076+00'),
	(1122, 'Bình Dân Đinh', '$2a$08$FAwlxDqnJCOPQYKWCCJVp.lldh1URR8iflWtHjgZdHiFjUFPnpf5O', 3, 1, '2021-02-22 15:19:02.077+00', '2021-02-22 15:19:02.077+00'),
	(1123, 'Ms. Mộng Liễu Trương', '$2a$08$FAwlxDqnJCOPQYKWCCJVp.lldh1URR8iflWtHjgZdHiFjUFPnpf5O', 3, 1, '2021-02-22 15:19:02.079+00', '2021-02-22 15:19:02.079+00'),
	(1124, 'Ðức Anh Đặng', '$2a$08$FAwlxDqnJCOPQYKWCCJVp.lldh1URR8iflWtHjgZdHiFjUFPnpf5O', 3, 1, '2021-02-22 15:19:02.08+00', '2021-02-22 15:19:02.08+00'),
	(1125, 'Công Lý Phùng', '$2a$08$FAwlxDqnJCOPQYKWCCJVp.lldh1URR8iflWtHjgZdHiFjUFPnpf5O', 3, 1, '2021-02-22 15:19:02.081+00', '2021-02-22 15:19:02.081+00'),
	(1126, 'Hữu Hoàng Phùng', '$2a$08$FAwlxDqnJCOPQYKWCCJVp.lldh1URR8iflWtHjgZdHiFjUFPnpf5O', 3, 1, '2021-02-22 15:19:02.082+00', '2021-02-22 15:19:02.082+00'),
	(1127, 'Thiên An Đinh Jr.', '$2a$08$FAwlxDqnJCOPQYKWCCJVp.lldh1URR8iflWtHjgZdHiFjUFPnpf5O', 3, 1, '2021-02-22 15:19:02.083+00', '2021-02-22 15:19:02.083+00'),
	(1128, 'Thế Phương Trịnh', '$2a$08$FAwlxDqnJCOPQYKWCCJVp.lldh1URR8iflWtHjgZdHiFjUFPnpf5O', 3, 1, '2021-02-22 15:19:02.084+00', '2021-02-22 15:19:02.084+00'),
	(1129, 'Bảo Ngọc Đặng', '$2a$08$FAwlxDqnJCOPQYKWCCJVp.lldh1URR8iflWtHjgZdHiFjUFPnpf5O', 3, 1, '2021-02-22 15:19:02.086+00', '2021-02-22 15:19:02.086+00'),
	(1130, 'Thời Nhiệm Ngô', '$2a$08$FAwlxDqnJCOPQYKWCCJVp.lldh1URR8iflWtHjgZdHiFjUFPnpf5O', 3, 1, '2021-02-22 15:19:02.087+00', '2021-02-22 15:19:02.087+00'),
	(1131, 'Lục Bình Dương', '$2a$08$FAwlxDqnJCOPQYKWCCJVp.lldh1URR8iflWtHjgZdHiFjUFPnpf5O', 3, 1, '2021-02-22 15:19:02.088+00', '2021-02-22 15:19:02.088+00'),
	(1132, 'Miss Như Quân Đặng', '$2a$08$FAwlxDqnJCOPQYKWCCJVp.lldh1URR8iflWtHjgZdHiFjUFPnpf5O', 3, 1, '2021-02-22 15:19:02.089+00', '2021-02-22 15:19:02.089+00'),
	(1133, 'Cao Nguyên Lâm', '$2a$08$FAwlxDqnJCOPQYKWCCJVp.lldh1URR8iflWtHjgZdHiFjUFPnpf5O', 3, 1, '2021-02-22 15:19:02.09+00', '2021-02-22 15:19:02.09+00'),
	(1134, 'Tâm Hằng Hoàng', '$2a$08$FAwlxDqnJCOPQYKWCCJVp.lldh1URR8iflWtHjgZdHiFjUFPnpf5O', 3, 1, '2021-02-22 15:19:02.091+00', '2021-02-22 15:19:02.091+00'),
	(1135, 'Mrs. Cao Sỹ Hoàng', '$2a$08$FAwlxDqnJCOPQYKWCCJVp.lldh1URR8iflWtHjgZdHiFjUFPnpf5O', 3, 1, '2021-02-22 15:19:02.093+00', '2021-02-22 15:19:02.093+00'),
	(1136, 'Mỹ Hoàn Dương', '$2a$08$FAwlxDqnJCOPQYKWCCJVp.lldh1URR8iflWtHjgZdHiFjUFPnpf5O', 3, 1, '2021-02-22 15:19:02.094+00', '2021-02-22 15:19:02.094+00'),
	(1137, 'Khánh Quỳnh Vũ', '$2a$08$FAwlxDqnJCOPQYKWCCJVp.lldh1URR8iflWtHjgZdHiFjUFPnpf5O', 3, 1, '2021-02-22 15:19:02.095+00', '2021-02-22 15:19:02.095+00'),
	(1138, 'Anh Mai Lê', '$2a$08$FAwlxDqnJCOPQYKWCCJVp.lldh1URR8iflWtHjgZdHiFjUFPnpf5O', 3, 1, '2021-02-22 15:19:02.096+00', '2021-02-22 15:19:02.096+00'),
	(1139, 'Mrs. Thành Ý Trần', '$2a$08$FAwlxDqnJCOPQYKWCCJVp.lldh1URR8iflWtHjgZdHiFjUFPnpf5O', 3, 1, '2021-02-22 15:19:02.097+00', '2021-02-22 15:19:02.097+00'),
	(1140, 'Gia Khanh Tô', '$2a$08$FAwlxDqnJCOPQYKWCCJVp.lldh1URR8iflWtHjgZdHiFjUFPnpf5O', 3, 1, '2021-02-22 15:19:02.099+00', '2021-02-22 15:19:02.099+00'),
	(1141, 'Hà Mi Vũ', '$2a$08$FAwlxDqnJCOPQYKWCCJVp.lldh1URR8iflWtHjgZdHiFjUFPnpf5O', 3, 1, '2021-02-22 15:19:02.1+00', '2021-02-22 15:19:02.1+00'),
	(1142, 'Tuấn Khải Nguyễn', '$2a$08$FAwlxDqnJCOPQYKWCCJVp.lldh1URR8iflWtHjgZdHiFjUFPnpf5O', 3, 1, '2021-02-22 15:19:02.101+00', '2021-02-22 15:19:02.101+00'),
	(1143, 'Bá Kỳ Bùi III', '$2a$08$FAwlxDqnJCOPQYKWCCJVp.lldh1URR8iflWtHjgZdHiFjUFPnpf5O', 3, 1, '2021-02-22 15:19:02.102+00', '2021-02-22 15:19:02.102+00'),
	(1144, 'Trí Minh Phùng I', '$2a$08$FAwlxDqnJCOPQYKWCCJVp.lldh1URR8iflWtHjgZdHiFjUFPnpf5O', 3, 1, '2021-02-22 15:19:02.103+00', '2021-02-22 15:19:02.103+00'),
	(1145, 'Mrs. Trung Chuyên Phan', '$2a$08$FAwlxDqnJCOPQYKWCCJVp.lldh1URR8iflWtHjgZdHiFjUFPnpf5O', 3, 1, '2021-02-22 15:19:02.105+00', '2021-02-22 15:19:02.105+00'),
	(1146, 'Minh Hoàng Phạm', '$2a$08$FAwlxDqnJCOPQYKWCCJVp.lldh1URR8iflWtHjgZdHiFjUFPnpf5O', 3, 1, '2021-02-22 15:19:02.106+00', '2021-02-22 15:19:02.106+00'),
	(1147, 'Bích Thảo Trần III', '$2a$08$FAwlxDqnJCOPQYKWCCJVp.lldh1URR8iflWtHjgZdHiFjUFPnpf5O', 3, 1, '2021-02-22 15:19:02.107+00', '2021-02-22 15:19:02.107+00'),
	(1148, 'Quốc Trụ Bùi', '$2a$08$FAwlxDqnJCOPQYKWCCJVp.lldh1URR8iflWtHjgZdHiFjUFPnpf5O', 3, 1, '2021-02-22 15:19:02.108+00', '2021-02-22 15:19:02.108+00'),
	(1149, 'Ðồng Bằng Đinh', '$2a$08$FAwlxDqnJCOPQYKWCCJVp.lldh1URR8iflWtHjgZdHiFjUFPnpf5O', 3, 1, '2021-02-22 15:19:02.11+00', '2021-02-22 15:19:02.11+00'),
	(1150, 'Thảo Quyên Phan', '$2a$08$FAwlxDqnJCOPQYKWCCJVp.lldh1URR8iflWtHjgZdHiFjUFPnpf5O', 3, 1, '2021-02-22 15:19:02.112+00', '2021-02-22 15:19:02.112+00'),
	(1151, 'Ms. Việt Hải Trần', '$2a$08$FAwlxDqnJCOPQYKWCCJVp.lldh1URR8iflWtHjgZdHiFjUFPnpf5O', 3, 1, '2021-02-22 15:19:02.113+00', '2021-02-22 15:19:02.113+00'),
	(1152, 'Mr. Kim Thảo Hồ', '$2a$08$FAwlxDqnJCOPQYKWCCJVp.lldh1URR8iflWtHjgZdHiFjUFPnpf5O', 3, 1, '2021-02-22 15:19:02.114+00', '2021-02-22 15:19:02.114+00'),
	(1153, 'Quốc Hạnh Tô IV', '$2a$08$FAwlxDqnJCOPQYKWCCJVp.lldh1URR8iflWtHjgZdHiFjUFPnpf5O', 3, 1, '2021-02-22 15:19:02.115+00', '2021-02-22 15:19:02.115+00'),
	(1154, 'Hữu Nghị Phùng III', '$2a$08$FAwlxDqnJCOPQYKWCCJVp.lldh1URR8iflWtHjgZdHiFjUFPnpf5O', 3, 1, '2021-02-22 15:19:02.117+00', '2021-02-22 15:19:02.117+00'),
	(1155, 'Miss Ðức Tài Trương', '$2a$08$FAwlxDqnJCOPQYKWCCJVp.lldh1URR8iflWtHjgZdHiFjUFPnpf5O', 3, 1, '2021-02-22 15:19:02.118+00', '2021-02-22 15:19:02.118+00'),
	(1156, 'Anh Vũ Tăng', '$2a$08$FAwlxDqnJCOPQYKWCCJVp.lldh1URR8iflWtHjgZdHiFjUFPnpf5O', 3, 1, '2021-02-22 15:19:02.119+00', '2021-02-22 15:19:02.119+00'),
	(1157, 'Xuân Dung Trịnh V', '$2a$08$FAwlxDqnJCOPQYKWCCJVp.lldh1URR8iflWtHjgZdHiFjUFPnpf5O', 3, 1, '2021-02-22 15:19:02.12+00', '2021-02-22 15:19:02.12+00'),
	(1158, 'Hồng Thảo Trần', '$2a$08$FAwlxDqnJCOPQYKWCCJVp.lldh1URR8iflWtHjgZdHiFjUFPnpf5O', 3, 1, '2021-02-22 15:19:02.121+00', '2021-02-22 15:19:02.121+00'),
	(1159, 'Mạnh Trình Ngô', '$2a$08$FAwlxDqnJCOPQYKWCCJVp.lldh1URR8iflWtHjgZdHiFjUFPnpf5O', 3, 1, '2021-02-22 15:19:02.123+00', '2021-02-22 15:19:02.123+00'),
	(1160, 'Miss Xuân Vũ Trương', '$2a$08$FAwlxDqnJCOPQYKWCCJVp.lldh1URR8iflWtHjgZdHiFjUFPnpf5O', 3, 1, '2021-02-22 15:19:02.124+00', '2021-02-22 15:19:02.124+00'),
	(1161, 'Quốc Hạnh Đào', '$2a$08$FAwlxDqnJCOPQYKWCCJVp.lldh1URR8iflWtHjgZdHiFjUFPnpf5O', 3, 1, '2021-02-22 15:19:02.126+00', '2021-02-22 15:19:02.126+00'),
	(1162, 'Kim Tuyết Phùng', '$2a$08$FAwlxDqnJCOPQYKWCCJVp.lldh1URR8iflWtHjgZdHiFjUFPnpf5O', 3, 1, '2021-02-22 15:19:02.128+00', '2021-02-22 15:19:02.128+00'),
	(1163, 'Diệp Vy Đoàn', '$2a$08$FAwlxDqnJCOPQYKWCCJVp.lldh1URR8iflWtHjgZdHiFjUFPnpf5O', 3, 1, '2021-02-22 15:19:02.129+00', '2021-02-22 15:19:02.129+00'),
	(1164, 'Miss Thái Dương Dương', '$2a$08$FAwlxDqnJCOPQYKWCCJVp.lldh1URR8iflWtHjgZdHiFjUFPnpf5O', 3, 1, '2021-02-22 15:19:02.13+00', '2021-02-22 15:19:02.13+00'),
	(1165, 'Hoàng Nam Bùi', '$2a$08$FAwlxDqnJCOPQYKWCCJVp.lldh1URR8iflWtHjgZdHiFjUFPnpf5O', 3, 1, '2021-02-22 15:19:02.131+00', '2021-02-22 15:19:02.131+00'),
	(1166, 'Bảo Phương Trần', '$2a$08$FAwlxDqnJCOPQYKWCCJVp.lldh1URR8iflWtHjgZdHiFjUFPnpf5O', 3, 1, '2021-02-22 15:19:02.132+00', '2021-02-22 15:19:02.132+00'),
	(1167, 'Ánh Lệ Lâm', '$2a$08$FAwlxDqnJCOPQYKWCCJVp.lldh1URR8iflWtHjgZdHiFjUFPnpf5O', 3, 1, '2021-02-22 15:19:02.134+00', '2021-02-22 15:19:02.134+00'),
	(1168, 'Ms. Nhan Hồng Phan', '$2a$08$FAwlxDqnJCOPQYKWCCJVp.lldh1URR8iflWtHjgZdHiFjUFPnpf5O', 3, 1, '2021-02-22 15:19:02.135+00', '2021-02-22 15:19:02.135+00'),
	(1169, 'Hữu Bào Đặng', '$2a$08$FAwlxDqnJCOPQYKWCCJVp.lldh1URR8iflWtHjgZdHiFjUFPnpf5O', 3, 1, '2021-02-22 15:19:02.136+00', '2021-02-22 15:19:02.136+00'),
	(1170, 'Công Hải Hồ', '$2a$08$FAwlxDqnJCOPQYKWCCJVp.lldh1URR8iflWtHjgZdHiFjUFPnpf5O', 3, 1, '2021-02-22 15:19:02.137+00', '2021-02-22 15:19:02.137+00'),
	(1171, 'Bảo Bảo Hồ', '$2a$08$FAwlxDqnJCOPQYKWCCJVp.lldh1URR8iflWtHjgZdHiFjUFPnpf5O', 3, 1, '2021-02-22 15:19:02.138+00', '2021-02-22 15:19:02.138+00'),
	(1172, 'Minh Sơn Phan I', '$2a$08$FAwlxDqnJCOPQYKWCCJVp.lldh1URR8iflWtHjgZdHiFjUFPnpf5O', 3, 1, '2021-02-22 15:19:02.139+00', '2021-02-22 15:19:02.139+00'),
	(1173, 'Minh Duyên Trịnh', '$2a$08$FAwlxDqnJCOPQYKWCCJVp.lldh1URR8iflWtHjgZdHiFjUFPnpf5O', 3, 1, '2021-02-22 15:19:02.141+00', '2021-02-22 15:19:02.141+00'),
	(1174, 'Bá Lộc Hoàng', '$2a$08$FAwlxDqnJCOPQYKWCCJVp.lldh1URR8iflWtHjgZdHiFjUFPnpf5O', 3, 1, '2021-02-22 15:19:02.142+00', '2021-02-22 15:19:02.142+00'),
	(1175, 'Kiến Bình Nguyễn', '$2a$08$FAwlxDqnJCOPQYKWCCJVp.lldh1URR8iflWtHjgZdHiFjUFPnpf5O', 3, 1, '2021-02-22 15:19:02.143+00', '2021-02-22 15:19:02.143+00'),
	(1176, 'Nhật Minh Lê', '$2a$08$FAwlxDqnJCOPQYKWCCJVp.lldh1URR8iflWtHjgZdHiFjUFPnpf5O', 3, 1, '2021-02-22 15:19:02.144+00', '2021-02-22 15:19:02.144+00'),
	(1177, 'Anh Tài Trịnh', '$2a$08$FAwlxDqnJCOPQYKWCCJVp.lldh1URR8iflWtHjgZdHiFjUFPnpf5O', 3, 1, '2021-02-22 15:19:02.146+00', '2021-02-22 15:19:02.146+00'),
	(1178, 'Minh Vương Lý', '$2a$08$FAwlxDqnJCOPQYKWCCJVp.lldh1URR8iflWtHjgZdHiFjUFPnpf5O', 3, 1, '2021-02-22 15:19:02.147+00', '2021-02-22 15:19:02.147+00'),
	(1179, 'Mrs. Minh Duyên Vũ', '$2a$08$FAwlxDqnJCOPQYKWCCJVp.lldh1URR8iflWtHjgZdHiFjUFPnpf5O', 3, 1, '2021-02-22 15:19:02.148+00', '2021-02-22 15:19:02.148+00'),
	(1180, 'Khởi Phong Lâm', '$2a$08$FAwlxDqnJCOPQYKWCCJVp.lldh1URR8iflWtHjgZdHiFjUFPnpf5O', 3, 1, '2021-02-22 15:19:02.149+00', '2021-02-22 15:19:02.149+00'),
	(1181, 'Bình Ðạt Trương', '$2a$08$FAwlxDqnJCOPQYKWCCJVp.lldh1URR8iflWtHjgZdHiFjUFPnpf5O', 3, 1, '2021-02-22 15:19:02.151+00', '2021-02-22 15:19:02.151+00'),
	(1182, 'Chí Kiên Tăng', '$2a$08$FAwlxDqnJCOPQYKWCCJVp.lldh1URR8iflWtHjgZdHiFjUFPnpf5O', 3, 1, '2021-02-22 15:19:02.152+00', '2021-02-22 15:19:02.152+00'),
	(1183, 'Công Sơn Vũ', '$2a$08$FAwlxDqnJCOPQYKWCCJVp.lldh1URR8iflWtHjgZdHiFjUFPnpf5O', 3, 1, '2021-02-22 15:19:02.154+00', '2021-02-22 15:19:02.154+00'),
	(1184, 'Bảo Huy Hà', '$2a$08$FAwlxDqnJCOPQYKWCCJVp.lldh1URR8iflWtHjgZdHiFjUFPnpf5O', 3, 1, '2021-02-22 15:19:02.155+00', '2021-02-22 15:19:02.155+00'),
	(1185, 'Mỹ Phượng Bùi', '$2a$08$FAwlxDqnJCOPQYKWCCJVp.lldh1URR8iflWtHjgZdHiFjUFPnpf5O', 3, 1, '2021-02-22 15:19:02.157+00', '2021-02-22 15:19:02.157+00'),
	(1186, 'Hải Uyên Nguyễn', '$2a$08$FAwlxDqnJCOPQYKWCCJVp.lldh1URR8iflWtHjgZdHiFjUFPnpf5O', 3, 1, '2021-02-22 15:19:02.158+00', '2021-02-22 15:19:02.158+00'),
	(1187, 'Hoàng Long Lâm', '$2a$08$FAwlxDqnJCOPQYKWCCJVp.lldh1URR8iflWtHjgZdHiFjUFPnpf5O', 3, 1, '2021-02-22 15:19:02.159+00', '2021-02-22 15:19:02.159+00'),
	(1188, 'Viễn Cảnh Phùng', '$2a$08$FAwlxDqnJCOPQYKWCCJVp.lldh1URR8iflWtHjgZdHiFjUFPnpf5O', 3, 1, '2021-02-22 15:19:02.16+00', '2021-02-22 15:19:02.16+00'),
	(1189, 'Quang Ðức Lê', '$2a$08$FAwlxDqnJCOPQYKWCCJVp.lldh1URR8iflWtHjgZdHiFjUFPnpf5O', 3, 1, '2021-02-22 15:19:02.162+00', '2021-02-22 15:19:02.162+00'),
	(1190, 'Nguyên Lộc Ngô', '$2a$08$FAwlxDqnJCOPQYKWCCJVp.lldh1URR8iflWtHjgZdHiFjUFPnpf5O', 3, 1, '2021-02-22 15:19:02.163+00', '2021-02-22 15:19:02.163+00'),
	(1191, 'Nhã Khanh Trương', '$2a$08$FAwlxDqnJCOPQYKWCCJVp.lldh1URR8iflWtHjgZdHiFjUFPnpf5O', 3, 1, '2021-02-22 15:19:02.164+00', '2021-02-22 15:19:02.164+00'),
	(1192, 'Tích Ðức Tô I', '$2a$08$FAwlxDqnJCOPQYKWCCJVp.lldh1URR8iflWtHjgZdHiFjUFPnpf5O', 3, 1, '2021-02-22 15:19:02.165+00', '2021-02-22 15:19:02.165+00'),
	(1193, 'Mỹ Lan Đặng', '$2a$08$FAwlxDqnJCOPQYKWCCJVp.lldh1URR8iflWtHjgZdHiFjUFPnpf5O', 3, 1, '2021-02-22 15:19:02.167+00', '2021-02-22 15:19:02.167+00'),
	(1194, 'Vạn Thông Vũ', '$2a$08$FAwlxDqnJCOPQYKWCCJVp.lldh1URR8iflWtHjgZdHiFjUFPnpf5O', 3, 1, '2021-02-22 15:19:02.168+00', '2021-02-22 15:19:02.168+00'),
	(1195, 'Lệ Quân Đoàn', '$2a$08$FAwlxDqnJCOPQYKWCCJVp.lldh1URR8iflWtHjgZdHiFjUFPnpf5O', 3, 1, '2021-02-22 15:19:02.169+00', '2021-02-22 15:19:02.169+00'),
	(1196, 'Giao Linh Phạm', '$2a$08$FAwlxDqnJCOPQYKWCCJVp.lldh1URR8iflWtHjgZdHiFjUFPnpf5O', 3, 1, '2021-02-22 15:19:02.171+00', '2021-02-22 15:19:02.171+00'),
	(1197, 'Phương Hạnh Nguyễn', '$2a$08$FAwlxDqnJCOPQYKWCCJVp.lldh1URR8iflWtHjgZdHiFjUFPnpf5O', 3, 1, '2021-02-22 15:19:02.173+00', '2021-02-22 15:19:02.173+00'),
	(1198, 'Tố Quyên Vũ Sr.', '$2a$08$FAwlxDqnJCOPQYKWCCJVp.lldh1URR8iflWtHjgZdHiFjUFPnpf5O', 3, 1, '2021-02-22 15:19:02.174+00', '2021-02-22 15:19:02.174+00'),
	(1199, 'Miss Thời Nhiệm Dương', '$2a$08$FAwlxDqnJCOPQYKWCCJVp.lldh1URR8iflWtHjgZdHiFjUFPnpf5O', 3, 1, '2021-02-22 15:19:02.175+00', '2021-02-22 15:19:02.175+00'),
	(1200, 'Miss Sỹ Thực Phùng', '$2a$08$FAwlxDqnJCOPQYKWCCJVp.lldh1URR8iflWtHjgZdHiFjUFPnpf5O', 3, 1, '2021-02-22 15:19:02.176+00', '2021-02-22 15:19:02.176+00'),
	(1201, 'Cát Uy Mai', '$2a$08$FAwlxDqnJCOPQYKWCCJVp.lldh1URR8iflWtHjgZdHiFjUFPnpf5O', 3, 1, '2021-02-22 15:19:02.178+00', '2021-02-22 15:19:02.178+00'),
	(1202, 'Tuấn Trung Vương', '$2a$08$FAwlxDqnJCOPQYKWCCJVp.lldh1URR8iflWtHjgZdHiFjUFPnpf5O', 3, 1, '2021-02-22 15:19:02.179+00', '2021-02-22 15:19:02.179+00'),
	(1203, 'Mrs. Thùy Như Bùi', '$2a$08$FAwlxDqnJCOPQYKWCCJVp.lldh1URR8iflWtHjgZdHiFjUFPnpf5O', 3, 1, '2021-02-22 15:19:02.18+00', '2021-02-22 15:19:02.18+00'),
	(1204, 'Bảo Tín Nguyễn', '$2a$08$FAwlxDqnJCOPQYKWCCJVp.lldh1URR8iflWtHjgZdHiFjUFPnpf5O', 3, 1, '2021-02-22 15:19:02.181+00', '2021-02-22 15:19:02.181+00'),
	(1205, 'Hoài Thanh Trần', '$2a$08$FAwlxDqnJCOPQYKWCCJVp.lldh1URR8iflWtHjgZdHiFjUFPnpf5O', 3, 1, '2021-02-22 15:19:02.183+00', '2021-02-22 15:19:02.183+00'),
	(1206, 'Mrs. Gia Nghị Mai', '$2a$08$FAwlxDqnJCOPQYKWCCJVp.lldh1URR8iflWtHjgZdHiFjUFPnpf5O', 3, 1, '2021-02-22 15:19:02.184+00', '2021-02-22 15:19:02.184+00'),
	(1207, 'Lạc Nhân Tăng', '$2a$08$FAwlxDqnJCOPQYKWCCJVp.lldh1URR8iflWtHjgZdHiFjUFPnpf5O', 3, 1, '2021-02-22 15:19:02.185+00', '2021-02-22 15:19:02.185+00'),
	(1208, 'Việt Nhân Lý', '$2a$08$FAwlxDqnJCOPQYKWCCJVp.lldh1URR8iflWtHjgZdHiFjUFPnpf5O', 3, 1, '2021-02-22 15:19:02.186+00', '2021-02-22 15:19:02.186+00'),
	(1209, 'Cẩm Ly Đinh', '$2a$08$FAwlxDqnJCOPQYKWCCJVp.lldh1URR8iflWtHjgZdHiFjUFPnpf5O', 3, 1, '2021-02-22 15:19:02.188+00', '2021-02-22 15:19:02.188+00'),
	(1210, 'Ái Thi Bùi', '$2a$08$FAwlxDqnJCOPQYKWCCJVp.lldh1URR8iflWtHjgZdHiFjUFPnpf5O', 3, 1, '2021-02-22 15:19:02.189+00', '2021-02-22 15:19:02.189+00'),
	(1211, 'Thúy Ngọc Phùng', '$2a$08$FAwlxDqnJCOPQYKWCCJVp.lldh1URR8iflWtHjgZdHiFjUFPnpf5O', 3, 1, '2021-02-22 15:19:02.19+00', '2021-02-22 15:19:02.19+00'),
	(1212, 'Mr. Phi Phi Phùng', '$2a$08$FAwlxDqnJCOPQYKWCCJVp.lldh1URR8iflWtHjgZdHiFjUFPnpf5O', 3, 1, '2021-02-22 15:19:02.191+00', '2021-02-22 15:19:02.191+00'),
	(1213, 'Minh Giang Hà', '$2a$08$FAwlxDqnJCOPQYKWCCJVp.lldh1URR8iflWtHjgZdHiFjUFPnpf5O', 3, 1, '2021-02-22 15:19:02.193+00', '2021-02-22 15:19:02.193+00'),
	(1214, 'Mậu Xuân Phan', '$2a$08$FAwlxDqnJCOPQYKWCCJVp.lldh1URR8iflWtHjgZdHiFjUFPnpf5O', 3, 1, '2021-02-22 15:19:02.194+00', '2021-02-22 15:19:02.194+00'),
	(1215, 'Mrs. Quý Vĩnh Đoàn', '$2a$08$FAwlxDqnJCOPQYKWCCJVp.lldh1URR8iflWtHjgZdHiFjUFPnpf5O', 3, 1, '2021-02-22 15:19:02.195+00', '2021-02-22 15:19:02.195+00'),
	(1216, 'Thanh Vân Bùi', '$2a$08$FAwlxDqnJCOPQYKWCCJVp.lldh1URR8iflWtHjgZdHiFjUFPnpf5O', 3, 1, '2021-02-22 15:19:02.196+00', '2021-02-22 15:19:02.196+00'),
	(1217, 'Dr. Huyền Linh Ngô', '$2a$08$FAwlxDqnJCOPQYKWCCJVp.lldh1URR8iflWtHjgZdHiFjUFPnpf5O', 3, 1, '2021-02-22 15:19:02.198+00', '2021-02-22 15:19:02.198+00'),
	(1218, 'Lam Phương Lê MD', '$2a$08$FAwlxDqnJCOPQYKWCCJVp.lldh1URR8iflWtHjgZdHiFjUFPnpf5O', 3, 1, '2021-02-22 15:19:02.199+00', '2021-02-22 15:19:02.199+00'),
	(1219, 'Hải Quân Vũ', '$2a$08$FAwlxDqnJCOPQYKWCCJVp.lldh1URR8iflWtHjgZdHiFjUFPnpf5O', 3, 1, '2021-02-22 15:19:02.2+00', '2021-02-22 15:19:02.2+00'),
	(1220, 'Thu Yến Lê', '$2a$08$FAwlxDqnJCOPQYKWCCJVp.lldh1URR8iflWtHjgZdHiFjUFPnpf5O', 3, 1, '2021-02-22 15:19:02.201+00', '2021-02-22 15:19:02.201+00'),
	(1221, 'Phú Thọ Đào I', '$2a$08$FAwlxDqnJCOPQYKWCCJVp.lldh1URR8iflWtHjgZdHiFjUFPnpf5O', 3, 1, '2021-02-22 15:19:02.203+00', '2021-02-22 15:19:02.203+00'),
	(1222, 'Ðạt Dũng Vương', '$2a$08$FAwlxDqnJCOPQYKWCCJVp.lldh1URR8iflWtHjgZdHiFjUFPnpf5O', 3, 1, '2021-02-22 15:19:02.204+00', '2021-02-22 15:19:02.204+00'),
	(1223, 'Nguyệt Nga Lê', '$2a$08$FAwlxDqnJCOPQYKWCCJVp.lldh1URR8iflWtHjgZdHiFjUFPnpf5O', 3, 1, '2021-02-22 15:19:02.205+00', '2021-02-22 15:19:02.205+00'),
	(1224, 'Thùy Như Hồ', '$2a$08$FAwlxDqnJCOPQYKWCCJVp.lldh1URR8iflWtHjgZdHiFjUFPnpf5O', 3, 1, '2021-02-22 15:19:02.206+00', '2021-02-22 15:19:02.206+00'),
	(1225, 'Bích Hồng Phạm', '$2a$08$FAwlxDqnJCOPQYKWCCJVp.lldh1URR8iflWtHjgZdHiFjUFPnpf5O', 3, 1, '2021-02-22 15:19:02.208+00', '2021-02-22 15:19:02.208+00'),
	(1226, 'Thiện Ân Phan DDS', '$2a$08$FAwlxDqnJCOPQYKWCCJVp.lldh1URR8iflWtHjgZdHiFjUFPnpf5O', 3, 1, '2021-02-22 15:19:02.209+00', '2021-02-22 15:19:02.209+00'),
	(1227, 'Việt Thanh Nguyễn', '$2a$08$FAwlxDqnJCOPQYKWCCJVp.lldh1URR8iflWtHjgZdHiFjUFPnpf5O', 3, 1, '2021-02-22 15:19:02.21+00', '2021-02-22 15:19:02.21+00'),
	(1228, 'Hiệp Hòa Bùi', '$2a$08$FAwlxDqnJCOPQYKWCCJVp.lldh1URR8iflWtHjgZdHiFjUFPnpf5O', 3, 1, '2021-02-22 15:19:02.212+00', '2021-02-22 15:19:02.212+00'),
	(1229, 'Bích Huệ Lý MD', '$2a$08$FAwlxDqnJCOPQYKWCCJVp.lldh1URR8iflWtHjgZdHiFjUFPnpf5O', 3, 1, '2021-02-22 15:19:02.213+00', '2021-02-22 15:19:02.213+00'),
	(1230, 'Bạch Yến Hồ', '$2a$08$FAwlxDqnJCOPQYKWCCJVp.lldh1URR8iflWtHjgZdHiFjUFPnpf5O', 3, 1, '2021-02-22 15:19:02.214+00', '2021-02-22 15:19:02.214+00'),
	(1231, 'Tân Bình Đoàn', '$2a$08$FAwlxDqnJCOPQYKWCCJVp.lldh1URR8iflWtHjgZdHiFjUFPnpf5O', 3, 1, '2021-02-22 15:19:02.216+00', '2021-02-22 15:19:02.216+00'),
	(1232, 'Lam Ngọc Phan MD', '$2a$08$FAwlxDqnJCOPQYKWCCJVp.lldh1URR8iflWtHjgZdHiFjUFPnpf5O', 3, 1, '2021-02-22 15:19:02.221+00', '2021-02-22 15:19:02.221+00'),
	(1233, 'Ðình Thắng Đinh', '$2a$08$FAwlxDqnJCOPQYKWCCJVp.lldh1URR8iflWtHjgZdHiFjUFPnpf5O', 3, 1, '2021-02-22 15:19:02.225+00', '2021-02-22 15:19:02.225+00'),
	(1234, 'Hương Trà Hà', '$2a$08$FAwlxDqnJCOPQYKWCCJVp.lldh1URR8iflWtHjgZdHiFjUFPnpf5O', 3, 1, '2021-02-22 15:19:02.229+00', '2021-02-22 15:19:02.229+00'),
	(1235, 'Đan Thu Hồ', '$2a$08$FAwlxDqnJCOPQYKWCCJVp.lldh1URR8iflWtHjgZdHiFjUFPnpf5O', 3, 1, '2021-02-22 15:19:02.233+00', '2021-02-22 15:19:02.233+00'),
	(1236, 'Quốc Hưng Bùi', '$2a$08$FAwlxDqnJCOPQYKWCCJVp.lldh1URR8iflWtHjgZdHiFjUFPnpf5O', 3, 1, '2021-02-22 15:19:02.237+00', '2021-02-22 15:19:02.237+00'),
	(1237, 'Cát Linh Tô', '$2a$08$FAwlxDqnJCOPQYKWCCJVp.lldh1URR8iflWtHjgZdHiFjUFPnpf5O', 3, 1, '2021-02-22 15:19:02.241+00', '2021-02-22 15:19:02.241+00'),
	(1238, 'Ân Lai Mai', '$2a$08$FAwlxDqnJCOPQYKWCCJVp.lldh1URR8iflWtHjgZdHiFjUFPnpf5O', 3, 1, '2021-02-22 15:19:02.245+00', '2021-02-22 15:19:02.245+00'),
	(1239, 'Kiều Mai Phạm', '$2a$08$FAwlxDqnJCOPQYKWCCJVp.lldh1URR8iflWtHjgZdHiFjUFPnpf5O', 3, 1, '2021-02-22 15:19:02.249+00', '2021-02-22 15:19:02.249+00'),
	(1240, 'Hồng Ngân Đặng', '$2a$08$FAwlxDqnJCOPQYKWCCJVp.lldh1URR8iflWtHjgZdHiFjUFPnpf5O', 3, 1, '2021-02-22 15:19:02.252+00', '2021-02-22 15:19:02.252+00'),
	(1241, 'Tuyết Băng Lâm', '$2a$08$FAwlxDqnJCOPQYKWCCJVp.lldh1URR8iflWtHjgZdHiFjUFPnpf5O', 3, 1, '2021-02-22 15:19:02.255+00', '2021-02-22 15:19:02.255+00'),
	(1242, 'Tuấn Tài Phùng', '$2a$08$FAwlxDqnJCOPQYKWCCJVp.lldh1URR8iflWtHjgZdHiFjUFPnpf5O', 3, 1, '2021-02-22 15:19:02.257+00', '2021-02-22 15:19:02.257+00'),
	(1243, 'Gia Hùng Trương', '$2a$08$FAwlxDqnJCOPQYKWCCJVp.lldh1URR8iflWtHjgZdHiFjUFPnpf5O', 3, 1, '2021-02-22 15:19:02.26+00', '2021-02-22 15:19:02.26+00'),
	(1244, 'Ðăng Ðạt Đinh', '$2a$08$FAwlxDqnJCOPQYKWCCJVp.lldh1URR8iflWtHjgZdHiFjUFPnpf5O', 3, 1, '2021-02-22 15:19:02.262+00', '2021-02-22 15:19:02.262+00'),
	(1245, 'Tùng Anh Nguyễn', '$2a$08$FAwlxDqnJCOPQYKWCCJVp.lldh1URR8iflWtHjgZdHiFjUFPnpf5O', 3, 1, '2021-02-22 15:19:02.264+00', '2021-02-22 15:19:02.264+00'),
	(1246, 'Hoàng Nam Phan', '$2a$08$FAwlxDqnJCOPQYKWCCJVp.lldh1URR8iflWtHjgZdHiFjUFPnpf5O', 3, 1, '2021-02-22 15:19:02.266+00', '2021-02-22 15:19:02.266+00'),
	(1247, 'Thùy Giang Ngô', '$2a$08$FAwlxDqnJCOPQYKWCCJVp.lldh1URR8iflWtHjgZdHiFjUFPnpf5O', 3, 1, '2021-02-22 15:19:02.267+00', '2021-02-22 15:19:02.267+00'),
	(1248, 'Miss Quang Nhật Hồ', '$2a$08$FAwlxDqnJCOPQYKWCCJVp.lldh1URR8iflWtHjgZdHiFjUFPnpf5O', 3, 1, '2021-02-22 15:19:02.269+00', '2021-02-22 15:19:02.269+00'),
	(1249, 'Khoa Trưởng Đinh', '$2a$08$FAwlxDqnJCOPQYKWCCJVp.lldh1URR8iflWtHjgZdHiFjUFPnpf5O', 3, 1, '2021-02-22 15:19:02.271+00', '2021-02-22 15:19:02.271+00'),
	(1250, 'Dr. Hải Hà Mai', '$2a$08$FAwlxDqnJCOPQYKWCCJVp.lldh1URR8iflWtHjgZdHiFjUFPnpf5O', 3, 1, '2021-02-22 15:19:02.272+00', '2021-02-22 15:19:02.272+00');
INSERT INTO public.members VALUES
	(1251, 'Tấn Trình Nguyễn', '$2a$08$FAwlxDqnJCOPQYKWCCJVp.lldh1URR8iflWtHjgZdHiFjUFPnpf5O', 3, 1, '2021-02-22 15:19:02.274+00', '2021-02-22 15:19:02.274+00'),
	(1252, 'Bảo Pháp Vũ', '$2a$08$FAwlxDqnJCOPQYKWCCJVp.lldh1URR8iflWtHjgZdHiFjUFPnpf5O', 3, 1, '2021-02-22 15:19:02.276+00', '2021-02-22 15:19:02.276+00'),
	(1253, 'Uyên Thy Mai', '$2a$08$FAwlxDqnJCOPQYKWCCJVp.lldh1URR8iflWtHjgZdHiFjUFPnpf5O', 3, 1, '2021-02-22 15:19:02.277+00', '2021-02-22 15:19:02.277+00'),
	(1254, 'Mr. Anh Duy Trương', '$2a$08$FAwlxDqnJCOPQYKWCCJVp.lldh1URR8iflWtHjgZdHiFjUFPnpf5O', 3, 1, '2021-02-22 15:19:02.279+00', '2021-02-22 15:19:02.279+00'),
	(1255, 'Ms. Huệ My Trương', '$2a$08$FAwlxDqnJCOPQYKWCCJVp.lldh1URR8iflWtHjgZdHiFjUFPnpf5O', 3, 1, '2021-02-22 15:19:02.28+00', '2021-02-22 15:19:02.28+00'),
	(1256, 'Mỹ Huyền Trần', '$2a$08$FAwlxDqnJCOPQYKWCCJVp.lldh1URR8iflWtHjgZdHiFjUFPnpf5O', 3, 1, '2021-02-22 15:19:02.282+00', '2021-02-22 15:19:02.282+00'),
	(1257, 'Công Án Bùi', '$2a$08$FAwlxDqnJCOPQYKWCCJVp.lldh1URR8iflWtHjgZdHiFjUFPnpf5O', 3, 1, '2021-02-22 15:19:02.283+00', '2021-02-22 15:19:02.283+00'),
	(1258, 'Bằng Sơn Tăng', '$2a$08$FAwlxDqnJCOPQYKWCCJVp.lldh1URR8iflWtHjgZdHiFjUFPnpf5O', 3, 1, '2021-02-22 15:19:02.284+00', '2021-02-22 15:19:02.284+00'),
	(1259, 'Tôn Lễ Lâm', '$2a$08$FAwlxDqnJCOPQYKWCCJVp.lldh1URR8iflWtHjgZdHiFjUFPnpf5O', 3, 1, '2021-02-22 15:19:02.286+00', '2021-02-22 15:19:02.286+00'),
	(1260, 'Sơn Dương Phùng', '$2a$08$FAwlxDqnJCOPQYKWCCJVp.lldh1URR8iflWtHjgZdHiFjUFPnpf5O', 3, 1, '2021-02-22 15:19:02.287+00', '2021-02-22 15:19:02.287+00'),
	(1261, 'Vạn Hạnh Hoàng', '$2a$08$FAwlxDqnJCOPQYKWCCJVp.lldh1URR8iflWtHjgZdHiFjUFPnpf5O', 3, 1, '2021-02-22 15:19:02.288+00', '2021-02-22 15:19:02.288+00'),
	(1262, 'Diễm Trinh Trần', '$2a$08$FAwlxDqnJCOPQYKWCCJVp.lldh1URR8iflWtHjgZdHiFjUFPnpf5O', 3, 1, '2021-02-22 15:19:02.289+00', '2021-02-22 15:19:02.289+00'),
	(1263, 'Xuân Bình Vũ', '$2a$08$FAwlxDqnJCOPQYKWCCJVp.lldh1URR8iflWtHjgZdHiFjUFPnpf5O', 3, 1, '2021-02-22 15:19:02.291+00', '2021-02-22 15:19:02.291+00'),
	(1264, 'Hiếu Khanh Nguyễn', '$2a$08$FAwlxDqnJCOPQYKWCCJVp.lldh1URR8iflWtHjgZdHiFjUFPnpf5O', 3, 1, '2021-02-22 15:19:02.292+00', '2021-02-22 15:19:02.292+00'),
	(1265, 'Thành Ý Trương', '$2a$08$FAwlxDqnJCOPQYKWCCJVp.lldh1URR8iflWtHjgZdHiFjUFPnpf5O', 3, 1, '2021-02-22 15:19:02.293+00', '2021-02-22 15:19:02.293+00'),
	(1266, 'Bích Hợp Phan', '$2a$08$FAwlxDqnJCOPQYKWCCJVp.lldh1URR8iflWtHjgZdHiFjUFPnpf5O', 3, 1, '2021-02-22 15:19:02.294+00', '2021-02-22 15:19:02.294+00'),
	(1267, 'Gia Anh Hồ', '$2a$08$FAwlxDqnJCOPQYKWCCJVp.lldh1URR8iflWtHjgZdHiFjUFPnpf5O', 3, 1, '2021-02-22 15:19:02.295+00', '2021-02-22 15:19:02.295+00'),
	(1268, 'An Hạ Phạm', '$2a$08$FAwlxDqnJCOPQYKWCCJVp.lldh1URR8iflWtHjgZdHiFjUFPnpf5O', 3, 1, '2021-02-22 15:19:02.296+00', '2021-02-22 15:19:02.296+00'),
	(1269, 'Miss Hà Giang Ngô', '$2a$08$FAwlxDqnJCOPQYKWCCJVp.lldh1URR8iflWtHjgZdHiFjUFPnpf5O', 3, 1, '2021-02-22 15:19:02.298+00', '2021-02-22 15:19:02.298+00'),
	(1270, 'Dạ Lan Lê', '$2a$08$FAwlxDqnJCOPQYKWCCJVp.lldh1URR8iflWtHjgZdHiFjUFPnpf5O', 3, 1, '2021-02-22 15:19:02.299+00', '2021-02-22 15:19:02.299+00'),
	(1271, 'Phượng Uyên Đặng', '$2a$08$FAwlxDqnJCOPQYKWCCJVp.lldh1URR8iflWtHjgZdHiFjUFPnpf5O', 3, 1, '2021-02-22 15:19:02.3+00', '2021-02-22 15:19:02.3+00'),
	(1272, 'Thảo Tiên Lý', '$2a$08$FAwlxDqnJCOPQYKWCCJVp.lldh1URR8iflWtHjgZdHiFjUFPnpf5O', 3, 1, '2021-02-22 15:19:02.302+00', '2021-02-22 15:19:02.302+00'),
	(1273, 'Duy Khánh Vương', '$2a$08$FAwlxDqnJCOPQYKWCCJVp.lldh1URR8iflWtHjgZdHiFjUFPnpf5O', 3, 1, '2021-02-22 15:19:02.303+00', '2021-02-22 15:19:02.303+00'),
	(1274, 'Sương Sương Vũ', '$2a$08$FAwlxDqnJCOPQYKWCCJVp.lldh1URR8iflWtHjgZdHiFjUFPnpf5O', 3, 1, '2021-02-22 15:19:02.304+00', '2021-02-22 15:19:02.304+00'),
	(1275, 'Bảo An Trần', '$2a$08$FAwlxDqnJCOPQYKWCCJVp.lldh1URR8iflWtHjgZdHiFjUFPnpf5O', 3, 1, '2021-02-22 15:19:02.306+00', '2021-02-22 15:19:02.306+00'),
	(1276, 'Minh Thu Ngô', '$2a$08$FAwlxDqnJCOPQYKWCCJVp.lldh1URR8iflWtHjgZdHiFjUFPnpf5O', 3, 1, '2021-02-22 15:19:02.307+00', '2021-02-22 15:19:02.307+00'),
	(1277, 'Kiều Giang Lê', '$2a$08$FAwlxDqnJCOPQYKWCCJVp.lldh1URR8iflWtHjgZdHiFjUFPnpf5O', 3, 1, '2021-02-22 15:19:02.308+00', '2021-02-22 15:19:02.308+00'),
	(1278, 'Vân Phương Tô', '$2a$08$FAwlxDqnJCOPQYKWCCJVp.lldh1URR8iflWtHjgZdHiFjUFPnpf5O', 3, 1, '2021-02-22 15:19:02.31+00', '2021-02-22 15:19:02.31+00'),
	(1279, 'Thành Long Lâm', '$2a$08$FAwlxDqnJCOPQYKWCCJVp.lldh1URR8iflWtHjgZdHiFjUFPnpf5O', 3, 1, '2021-02-22 15:19:02.311+00', '2021-02-22 15:19:02.311+00'),
	(1280, 'Vân Anh Mai', '$2a$08$FAwlxDqnJCOPQYKWCCJVp.lldh1URR8iflWtHjgZdHiFjUFPnpf5O', 3, 1, '2021-02-22 15:19:02.312+00', '2021-02-22 15:19:02.312+00'),
	(1281, 'Duy Thông Đặng', '$2a$08$FAwlxDqnJCOPQYKWCCJVp.lldh1URR8iflWtHjgZdHiFjUFPnpf5O', 3, 1, '2021-02-22 15:19:02.314+00', '2021-02-22 15:19:02.314+00'),
	(1282, 'Khải Hà Đỗ', '$2a$08$FAwlxDqnJCOPQYKWCCJVp.lldh1URR8iflWtHjgZdHiFjUFPnpf5O', 3, 1, '2021-02-22 15:19:02.316+00', '2021-02-22 15:19:02.316+00'),
	(1283, 'Ðình Thắng Mai', '$2a$08$FAwlxDqnJCOPQYKWCCJVp.lldh1URR8iflWtHjgZdHiFjUFPnpf5O', 3, 1, '2021-02-22 15:19:02.317+00', '2021-02-22 15:19:02.317+00'),
	(1284, 'Phúc Cường Tăng', '$2a$08$FAwlxDqnJCOPQYKWCCJVp.lldh1URR8iflWtHjgZdHiFjUFPnpf5O', 3, 1, '2021-02-22 15:19:02.318+00', '2021-02-22 15:19:02.318+00'),
	(1285, 'Viễn Ðông Hoàng', '$2a$08$FAwlxDqnJCOPQYKWCCJVp.lldh1URR8iflWtHjgZdHiFjUFPnpf5O', 3, 1, '2021-02-22 15:19:02.319+00', '2021-02-22 15:19:02.319+00'),
	(1286, 'Hải Phương Nguyễn', '$2a$08$FAwlxDqnJCOPQYKWCCJVp.lldh1URR8iflWtHjgZdHiFjUFPnpf5O', 3, 1, '2021-02-22 15:19:02.321+00', '2021-02-22 15:19:02.321+00'),
	(1287, 'Hồng Mai Hồ', '$2a$08$FAwlxDqnJCOPQYKWCCJVp.lldh1URR8iflWtHjgZdHiFjUFPnpf5O', 3, 1, '2021-02-22 15:19:02.322+00', '2021-02-22 15:19:02.322+00'),
	(1288, 'Hải Ngân Phạm III', '$2a$08$FAwlxDqnJCOPQYKWCCJVp.lldh1URR8iflWtHjgZdHiFjUFPnpf5O', 3, 1, '2021-02-22 15:19:02.324+00', '2021-02-22 15:19:02.324+00'),
	(1289, 'Gia Huy Tăng', '$2a$08$FAwlxDqnJCOPQYKWCCJVp.lldh1URR8iflWtHjgZdHiFjUFPnpf5O', 3, 1, '2021-02-22 15:19:02.326+00', '2021-02-22 15:19:02.326+00'),
	(1290, 'Sơn Giang Ngô', '$2a$08$FAwlxDqnJCOPQYKWCCJVp.lldh1URR8iflWtHjgZdHiFjUFPnpf5O', 3, 1, '2021-02-22 15:19:02.327+00', '2021-02-22 15:19:02.327+00'),
	(1291, 'Phúc Hòa Trương', '$2a$08$FAwlxDqnJCOPQYKWCCJVp.lldh1URR8iflWtHjgZdHiFjUFPnpf5O', 3, 1, '2021-02-22 15:19:02.329+00', '2021-02-22 15:19:02.329+00'),
	(1292, 'Trúc Đào Dương', '$2a$08$FAwlxDqnJCOPQYKWCCJVp.lldh1URR8iflWtHjgZdHiFjUFPnpf5O', 3, 1, '2021-02-22 15:19:02.33+00', '2021-02-22 15:19:02.33+00'),
	(1293, 'Nam Nhật Hồ', '$2a$08$FAwlxDqnJCOPQYKWCCJVp.lldh1URR8iflWtHjgZdHiFjUFPnpf5O', 3, 1, '2021-02-22 15:19:02.331+00', '2021-02-22 15:19:02.331+00'),
	(1294, 'Hoàng Hiệp Vương', '$2a$08$FAwlxDqnJCOPQYKWCCJVp.lldh1URR8iflWtHjgZdHiFjUFPnpf5O', 3, 1, '2021-02-22 15:19:02.332+00', '2021-02-22 15:19:02.332+00'),
	(1295, 'Tuyết Nhi Đặng', '$2a$08$FAwlxDqnJCOPQYKWCCJVp.lldh1URR8iflWtHjgZdHiFjUFPnpf5O', 3, 1, '2021-02-22 15:19:02.333+00', '2021-02-22 15:19:02.333+00'),
	(1296, 'Ms. Diễm Quyên Vương', '$2a$08$FAwlxDqnJCOPQYKWCCJVp.lldh1URR8iflWtHjgZdHiFjUFPnpf5O', 3, 1, '2021-02-22 15:19:02.335+00', '2021-02-22 15:19:02.335+00'),
	(1297, 'Thành Ðệ Tô DDS', '$2a$08$FAwlxDqnJCOPQYKWCCJVp.lldh1URR8iflWtHjgZdHiFjUFPnpf5O', 3, 1, '2021-02-22 15:19:02.336+00', '2021-02-22 15:19:02.336+00'),
	(1298, 'Dr. Thu Liên Đoàn', '$2a$08$FAwlxDqnJCOPQYKWCCJVp.lldh1URR8iflWtHjgZdHiFjUFPnpf5O', 3, 1, '2021-02-22 15:19:02.337+00', '2021-02-22 15:19:02.337+00'),
	(1299, 'Hải Phượng Hà II', '$2a$08$FAwlxDqnJCOPQYKWCCJVp.lldh1URR8iflWtHjgZdHiFjUFPnpf5O', 3, 1, '2021-02-22 15:19:02.338+00', '2021-02-22 15:19:02.338+00'),
	(1300, 'Hữu Thắng Hà', '$2a$08$FAwlxDqnJCOPQYKWCCJVp.lldh1URR8iflWtHjgZdHiFjUFPnpf5O', 3, 1, '2021-02-22 15:19:02.339+00', '2021-02-22 15:19:02.339+00'),
	(1301, 'Trường Hiệp Đỗ', '$2a$08$FAwlxDqnJCOPQYKWCCJVp.lldh1URR8iflWtHjgZdHiFjUFPnpf5O', 3, 1, '2021-02-22 15:19:02.34+00', '2021-02-22 15:19:02.34+00'),
	(1302, 'Tuyết Trinh Lý', '$2a$08$FAwlxDqnJCOPQYKWCCJVp.lldh1URR8iflWtHjgZdHiFjUFPnpf5O', 3, 1, '2021-02-22 15:19:02.342+00', '2021-02-22 15:19:02.342+00'),
	(1303, 'Quốc Quý Hà', '$2a$08$FAwlxDqnJCOPQYKWCCJVp.lldh1URR8iflWtHjgZdHiFjUFPnpf5O', 3, 1, '2021-02-22 15:19:02.343+00', '2021-02-22 15:19:02.343+00'),
	(1304, 'Nhật Hoàng Lâm', '$2a$08$FAwlxDqnJCOPQYKWCCJVp.lldh1URR8iflWtHjgZdHiFjUFPnpf5O', 3, 1, '2021-02-22 15:19:02.344+00', '2021-02-22 15:19:02.344+00'),
	(1305, 'Bảo Trúc Đỗ', '$2a$08$FAwlxDqnJCOPQYKWCCJVp.lldh1URR8iflWtHjgZdHiFjUFPnpf5O', 3, 1, '2021-02-22 15:19:02.346+00', '2021-02-22 15:19:02.346+00'),
	(1306, 'Thanh Hằng Hoàng', '$2a$08$FAwlxDqnJCOPQYKWCCJVp.lldh1URR8iflWtHjgZdHiFjUFPnpf5O', 3, 1, '2021-02-22 15:19:02.347+00', '2021-02-22 15:19:02.347+00'),
	(1307, 'Mr. Ngọc Vy Đặng', '$2a$08$FAwlxDqnJCOPQYKWCCJVp.lldh1URR8iflWtHjgZdHiFjUFPnpf5O', 3, 1, '2021-02-22 15:19:02.348+00', '2021-02-22 15:19:02.348+00'),
	(1308, 'Hữu Nghị Tăng', '$2a$08$FAwlxDqnJCOPQYKWCCJVp.lldh1URR8iflWtHjgZdHiFjUFPnpf5O', 3, 1, '2021-02-22 15:19:02.349+00', '2021-02-22 15:19:02.349+00'),
	(1309, 'Ngọc Nữ Hồ DDS', '$2a$08$FAwlxDqnJCOPQYKWCCJVp.lldh1URR8iflWtHjgZdHiFjUFPnpf5O', 3, 1, '2021-02-22 15:19:02.351+00', '2021-02-22 15:19:02.351+00'),
	(1310, 'Thúy Hương Trần', '$2a$08$FAwlxDqnJCOPQYKWCCJVp.lldh1URR8iflWtHjgZdHiFjUFPnpf5O', 3, 1, '2021-02-22 15:19:02.352+00', '2021-02-22 15:19:02.352+00'),
	(1311, 'Ðắc Lộ Tô', '$2a$08$FAwlxDqnJCOPQYKWCCJVp.lldh1URR8iflWtHjgZdHiFjUFPnpf5O', 3, 1, '2021-02-22 15:19:02.353+00', '2021-02-22 15:19:02.353+00'),
	(1312, 'Ngọc Thuận Trịnh', '$2a$08$FAwlxDqnJCOPQYKWCCJVp.lldh1URR8iflWtHjgZdHiFjUFPnpf5O', 3, 1, '2021-02-22 15:19:02.354+00', '2021-02-22 15:19:02.354+00'),
	(1313, 'Hiếu Hạnh Hà', '$2a$08$FAwlxDqnJCOPQYKWCCJVp.lldh1URR8iflWtHjgZdHiFjUFPnpf5O', 3, 1, '2021-02-22 15:19:02.356+00', '2021-02-22 15:19:02.356+00'),
	(1314, 'Bảo Vân Lý', '$2a$08$FAwlxDqnJCOPQYKWCCJVp.lldh1URR8iflWtHjgZdHiFjUFPnpf5O', 3, 1, '2021-02-22 15:19:02.357+00', '2021-02-22 15:19:02.357+00'),
	(1315, 'Hoài Hương Phùng', '$2a$08$FAwlxDqnJCOPQYKWCCJVp.lldh1URR8iflWtHjgZdHiFjUFPnpf5O', 3, 1, '2021-02-22 15:19:02.358+00', '2021-02-22 15:19:02.358+00'),
	(1316, 'Cao Sỹ Hoàng', '$2a$08$FAwlxDqnJCOPQYKWCCJVp.lldh1URR8iflWtHjgZdHiFjUFPnpf5O', 3, 1, '2021-02-22 15:19:02.359+00', '2021-02-22 15:19:02.359+00'),
	(1317, 'Tuyết Lan Lâm', '$2a$08$FAwlxDqnJCOPQYKWCCJVp.lldh1URR8iflWtHjgZdHiFjUFPnpf5O', 3, 1, '2021-02-22 15:19:02.36+00', '2021-02-22 15:19:02.36+00'),
	(1318, 'Mỹ Hoàn Đào', '$2a$08$FAwlxDqnJCOPQYKWCCJVp.lldh1URR8iflWtHjgZdHiFjUFPnpf5O', 3, 1, '2021-02-22 15:19:02.363+00', '2021-02-22 15:19:02.363+00'),
	(1319, 'Dã Lâm Phạm', '$2a$08$FAwlxDqnJCOPQYKWCCJVp.lldh1URR8iflWtHjgZdHiFjUFPnpf5O', 3, 1, '2021-02-22 15:19:02.364+00', '2021-02-22 15:19:02.364+00'),
	(1320, 'Nhật Hà Trần', '$2a$08$FAwlxDqnJCOPQYKWCCJVp.lldh1URR8iflWtHjgZdHiFjUFPnpf5O', 3, 1, '2021-02-22 15:19:02.365+00', '2021-02-22 15:19:02.365+00'),
	(1321, 'Lan Khuê Đỗ Jr.', '$2a$08$FAwlxDqnJCOPQYKWCCJVp.lldh1URR8iflWtHjgZdHiFjUFPnpf5O', 3, 1, '2021-02-22 15:19:02.367+00', '2021-02-22 15:19:02.367+00'),
	(1322, 'Ngọc Hằng Đinh', '$2a$08$FAwlxDqnJCOPQYKWCCJVp.lldh1URR8iflWtHjgZdHiFjUFPnpf5O', 3, 1, '2021-02-22 15:19:02.368+00', '2021-02-22 15:19:02.368+00'),
	(1323, 'Ms. Kim Oanh Lê', '$2a$08$FAwlxDqnJCOPQYKWCCJVp.lldh1URR8iflWtHjgZdHiFjUFPnpf5O', 3, 1, '2021-02-22 15:19:02.369+00', '2021-02-22 15:19:02.369+00'),
	(1324, 'Bích San Lâm', '$2a$08$FAwlxDqnJCOPQYKWCCJVp.lldh1URR8iflWtHjgZdHiFjUFPnpf5O', 3, 1, '2021-02-22 15:19:02.37+00', '2021-02-22 15:19:02.37+00'),
	(1325, 'Ms. Mai Hà Hồ', '$2a$08$FAwlxDqnJCOPQYKWCCJVp.lldh1URR8iflWtHjgZdHiFjUFPnpf5O', 3, 1, '2021-02-22 15:19:02.372+00', '2021-02-22 15:19:02.372+00'),
	(1326, 'Bảo Châu Hà', '$2a$08$FAwlxDqnJCOPQYKWCCJVp.lldh1URR8iflWtHjgZdHiFjUFPnpf5O', 3, 1, '2021-02-22 15:19:02.373+00', '2021-02-22 15:19:02.373+00'),
	(1327, 'Thủy Tiên Lâm', '$2a$08$FAwlxDqnJCOPQYKWCCJVp.lldh1URR8iflWtHjgZdHiFjUFPnpf5O', 3, 1, '2021-02-22 15:19:02.374+00', '2021-02-22 15:19:02.374+00'),
	(1328, 'Lệ Khanh Vũ', '$2a$08$FAwlxDqnJCOPQYKWCCJVp.lldh1URR8iflWtHjgZdHiFjUFPnpf5O', 3, 1, '2021-02-22 15:19:02.375+00', '2021-02-22 15:19:02.375+00'),
	(1329, 'Anh Thơ Lý', '$2a$08$FAwlxDqnJCOPQYKWCCJVp.lldh1URR8iflWtHjgZdHiFjUFPnpf5O', 3, 1, '2021-02-22 15:19:02.377+00', '2021-02-22 15:19:02.377+00'),
	(1330, 'Khúc Lan Ngô PhD', '$2a$08$FAwlxDqnJCOPQYKWCCJVp.lldh1URR8iflWtHjgZdHiFjUFPnpf5O', 3, 1, '2021-02-22 15:19:02.378+00', '2021-02-22 15:19:02.378+00'),
	(1331, 'Khánh Vi Tô', '$2a$08$FAwlxDqnJCOPQYKWCCJVp.lldh1URR8iflWtHjgZdHiFjUFPnpf5O', 3, 1, '2021-02-22 15:19:02.379+00', '2021-02-22 15:19:02.379+00'),
	(1332, 'Minh Trung Đinh', '$2a$08$FAwlxDqnJCOPQYKWCCJVp.lldh1URR8iflWtHjgZdHiFjUFPnpf5O', 3, 1, '2021-02-22 15:19:02.38+00', '2021-02-22 15:19:02.38+00'),
	(1333, 'Thanh Phi Lâm', '$2a$08$FAwlxDqnJCOPQYKWCCJVp.lldh1URR8iflWtHjgZdHiFjUFPnpf5O', 3, 1, '2021-02-22 15:19:02.381+00', '2021-02-22 15:19:02.381+00'),
	(1334, 'Ðức Thắng Hồ', '$2a$08$FAwlxDqnJCOPQYKWCCJVp.lldh1URR8iflWtHjgZdHiFjUFPnpf5O', 3, 1, '2021-02-22 15:19:02.382+00', '2021-02-22 15:19:02.382+00'),
	(1335, 'Thế Phương Tô', '$2a$08$FAwlxDqnJCOPQYKWCCJVp.lldh1URR8iflWtHjgZdHiFjUFPnpf5O', 3, 1, '2021-02-22 15:19:02.383+00', '2021-02-22 15:19:02.383+00'),
	(1336, 'Yến Oanh Ngô', '$2a$08$FAwlxDqnJCOPQYKWCCJVp.lldh1URR8iflWtHjgZdHiFjUFPnpf5O', 3, 1, '2021-02-22 15:19:02.385+00', '2021-02-22 15:19:02.385+00'),
	(1337, 'Ms. Anh Tuấn Trần', '$2a$08$FAwlxDqnJCOPQYKWCCJVp.lldh1URR8iflWtHjgZdHiFjUFPnpf5O', 3, 1, '2021-02-22 15:19:02.386+00', '2021-02-22 15:19:02.386+00'),
	(1338, 'Quang Thịnh Tăng', '$2a$08$FAwlxDqnJCOPQYKWCCJVp.lldh1URR8iflWtHjgZdHiFjUFPnpf5O', 3, 1, '2021-02-22 15:19:02.387+00', '2021-02-22 15:19:02.387+00'),
	(1339, 'Thu Hằng Trương', '$2a$08$FAwlxDqnJCOPQYKWCCJVp.lldh1URR8iflWtHjgZdHiFjUFPnpf5O', 3, 1, '2021-02-22 15:19:02.388+00', '2021-02-22 15:19:02.388+00'),
	(1340, 'Dr. Phượng Vy Đinh', '$2a$08$FAwlxDqnJCOPQYKWCCJVp.lldh1URR8iflWtHjgZdHiFjUFPnpf5O', 3, 1, '2021-02-22 15:19:02.39+00', '2021-02-22 15:19:02.39+00'),
	(1341, 'Mrs. Hải San Ngô', '$2a$08$FAwlxDqnJCOPQYKWCCJVp.lldh1URR8iflWtHjgZdHiFjUFPnpf5O', 3, 1, '2021-02-22 15:19:02.391+00', '2021-02-22 15:19:02.391+00'),
	(1342, 'Ðắc Thành Trịnh', '$2a$08$FAwlxDqnJCOPQYKWCCJVp.lldh1URR8iflWtHjgZdHiFjUFPnpf5O', 3, 1, '2021-02-22 15:19:02.392+00', '2021-02-22 15:19:02.392+00'),
	(1343, 'Bá Phước Dương', '$2a$08$FAwlxDqnJCOPQYKWCCJVp.lldh1URR8iflWtHjgZdHiFjUFPnpf5O', 3, 1, '2021-02-22 15:19:02.394+00', '2021-02-22 15:19:02.394+00'),
	(1344, 'Ðại Ngọc Dương', '$2a$08$FAwlxDqnJCOPQYKWCCJVp.lldh1URR8iflWtHjgZdHiFjUFPnpf5O', 3, 1, '2021-02-22 15:19:02.395+00', '2021-02-22 15:19:02.395+00'),
	(1345, 'Miss Vương Gia Đoàn', '$2a$08$FAwlxDqnJCOPQYKWCCJVp.lldh1URR8iflWtHjgZdHiFjUFPnpf5O', 3, 1, '2021-02-22 15:19:02.396+00', '2021-02-22 15:19:02.396+00'),
	(1346, 'Duy Hiếu Hồ', '$2a$08$FAwlxDqnJCOPQYKWCCJVp.lldh1URR8iflWtHjgZdHiFjUFPnpf5O', 3, 1, '2021-02-22 15:19:02.397+00', '2021-02-22 15:19:02.397+00'),
	(1347, 'Tùng Châu Lê', '$2a$08$FAwlxDqnJCOPQYKWCCJVp.lldh1URR8iflWtHjgZdHiFjUFPnpf5O', 3, 1, '2021-02-22 15:19:02.398+00', '2021-02-22 15:19:02.398+00'),
	(1348, 'Chí Hiếu Vương', '$2a$08$FAwlxDqnJCOPQYKWCCJVp.lldh1URR8iflWtHjgZdHiFjUFPnpf5O', 3, 1, '2021-02-22 15:19:02.399+00', '2021-02-22 15:19:02.399+00'),
	(1349, 'Ms. Quốc Hoàng Lâm', '$2a$08$FAwlxDqnJCOPQYKWCCJVp.lldh1URR8iflWtHjgZdHiFjUFPnpf5O', 3, 1, '2021-02-22 15:19:02.4+00', '2021-02-22 15:19:02.4+00'),
	(1350, 'Thiên Hương Phạm', '$2a$08$FAwlxDqnJCOPQYKWCCJVp.lldh1URR8iflWtHjgZdHiFjUFPnpf5O', 3, 1, '2021-02-22 15:19:02.401+00', '2021-02-22 15:19:02.401+00'),
	(1351, 'Tùng Lâm Đào', '$2a$08$FAwlxDqnJCOPQYKWCCJVp.lldh1URR8iflWtHjgZdHiFjUFPnpf5O', 3, 1, '2021-02-22 15:19:02.403+00', '2021-02-22 15:19:02.403+00'),
	(1352, 'Hữu Vượng Tô', '$2a$08$FAwlxDqnJCOPQYKWCCJVp.lldh1URR8iflWtHjgZdHiFjUFPnpf5O', 3, 1, '2021-02-22 15:19:02.404+00', '2021-02-22 15:19:02.404+00'),
	(1353, 'Tuyết Lan Trương', '$2a$08$FAwlxDqnJCOPQYKWCCJVp.lldh1URR8iflWtHjgZdHiFjUFPnpf5O', 3, 1, '2021-02-22 15:19:02.405+00', '2021-02-22 15:19:02.405+00'),
	(1354, 'Dr. Thanh Ngân Đoàn', '$2a$08$FAwlxDqnJCOPQYKWCCJVp.lldh1URR8iflWtHjgZdHiFjUFPnpf5O', 3, 1, '2021-02-22 15:19:02.406+00', '2021-02-22 15:19:02.406+00'),
	(1355, 'Hồng Thảo Hồ', '$2a$08$FAwlxDqnJCOPQYKWCCJVp.lldh1URR8iflWtHjgZdHiFjUFPnpf5O', 3, 1, '2021-02-22 15:19:02.408+00', '2021-02-22 15:19:02.408+00'),
	(1356, 'Bảo Quỳnh Phan', '$2a$08$FAwlxDqnJCOPQYKWCCJVp.lldh1URR8iflWtHjgZdHiFjUFPnpf5O', 3, 1, '2021-02-22 15:19:02.409+00', '2021-02-22 15:19:02.409+00'),
	(1357, 'Lương Quyền Trần', '$2a$08$FAwlxDqnJCOPQYKWCCJVp.lldh1URR8iflWtHjgZdHiFjUFPnpf5O', 3, 1, '2021-02-22 15:19:02.41+00', '2021-02-22 15:19:02.41+00'),
	(1358, 'Vĩnh Long Vương', '$2a$08$FAwlxDqnJCOPQYKWCCJVp.lldh1URR8iflWtHjgZdHiFjUFPnpf5O', 3, 1, '2021-02-22 15:19:02.411+00', '2021-02-22 15:19:02.411+00'),
	(1359, 'Bạch Mai Ngô DDS', '$2a$08$FAwlxDqnJCOPQYKWCCJVp.lldh1URR8iflWtHjgZdHiFjUFPnpf5O', 3, 1, '2021-02-22 15:19:02.412+00', '2021-02-22 15:19:02.412+00'),
	(1360, 'Thành Ðạt Hà DDS', '$2a$08$FAwlxDqnJCOPQYKWCCJVp.lldh1URR8iflWtHjgZdHiFjUFPnpf5O', 3, 1, '2021-02-22 15:19:02.414+00', '2021-02-22 15:19:02.414+00'),
	(1361, 'Việt Hương Đoàn', '$2a$08$FAwlxDqnJCOPQYKWCCJVp.lldh1URR8iflWtHjgZdHiFjUFPnpf5O', 3, 1, '2021-02-22 15:19:02.415+00', '2021-02-22 15:19:02.415+00'),
	(1362, 'Tuấn Hùng Vũ', '$2a$08$FAwlxDqnJCOPQYKWCCJVp.lldh1URR8iflWtHjgZdHiFjUFPnpf5O', 3, 1, '2021-02-22 15:19:02.416+00', '2021-02-22 15:19:02.416+00'),
	(1363, 'Thiên Khánh Trương', '$2a$08$FAwlxDqnJCOPQYKWCCJVp.lldh1URR8iflWtHjgZdHiFjUFPnpf5O', 3, 1, '2021-02-22 15:19:02.417+00', '2021-02-22 15:19:02.417+00'),
	(1364, 'Kim Xuân Tô', '$2a$08$FAwlxDqnJCOPQYKWCCJVp.lldh1URR8iflWtHjgZdHiFjUFPnpf5O', 3, 1, '2021-02-22 15:19:02.419+00', '2021-02-22 15:19:02.419+00'),
	(1365, 'Miss Hữu Tài Đoàn', '$2a$08$FAwlxDqnJCOPQYKWCCJVp.lldh1URR8iflWtHjgZdHiFjUFPnpf5O', 3, 1, '2021-02-22 15:19:02.42+00', '2021-02-22 15:19:02.42+00'),
	(1366, 'Ðình Nguyên Lâm DDS', '$2a$08$FAwlxDqnJCOPQYKWCCJVp.lldh1URR8iflWtHjgZdHiFjUFPnpf5O', 3, 1, '2021-02-22 15:19:02.421+00', '2021-02-22 15:19:02.421+00'),
	(1367, 'Khắc Triệu Phạm', '$2a$08$FAwlxDqnJCOPQYKWCCJVp.lldh1URR8iflWtHjgZdHiFjUFPnpf5O', 3, 1, '2021-02-22 15:19:02.422+00', '2021-02-22 15:19:02.422+00'),
	(1368, 'Ðức Toàn Đỗ', '$2a$08$FAwlxDqnJCOPQYKWCCJVp.lldh1URR8iflWtHjgZdHiFjUFPnpf5O', 3, 1, '2021-02-22 15:19:02.423+00', '2021-02-22 15:19:02.423+00'),
	(1369, 'Dr. Duy Ngôn Nguyễn', '$2a$08$FAwlxDqnJCOPQYKWCCJVp.lldh1URR8iflWtHjgZdHiFjUFPnpf5O', 3, 1, '2021-02-22 15:19:02.425+00', '2021-02-22 15:19:02.425+00'),
	(1370, 'Hòa Giang Phạm', '$2a$08$FAwlxDqnJCOPQYKWCCJVp.lldh1URR8iflWtHjgZdHiFjUFPnpf5O', 3, 1, '2021-02-22 15:19:02.426+00', '2021-02-22 15:19:02.426+00'),
	(1371, 'Vũ Hồng Trần', '$2a$08$FAwlxDqnJCOPQYKWCCJVp.lldh1URR8iflWtHjgZdHiFjUFPnpf5O', 3, 1, '2021-02-22 15:19:02.427+00', '2021-02-22 15:19:02.427+00'),
	(1372, 'Hoàng Khôi Trương', '$2a$08$FAwlxDqnJCOPQYKWCCJVp.lldh1URR8iflWtHjgZdHiFjUFPnpf5O', 3, 1, '2021-02-22 15:19:02.428+00', '2021-02-22 15:19:02.428+00'),
	(1373, 'Kim Khuyên Lý', '$2a$08$FAwlxDqnJCOPQYKWCCJVp.lldh1URR8iflWtHjgZdHiFjUFPnpf5O', 3, 1, '2021-02-22 15:19:02.43+00', '2021-02-22 15:19:02.43+00'),
	(1374, 'Hồng Hoa Phan', '$2a$08$FAwlxDqnJCOPQYKWCCJVp.lldh1URR8iflWtHjgZdHiFjUFPnpf5O', 3, 1, '2021-02-22 15:19:02.431+00', '2021-02-22 15:19:02.431+00'),
	(1375, 'Thiên Thư Hoàng', '$2a$08$FAwlxDqnJCOPQYKWCCJVp.lldh1URR8iflWtHjgZdHiFjUFPnpf5O', 3, 1, '2021-02-22 15:19:02.432+00', '2021-02-22 15:19:02.432+00'),
	(1376, 'Dr. Nguyệt Quế Phạm', '$2a$08$FAwlxDqnJCOPQYKWCCJVp.lldh1URR8iflWtHjgZdHiFjUFPnpf5O', 3, 1, '2021-02-22 15:19:02.433+00', '2021-02-22 15:19:02.433+00'),
	(1377, 'Khải Ca Phạm', '$2a$08$FAwlxDqnJCOPQYKWCCJVp.lldh1URR8iflWtHjgZdHiFjUFPnpf5O', 3, 1, '2021-02-22 15:19:02.435+00', '2021-02-22 15:19:02.435+00'),
	(1378, 'Giang Nam Trần', '$2a$08$FAwlxDqnJCOPQYKWCCJVp.lldh1URR8iflWtHjgZdHiFjUFPnpf5O', 3, 1, '2021-02-22 15:19:02.436+00', '2021-02-22 15:19:02.436+00'),
	(1379, 'Trọng Hùng Lý', '$2a$08$FAwlxDqnJCOPQYKWCCJVp.lldh1URR8iflWtHjgZdHiFjUFPnpf5O', 3, 1, '2021-02-22 15:19:02.437+00', '2021-02-22 15:19:02.437+00'),
	(1380, 'Ngọc Thy Trịnh', '$2a$08$FAwlxDqnJCOPQYKWCCJVp.lldh1URR8iflWtHjgZdHiFjUFPnpf5O', 3, 1, '2021-02-22 15:19:02.438+00', '2021-02-22 15:19:02.438+00'),
	(1381, 'Trang Tâm Hà', '$2a$08$FAwlxDqnJCOPQYKWCCJVp.lldh1URR8iflWtHjgZdHiFjUFPnpf5O', 3, 1, '2021-02-22 15:19:02.44+00', '2021-02-22 15:19:02.44+00'),
	(1382, 'Diệu Thúy Tô', '$2a$08$FAwlxDqnJCOPQYKWCCJVp.lldh1URR8iflWtHjgZdHiFjUFPnpf5O', 3, 1, '2021-02-22 15:19:02.441+00', '2021-02-22 15:19:02.441+00'),
	(1383, 'Công Án Hoàng', '$2a$08$FAwlxDqnJCOPQYKWCCJVp.lldh1URR8iflWtHjgZdHiFjUFPnpf5O', 3, 1, '2021-02-22 15:19:02.442+00', '2021-02-22 15:19:02.442+00'),
	(1384, 'Phương Trạch Đinh', '$2a$08$FAwlxDqnJCOPQYKWCCJVp.lldh1URR8iflWtHjgZdHiFjUFPnpf5O', 3, 1, '2021-02-22 15:19:02.443+00', '2021-02-22 15:19:02.443+00'),
	(1385, 'Dr. Nhân Văn Lâm', '$2a$08$FAwlxDqnJCOPQYKWCCJVp.lldh1URR8iflWtHjgZdHiFjUFPnpf5O', 3, 1, '2021-02-22 15:19:02.444+00', '2021-02-22 15:19:02.444+00'),
	(1386, 'Việt Thương Phùng', '$2a$08$FAwlxDqnJCOPQYKWCCJVp.lldh1URR8iflWtHjgZdHiFjUFPnpf5O', 3, 1, '2021-02-22 15:19:02.446+00', '2021-02-22 15:19:02.446+00'),
	(1387, 'Thục Trang Bùi', '$2a$08$FAwlxDqnJCOPQYKWCCJVp.lldh1URR8iflWtHjgZdHiFjUFPnpf5O', 3, 1, '2021-02-22 15:19:02.447+00', '2021-02-22 15:19:02.447+00'),
	(1388, 'Thúy Phượng Lý', '$2a$08$FAwlxDqnJCOPQYKWCCJVp.lldh1URR8iflWtHjgZdHiFjUFPnpf5O', 3, 1, '2021-02-22 15:19:02.448+00', '2021-02-22 15:19:02.448+00'),
	(1389, 'Lệ Băng Phan', '$2a$08$FAwlxDqnJCOPQYKWCCJVp.lldh1URR8iflWtHjgZdHiFjUFPnpf5O', 3, 1, '2021-02-22 15:19:02.449+00', '2021-02-22 15:19:02.449+00'),
	(1390, 'Thuận Hòa Hà', '$2a$08$FAwlxDqnJCOPQYKWCCJVp.lldh1URR8iflWtHjgZdHiFjUFPnpf5O', 3, 1, '2021-02-22 15:19:02.451+00', '2021-02-22 15:19:02.451+00'),
	(1391, 'Minh Yến Trịnh II', '$2a$08$FAwlxDqnJCOPQYKWCCJVp.lldh1URR8iflWtHjgZdHiFjUFPnpf5O', 3, 1, '2021-02-22 15:19:02.452+00', '2021-02-22 15:19:02.452+00'),
	(1392, 'Mrs. Hùng Anh Đinh', '$2a$08$FAwlxDqnJCOPQYKWCCJVp.lldh1URR8iflWtHjgZdHiFjUFPnpf5O', 3, 1, '2021-02-22 15:19:02.453+00', '2021-02-22 15:19:02.453+00'),
	(1393, 'Kiều Nguyệt Dương Jr.', '$2a$08$FAwlxDqnJCOPQYKWCCJVp.lldh1URR8iflWtHjgZdHiFjUFPnpf5O', 3, 1, '2021-02-22 15:19:02.454+00', '2021-02-22 15:19:02.454+00'),
	(1394, 'Ngọc Quế Lê', '$2a$08$FAwlxDqnJCOPQYKWCCJVp.lldh1URR8iflWtHjgZdHiFjUFPnpf5O', 3, 1, '2021-02-22 15:19:02.455+00', '2021-02-22 15:19:02.455+00'),
	(1395, 'Nguyệt Minh Đoàn', '$2a$08$FAwlxDqnJCOPQYKWCCJVp.lldh1URR8iflWtHjgZdHiFjUFPnpf5O', 3, 1, '2021-02-22 15:19:02.457+00', '2021-02-22 15:19:02.457+00'),
	(1396, 'Mr. Công Tuấn Lý', '$2a$08$FAwlxDqnJCOPQYKWCCJVp.lldh1URR8iflWtHjgZdHiFjUFPnpf5O', 3, 1, '2021-02-22 15:19:02.458+00', '2021-02-22 15:19:02.458+00'),
	(1397, 'Khải Hòa Bùi', '$2a$08$FAwlxDqnJCOPQYKWCCJVp.lldh1URR8iflWtHjgZdHiFjUFPnpf5O', 3, 1, '2021-02-22 15:19:02.459+00', '2021-02-22 15:19:02.459+00'),
	(1398, 'Vân Thường Lê', '$2a$08$FAwlxDqnJCOPQYKWCCJVp.lldh1URR8iflWtHjgZdHiFjUFPnpf5O', 3, 1, '2021-02-22 15:19:02.46+00', '2021-02-22 15:19:02.46+00'),
	(1399, 'Xuân Bảo Dương', '$2a$08$FAwlxDqnJCOPQYKWCCJVp.lldh1URR8iflWtHjgZdHiFjUFPnpf5O', 3, 1, '2021-02-22 15:19:02.461+00', '2021-02-22 15:19:02.461+00'),
	(1400, 'Mai Lan Nguyễn', '$2a$08$FAwlxDqnJCOPQYKWCCJVp.lldh1URR8iflWtHjgZdHiFjUFPnpf5O', 3, 1, '2021-02-22 15:19:02.463+00', '2021-02-22 15:19:02.463+00'),
	(1401, 'Thúy Nga Đinh', '$2a$08$FAwlxDqnJCOPQYKWCCJVp.lldh1URR8iflWtHjgZdHiFjUFPnpf5O', 3, 1, '2021-02-22 15:19:02.464+00', '2021-02-22 15:19:02.464+00'),
	(1402, 'Túy Loan Trương', '$2a$08$FAwlxDqnJCOPQYKWCCJVp.lldh1URR8iflWtHjgZdHiFjUFPnpf5O', 3, 1, '2021-02-22 15:19:02.465+00', '2021-02-22 15:19:02.465+00'),
	(1403, 'Trung Nhân Vương II', '$2a$08$FAwlxDqnJCOPQYKWCCJVp.lldh1URR8iflWtHjgZdHiFjUFPnpf5O', 3, 1, '2021-02-22 15:19:02.466+00', '2021-02-22 15:19:02.466+00'),
	(1404, 'Thanh Long Phùng MD', '$2a$08$FAwlxDqnJCOPQYKWCCJVp.lldh1URR8iflWtHjgZdHiFjUFPnpf5O', 3, 1, '2021-02-22 15:19:02.467+00', '2021-02-22 15:19:02.467+00'),
	(1405, 'Hòa Bình Vương', '$2a$08$FAwlxDqnJCOPQYKWCCJVp.lldh1URR8iflWtHjgZdHiFjUFPnpf5O', 3, 1, '2021-02-22 15:19:02.469+00', '2021-02-22 15:19:02.469+00'),
	(1406, 'Kiều Nương Đào', '$2a$08$FAwlxDqnJCOPQYKWCCJVp.lldh1URR8iflWtHjgZdHiFjUFPnpf5O', 3, 1, '2021-02-22 15:19:02.47+00', '2021-02-22 15:19:02.47+00'),
	(1407, 'Hồng Thắm Đỗ', '$2a$08$FAwlxDqnJCOPQYKWCCJVp.lldh1URR8iflWtHjgZdHiFjUFPnpf5O', 3, 1, '2021-02-22 15:19:02.471+00', '2021-02-22 15:19:02.471+00'),
	(1408, 'Ngọc Lam Hồ', '$2a$08$FAwlxDqnJCOPQYKWCCJVp.lldh1URR8iflWtHjgZdHiFjUFPnpf5O', 3, 1, '2021-02-22 15:19:02.472+00', '2021-02-22 15:19:02.472+00'),
	(1409, 'Hương Thảo Bùi III', '$2a$08$FAwlxDqnJCOPQYKWCCJVp.lldh1URR8iflWtHjgZdHiFjUFPnpf5O', 3, 1, '2021-02-22 15:19:02.473+00', '2021-02-22 15:19:02.473+00'),
	(1410, 'Mộng Tuyền Hà', '$2a$08$FAwlxDqnJCOPQYKWCCJVp.lldh1URR8iflWtHjgZdHiFjUFPnpf5O', 3, 1, '2021-02-22 15:19:02.475+00', '2021-02-22 15:19:02.475+00'),
	(1411, 'Kim Trang Đoàn Sr.', '$2a$08$FAwlxDqnJCOPQYKWCCJVp.lldh1URR8iflWtHjgZdHiFjUFPnpf5O', 3, 1, '2021-02-22 15:19:02.476+00', '2021-02-22 15:19:02.476+00'),
	(1412, 'Tường Vinh Tăng', '$2a$08$FAwlxDqnJCOPQYKWCCJVp.lldh1URR8iflWtHjgZdHiFjUFPnpf5O', 3, 1, '2021-02-22 15:19:02.477+00', '2021-02-22 15:19:02.477+00'),
	(1413, 'Gia Bảo Hồ', '$2a$08$FAwlxDqnJCOPQYKWCCJVp.lldh1URR8iflWtHjgZdHiFjUFPnpf5O', 3, 1, '2021-02-22 15:19:02.478+00', '2021-02-22 15:19:02.478+00'),
	(1414, 'Thủy Minh Nguyễn', '$2a$08$FAwlxDqnJCOPQYKWCCJVp.lldh1URR8iflWtHjgZdHiFjUFPnpf5O', 3, 1, '2021-02-22 15:19:02.479+00', '2021-02-22 15:19:02.479+00'),
	(1415, 'Ðức Tường Hồ', '$2a$08$FAwlxDqnJCOPQYKWCCJVp.lldh1URR8iflWtHjgZdHiFjUFPnpf5O', 3, 1, '2021-02-22 15:19:02.48+00', '2021-02-22 15:19:02.48+00'),
	(1416, 'Thiên Ðức Trịnh', '$2a$08$FAwlxDqnJCOPQYKWCCJVp.lldh1URR8iflWtHjgZdHiFjUFPnpf5O', 3, 1, '2021-02-22 15:19:02.481+00', '2021-02-22 15:19:02.481+00'),
	(1417, 'Mạnh Quỳnh Trần', '$2a$08$FAwlxDqnJCOPQYKWCCJVp.lldh1URR8iflWtHjgZdHiFjUFPnpf5O', 3, 1, '2021-02-22 15:19:02.482+00', '2021-02-22 15:19:02.482+00'),
	(1418, 'Minh An Trương', '$2a$08$FAwlxDqnJCOPQYKWCCJVp.lldh1URR8iflWtHjgZdHiFjUFPnpf5O', 3, 1, '2021-02-22 15:19:02.484+00', '2021-02-22 15:19:02.484+00'),
	(1419, 'Thu Mai Dương', '$2a$08$FAwlxDqnJCOPQYKWCCJVp.lldh1URR8iflWtHjgZdHiFjUFPnpf5O', 3, 1, '2021-02-22 15:19:02.485+00', '2021-02-22 15:19:02.485+00'),
	(1420, 'Thanh Lâm Hoàng IV', '$2a$08$FAwlxDqnJCOPQYKWCCJVp.lldh1URR8iflWtHjgZdHiFjUFPnpf5O', 3, 1, '2021-02-22 15:19:02.487+00', '2021-02-22 15:19:02.487+00'),
	(1421, 'Nam Thông Phan', '$2a$08$FAwlxDqnJCOPQYKWCCJVp.lldh1URR8iflWtHjgZdHiFjUFPnpf5O', 3, 1, '2021-02-22 15:19:02.488+00', '2021-02-22 15:19:02.488+00'),
	(1422, 'Thành Khiêm Vũ', '$2a$08$FAwlxDqnJCOPQYKWCCJVp.lldh1URR8iflWtHjgZdHiFjUFPnpf5O', 3, 1, '2021-02-22 15:19:02.489+00', '2021-02-22 15:19:02.489+00'),
	(1423, 'Kim Hương Tăng', '$2a$08$FAwlxDqnJCOPQYKWCCJVp.lldh1URR8iflWtHjgZdHiFjUFPnpf5O', 3, 1, '2021-02-22 15:19:02.49+00', '2021-02-22 15:19:02.49+00'),
	(1424, 'Phượng Bích Hoàng', '$2a$08$FAwlxDqnJCOPQYKWCCJVp.lldh1URR8iflWtHjgZdHiFjUFPnpf5O', 3, 1, '2021-02-22 15:19:02.492+00', '2021-02-22 15:19:02.492+00'),
	(1425, 'Diệu Hiền Hà', '$2a$08$FAwlxDqnJCOPQYKWCCJVp.lldh1URR8iflWtHjgZdHiFjUFPnpf5O', 3, 1, '2021-02-22 15:19:02.493+00', '2021-02-22 15:19:02.493+00'),
	(1426, 'Chiêu Dương Bùi DVM', '$2a$08$FAwlxDqnJCOPQYKWCCJVp.lldh1URR8iflWtHjgZdHiFjUFPnpf5O', 3, 1, '2021-02-22 15:19:02.494+00', '2021-02-22 15:19:02.494+00'),
	(1427, 'Thành Trung Bùi', '$2a$08$FAwlxDqnJCOPQYKWCCJVp.lldh1URR8iflWtHjgZdHiFjUFPnpf5O', 3, 1, '2021-02-22 15:19:02.495+00', '2021-02-22 15:19:02.495+00'),
	(1428, 'Quốc Hạnh Vũ', '$2a$08$FAwlxDqnJCOPQYKWCCJVp.lldh1URR8iflWtHjgZdHiFjUFPnpf5O', 3, 1, '2021-02-22 15:19:02.496+00', '2021-02-22 15:19:02.496+00'),
	(1429, 'Hồng Nhạn Phạm', '$2a$08$FAwlxDqnJCOPQYKWCCJVp.lldh1URR8iflWtHjgZdHiFjUFPnpf5O', 3, 1, '2021-02-22 15:19:02.497+00', '2021-02-22 15:19:02.497+00'),
	(1430, 'Hữu Hoàng Đào', '$2a$08$FAwlxDqnJCOPQYKWCCJVp.lldh1URR8iflWtHjgZdHiFjUFPnpf5O', 3, 1, '2021-02-22 15:19:02.499+00', '2021-02-22 15:19:02.499+00'),
	(1431, 'Ðức Huy Trần', '$2a$08$FAwlxDqnJCOPQYKWCCJVp.lldh1URR8iflWtHjgZdHiFjUFPnpf5O', 3, 1, '2021-02-22 15:19:02.5+00', '2021-02-22 15:19:02.5+00'),
	(1432, 'Thúy Hiền Hà', '$2a$08$FAwlxDqnJCOPQYKWCCJVp.lldh1URR8iflWtHjgZdHiFjUFPnpf5O', 3, 1, '2021-02-22 15:19:02.502+00', '2021-02-22 15:19:02.502+00'),
	(1433, 'Minh Thảo Đào', '$2a$08$FAwlxDqnJCOPQYKWCCJVp.lldh1URR8iflWtHjgZdHiFjUFPnpf5O', 3, 1, '2021-02-22 15:19:02.503+00', '2021-02-22 15:19:02.503+00'),
	(1434, 'Khánh Ðan Hồ', '$2a$08$FAwlxDqnJCOPQYKWCCJVp.lldh1URR8iflWtHjgZdHiFjUFPnpf5O', 3, 1, '2021-02-22 15:19:02.504+00', '2021-02-22 15:19:02.504+00'),
	(1435, 'Duy Khang Phan MD', '$2a$08$FAwlxDqnJCOPQYKWCCJVp.lldh1URR8iflWtHjgZdHiFjUFPnpf5O', 3, 1, '2021-02-22 15:19:02.506+00', '2021-02-22 15:19:02.506+00'),
	(1436, 'Phương Quế Vương', '$2a$08$FAwlxDqnJCOPQYKWCCJVp.lldh1URR8iflWtHjgZdHiFjUFPnpf5O', 3, 1, '2021-02-22 15:19:02.507+00', '2021-02-22 15:19:02.507+00'),
	(1437, 'Kiều Trinh Tô', '$2a$08$FAwlxDqnJCOPQYKWCCJVp.lldh1URR8iflWtHjgZdHiFjUFPnpf5O', 3, 1, '2021-02-22 15:19:02.508+00', '2021-02-22 15:19:02.508+00'),
	(1438, 'Thu Hằng Trương', '$2a$08$FAwlxDqnJCOPQYKWCCJVp.lldh1URR8iflWtHjgZdHiFjUFPnpf5O', 3, 1, '2021-02-22 15:19:02.509+00', '2021-02-22 15:19:02.509+00'),
	(1439, 'Hồng Vân Vương', '$2a$08$FAwlxDqnJCOPQYKWCCJVp.lldh1URR8iflWtHjgZdHiFjUFPnpf5O', 3, 1, '2021-02-22 15:19:02.511+00', '2021-02-22 15:19:02.511+00'),
	(1440, 'Anh Quốc Lý', '$2a$08$FAwlxDqnJCOPQYKWCCJVp.lldh1URR8iflWtHjgZdHiFjUFPnpf5O', 3, 1, '2021-02-22 15:19:02.512+00', '2021-02-22 15:19:02.512+00'),
	(1441, 'Trọng Khánh Mai', '$2a$08$FAwlxDqnJCOPQYKWCCJVp.lldh1URR8iflWtHjgZdHiFjUFPnpf5O', 3, 1, '2021-02-22 15:19:02.513+00', '2021-02-22 15:19:02.513+00'),
	(1442, 'Công Giang Hoàng', '$2a$08$FAwlxDqnJCOPQYKWCCJVp.lldh1URR8iflWtHjgZdHiFjUFPnpf5O', 3, 1, '2021-02-22 15:19:02.514+00', '2021-02-22 15:19:02.514+00'),
	(1443, 'Quốc Phong Tô', '$2a$08$FAwlxDqnJCOPQYKWCCJVp.lldh1URR8iflWtHjgZdHiFjUFPnpf5O', 3, 1, '2021-02-22 15:19:02.516+00', '2021-02-22 15:19:02.516+00'),
	(1444, 'Miss Phước Huệ Ngô', '$2a$08$FAwlxDqnJCOPQYKWCCJVp.lldh1URR8iflWtHjgZdHiFjUFPnpf5O', 3, 1, '2021-02-22 15:19:02.517+00', '2021-02-22 15:19:02.517+00'),
	(1445, 'Hồng Sơn Nguyễn', '$2a$08$FAwlxDqnJCOPQYKWCCJVp.lldh1URR8iflWtHjgZdHiFjUFPnpf5O', 3, 1, '2021-02-22 15:19:02.518+00', '2021-02-22 15:19:02.518+00'),
	(1446, 'Uyển Khanh Dương', '$2a$08$FAwlxDqnJCOPQYKWCCJVp.lldh1URR8iflWtHjgZdHiFjUFPnpf5O', 3, 1, '2021-02-22 15:19:02.519+00', '2021-02-22 15:19:02.519+00'),
	(1447, 'Linh Hà Đinh', '$2a$08$FAwlxDqnJCOPQYKWCCJVp.lldh1URR8iflWtHjgZdHiFjUFPnpf5O', 3, 1, '2021-02-22 15:19:02.521+00', '2021-02-22 15:19:02.521+00'),
	(1448, 'Anh Phương Tăng', '$2a$08$FAwlxDqnJCOPQYKWCCJVp.lldh1URR8iflWtHjgZdHiFjUFPnpf5O', 3, 1, '2021-02-22 15:19:02.522+00', '2021-02-22 15:19:02.522+00'),
	(1449, 'Bích Thủy Đinh', '$2a$08$FAwlxDqnJCOPQYKWCCJVp.lldh1URR8iflWtHjgZdHiFjUFPnpf5O', 3, 1, '2021-02-22 15:19:02.523+00', '2021-02-22 15:19:02.523+00'),
	(1450, 'Tấn Trương Phan', '$2a$08$FAwlxDqnJCOPQYKWCCJVp.lldh1URR8iflWtHjgZdHiFjUFPnpf5O', 3, 1, '2021-02-22 15:19:02.524+00', '2021-02-22 15:19:02.524+00'),
	(1451, 'Thanh Mai Phùng', '$2a$08$FAwlxDqnJCOPQYKWCCJVp.lldh1URR8iflWtHjgZdHiFjUFPnpf5O', 3, 1, '2021-02-22 15:19:02.525+00', '2021-02-22 15:19:02.525+00'),
	(1452, 'Liên Kiệt Bùi', '$2a$08$FAwlxDqnJCOPQYKWCCJVp.lldh1URR8iflWtHjgZdHiFjUFPnpf5O', 3, 1, '2021-02-22 15:19:02.527+00', '2021-02-22 15:19:02.527+00'),
	(1453, 'Thụy Miên Trương', '$2a$08$FAwlxDqnJCOPQYKWCCJVp.lldh1URR8iflWtHjgZdHiFjUFPnpf5O', 3, 1, '2021-02-22 15:19:02.528+00', '2021-02-22 15:19:02.528+00'),
	(1454, 'Minh Thủy Phan', '$2a$08$FAwlxDqnJCOPQYKWCCJVp.lldh1URR8iflWtHjgZdHiFjUFPnpf5O', 3, 1, '2021-02-22 15:19:02.529+00', '2021-02-22 15:19:02.529+00'),
	(1455, 'Dr. Tâm Ðoan Đặng', '$2a$08$FAwlxDqnJCOPQYKWCCJVp.lldh1URR8iflWtHjgZdHiFjUFPnpf5O', 3, 1, '2021-02-22 15:19:02.531+00', '2021-02-22 15:19:02.531+00'),
	(1456, 'Tuấn Minh Bùi', '$2a$08$FAwlxDqnJCOPQYKWCCJVp.lldh1URR8iflWtHjgZdHiFjUFPnpf5O', 3, 1, '2021-02-22 15:19:02.533+00', '2021-02-22 15:19:02.533+00'),
	(1457, 'An Tường Hà', '$2a$08$FAwlxDqnJCOPQYKWCCJVp.lldh1URR8iflWtHjgZdHiFjUFPnpf5O', 3, 1, '2021-02-22 15:19:02.534+00', '2021-02-22 15:19:02.534+00'),
	(1458, 'Quang Vinh Phùng', '$2a$08$FAwlxDqnJCOPQYKWCCJVp.lldh1URR8iflWtHjgZdHiFjUFPnpf5O', 3, 1, '2021-02-22 15:19:02.535+00', '2021-02-22 15:19:02.535+00'),
	(1459, 'Duyên Nương Ngô', '$2a$08$FAwlxDqnJCOPQYKWCCJVp.lldh1URR8iflWtHjgZdHiFjUFPnpf5O', 3, 1, '2021-02-22 15:19:02.536+00', '2021-02-22 15:19:02.536+00'),
	(1460, 'Hiểu Lam Ngô', '$2a$08$FAwlxDqnJCOPQYKWCCJVp.lldh1URR8iflWtHjgZdHiFjUFPnpf5O', 3, 1, '2021-02-22 15:19:02.538+00', '2021-02-22 15:19:02.538+00'),
	(1461, 'Mr. Ngọc Tiển Nguyễn', '$2a$08$FAwlxDqnJCOPQYKWCCJVp.lldh1URR8iflWtHjgZdHiFjUFPnpf5O', 3, 1, '2021-02-22 15:19:02.539+00', '2021-02-22 15:19:02.539+00'),
	(1462, 'Nghị Lực Lâm', '$2a$08$FAwlxDqnJCOPQYKWCCJVp.lldh1URR8iflWtHjgZdHiFjUFPnpf5O', 3, 1, '2021-02-22 15:19:02.54+00', '2021-02-22 15:19:02.54+00'),
	(1463, 'Ngọc Thi Lâm', '$2a$08$FAwlxDqnJCOPQYKWCCJVp.lldh1URR8iflWtHjgZdHiFjUFPnpf5O', 3, 1, '2021-02-22 15:19:02.541+00', '2021-02-22 15:19:02.541+00'),
	(1464, 'Ms. Khánh Giang Lý', '$2a$08$FAwlxDqnJCOPQYKWCCJVp.lldh1URR8iflWtHjgZdHiFjUFPnpf5O', 3, 1, '2021-02-22 15:19:02.543+00', '2021-02-22 15:19:02.543+00'),
	(1465, 'Yên Nhi Hà', '$2a$08$FAwlxDqnJCOPQYKWCCJVp.lldh1URR8iflWtHjgZdHiFjUFPnpf5O', 3, 1, '2021-02-22 15:19:02.544+00', '2021-02-22 15:19:02.544+00'),
	(1466, 'Nam Phương Đỗ', '$2a$08$FAwlxDqnJCOPQYKWCCJVp.lldh1URR8iflWtHjgZdHiFjUFPnpf5O', 3, 1, '2021-02-22 15:19:02.545+00', '2021-02-22 15:19:02.545+00'),
	(1467, 'Hải Uyên Trần', '$2a$08$FAwlxDqnJCOPQYKWCCJVp.lldh1URR8iflWtHjgZdHiFjUFPnpf5O', 3, 1, '2021-02-22 15:19:02.547+00', '2021-02-22 15:19:02.547+00'),
	(1468, 'Dã Lan Bùi II', '$2a$08$FAwlxDqnJCOPQYKWCCJVp.lldh1URR8iflWtHjgZdHiFjUFPnpf5O', 3, 1, '2021-02-22 15:19:02.548+00', '2021-02-22 15:19:02.548+00'),
	(1469, 'Uyển Như Ngô', '$2a$08$FAwlxDqnJCOPQYKWCCJVp.lldh1URR8iflWtHjgZdHiFjUFPnpf5O', 3, 1, '2021-02-22 15:19:02.549+00', '2021-02-22 15:19:02.549+00'),
	(1470, 'Hiếu Học Đỗ', '$2a$08$FAwlxDqnJCOPQYKWCCJVp.lldh1URR8iflWtHjgZdHiFjUFPnpf5O', 3, 1, '2021-02-22 15:19:02.55+00', '2021-02-22 15:19:02.55+00'),
	(1471, 'Gia Khiêm Vương', '$2a$08$FAwlxDqnJCOPQYKWCCJVp.lldh1URR8iflWtHjgZdHiFjUFPnpf5O', 3, 1, '2021-02-22 15:19:02.552+00', '2021-02-22 15:19:02.552+00'),
	(1472, 'Công Án Hoàng', '$2a$08$FAwlxDqnJCOPQYKWCCJVp.lldh1URR8iflWtHjgZdHiFjUFPnpf5O', 3, 1, '2021-02-22 15:19:02.553+00', '2021-02-22 15:19:02.553+00'),
	(1473, 'Xuân Nghi Lê', '$2a$08$FAwlxDqnJCOPQYKWCCJVp.lldh1URR8iflWtHjgZdHiFjUFPnpf5O', 3, 1, '2021-02-22 15:19:02.554+00', '2021-02-22 15:19:02.554+00'),
	(1474, 'Dr. Hướng Dương Mai', '$2a$08$FAwlxDqnJCOPQYKWCCJVp.lldh1URR8iflWtHjgZdHiFjUFPnpf5O', 3, 1, '2021-02-22 15:19:02.555+00', '2021-02-22 15:19:02.555+00'),
	(1475, 'Hồng Phúc Đào', '$2a$08$FAwlxDqnJCOPQYKWCCJVp.lldh1URR8iflWtHjgZdHiFjUFPnpf5O', 3, 1, '2021-02-22 15:19:02.557+00', '2021-02-22 15:19:02.557+00'),
	(1476, 'Lương Tài Mai', '$2a$08$FAwlxDqnJCOPQYKWCCJVp.lldh1URR8iflWtHjgZdHiFjUFPnpf5O', 3, 1, '2021-02-22 15:19:02.558+00', '2021-02-22 15:19:02.558+00'),
	(1477, 'Mr. Quang Vinh Hà', '$2a$08$FAwlxDqnJCOPQYKWCCJVp.lldh1URR8iflWtHjgZdHiFjUFPnpf5O', 3, 1, '2021-02-22 15:19:02.559+00', '2021-02-22 15:19:02.559+00'),
	(1478, 'Minh Mẫn Phan', '$2a$08$FAwlxDqnJCOPQYKWCCJVp.lldh1URR8iflWtHjgZdHiFjUFPnpf5O', 3, 1, '2021-02-22 15:19:02.56+00', '2021-02-22 15:19:02.56+00'),
	(1479, 'Tâm Hạnh Đoàn', '$2a$08$FAwlxDqnJCOPQYKWCCJVp.lldh1URR8iflWtHjgZdHiFjUFPnpf5O', 3, 1, '2021-02-22 15:19:02.561+00', '2021-02-22 15:19:02.561+00'),
	(1480, 'Chi Lan Nguyễn', '$2a$08$FAwlxDqnJCOPQYKWCCJVp.lldh1URR8iflWtHjgZdHiFjUFPnpf5O', 3, 1, '2021-02-22 15:19:02.562+00', '2021-02-22 15:19:02.562+00'),
	(1481, 'Mr. Ðức Toản Tô', '$2a$08$FAwlxDqnJCOPQYKWCCJVp.lldh1URR8iflWtHjgZdHiFjUFPnpf5O', 3, 1, '2021-02-22 15:19:02.564+00', '2021-02-22 15:19:02.564+00'),
	(1482, 'Gia Bạch Lâm', '$2a$08$FAwlxDqnJCOPQYKWCCJVp.lldh1URR8iflWtHjgZdHiFjUFPnpf5O', 3, 1, '2021-02-22 15:19:02.565+00', '2021-02-22 15:19:02.565+00'),
	(1483, 'Dr. Duy Hiền Dương', '$2a$08$FAwlxDqnJCOPQYKWCCJVp.lldh1URR8iflWtHjgZdHiFjUFPnpf5O', 3, 1, '2021-02-22 15:19:02.566+00', '2021-02-22 15:19:02.566+00'),
	(1484, 'Trường Thành Đinh', '$2a$08$FAwlxDqnJCOPQYKWCCJVp.lldh1URR8iflWtHjgZdHiFjUFPnpf5O', 3, 1, '2021-02-22 15:19:02.567+00', '2021-02-22 15:19:02.567+00'),
	(1485, 'Quý Vĩnh Đặng', '$2a$08$FAwlxDqnJCOPQYKWCCJVp.lldh1URR8iflWtHjgZdHiFjUFPnpf5O', 3, 1, '2021-02-22 15:19:02.569+00', '2021-02-22 15:19:02.569+00'),
	(1486, 'Xuân Nhiên Hồ', '$2a$08$FAwlxDqnJCOPQYKWCCJVp.lldh1URR8iflWtHjgZdHiFjUFPnpf5O', 3, 1, '2021-02-22 15:19:02.57+00', '2021-02-22 15:19:02.57+00'),
	(1487, 'Như Khang Trần', '$2a$08$FAwlxDqnJCOPQYKWCCJVp.lldh1URR8iflWtHjgZdHiFjUFPnpf5O', 3, 1, '2021-02-22 15:19:02.571+00', '2021-02-22 15:19:02.571+00'),
	(1488, 'Bích Hợp Tô', '$2a$08$FAwlxDqnJCOPQYKWCCJVp.lldh1URR8iflWtHjgZdHiFjUFPnpf5O', 3, 1, '2021-02-22 15:19:02.572+00', '2021-02-22 15:19:02.572+00'),
	(1489, 'Việt Khang Đặng', '$2a$08$FAwlxDqnJCOPQYKWCCJVp.lldh1URR8iflWtHjgZdHiFjUFPnpf5O', 3, 1, '2021-02-22 15:19:02.574+00', '2021-02-22 15:19:02.574+00'),
	(1490, 'Quang Khải Hà', '$2a$08$FAwlxDqnJCOPQYKWCCJVp.lldh1URR8iflWtHjgZdHiFjUFPnpf5O', 3, 1, '2021-02-22 15:19:02.575+00', '2021-02-22 15:19:02.575+00'),
	(1491, 'Kim Cương Phạm', '$2a$08$FAwlxDqnJCOPQYKWCCJVp.lldh1URR8iflWtHjgZdHiFjUFPnpf5O', 3, 1, '2021-02-22 15:19:02.576+00', '2021-02-22 15:19:02.576+00'),
	(1492, 'Thanh Tuyết Phan', '$2a$08$FAwlxDqnJCOPQYKWCCJVp.lldh1URR8iflWtHjgZdHiFjUFPnpf5O', 3, 1, '2021-02-22 15:19:02.577+00', '2021-02-22 15:19:02.577+00'),
	(1493, 'Khải Ca Vương IV', '$2a$08$FAwlxDqnJCOPQYKWCCJVp.lldh1URR8iflWtHjgZdHiFjUFPnpf5O', 3, 1, '2021-02-22 15:19:02.579+00', '2021-02-22 15:19:02.579+00'),
	(1494, 'Ðồng Khánh Phùng', '$2a$08$FAwlxDqnJCOPQYKWCCJVp.lldh1URR8iflWtHjgZdHiFjUFPnpf5O', 3, 1, '2021-02-22 15:19:02.58+00', '2021-02-22 15:19:02.58+00'),
	(1495, 'Khắc Dũng Lê', '$2a$08$FAwlxDqnJCOPQYKWCCJVp.lldh1URR8iflWtHjgZdHiFjUFPnpf5O', 3, 1, '2021-02-22 15:19:02.581+00', '2021-02-22 15:19:02.581+00'),
	(1496, 'Bảo Ðịnh Hồ', '$2a$08$FAwlxDqnJCOPQYKWCCJVp.lldh1URR8iflWtHjgZdHiFjUFPnpf5O', 3, 1, '2021-02-22 15:19:02.582+00', '2021-02-22 15:19:02.582+00'),
	(1497, 'Hữu Phước Lâm', '$2a$08$FAwlxDqnJCOPQYKWCCJVp.lldh1URR8iflWtHjgZdHiFjUFPnpf5O', 3, 1, '2021-02-22 15:19:02.583+00', '2021-02-22 15:19:02.583+00'),
	(1498, 'Tấn Phát Đỗ', '$2a$08$FAwlxDqnJCOPQYKWCCJVp.lldh1URR8iflWtHjgZdHiFjUFPnpf5O', 3, 1, '2021-02-22 15:19:02.585+00', '2021-02-22 15:19:02.585+00'),
	(1499, 'Việt Hương Đinh', '$2a$08$FAwlxDqnJCOPQYKWCCJVp.lldh1URR8iflWtHjgZdHiFjUFPnpf5O', 3, 1, '2021-02-22 15:19:02.586+00', '2021-02-22 15:19:02.586+00'),
	(1500, 'Trúc Vy Hồ PhD', '$2a$08$FAwlxDqnJCOPQYKWCCJVp.lldh1URR8iflWtHjgZdHiFjUFPnpf5O', 3, 1, '2021-02-22 15:19:02.587+00', '2021-02-22 15:19:02.587+00');


--
-- Data for Name: project_assignees; Type: TABLE DATA; Schema: public; Owner: -
--

INSERT INTO public.project_assignees VALUES
	(1, 12),
	(1, 13),
	(1, 14),
	(1, 15),
	(1, 16),
	(1, 17),
	(1, 18),
	(1, 19),
	(1, 20),
	(1, 21),
	(1, 22),
	(1, 23),
	(1, 24),
	(1, 25),
	(1, 26),
	(1, 27),
	(1, 28),
	(1, 29),
	(1, 30),
	(1, 31),
	(1, 32),
	(1, 33),
	(1, 34),
	(1, 35),
	(1, 36),
	(1, 37),
	(1, 38),
	(1, 39),
	(1, 40),
	(1, 41),
	(2, 22),
	(2, 23),
	(2, 24),
	(2, 25),
	(2, 26),
	(2, 27),
	(2, 28),
	(2, 29),
	(2, 30),
	(2, 31),
	(2, 32),
	(2, 33),
	(2, 34),
	(2, 35),
	(2, 36),
	(2, 37),
	(2, 38),
	(2, 39),
	(2, 40),
	(2, 41),
	(2, 42),
	(2, 43),
	(2, 44),
	(2, 45),
	(2, 46),
	(2, 47),
	(2, 48),
	(2, 49),
	(2, 50),
	(2, 51),
	(3, 32),
	(3, 33),
	(3, 34),
	(3, 35),
	(3, 36),
	(3, 37),
	(3, 38),
	(3, 39),
	(3, 40),
	(3, 41),
	(3, 42),
	(3, 43),
	(3, 44),
	(3, 45),
	(3, 46),
	(3, 47),
	(3, 48),
	(3, 49),
	(3, 50),
	(3, 51),
	(3, 52),
	(3, 53),
	(3, 54),
	(3, 55),
	(3, 56),
	(3, 57),
	(3, 58),
	(3, 59),
	(3, 60),
	(3, 61),
	(4, 42),
	(4, 43),
	(4, 44),
	(4, 45),
	(4, 46),
	(4, 47),
	(4, 48),
	(4, 49),
	(4, 50),
	(4, 51),
	(4, 52),
	(4, 53),
	(4, 54),
	(4, 55),
	(4, 56),
	(4, 57),
	(4, 58),
	(4, 59),
	(4, 60),
	(4, 61),
	(4, 62),
	(4, 63),
	(4, 64),
	(4, 65),
	(4, 66),
	(4, 67),
	(4, 68),
	(4, 69),
	(4, 70),
	(4, 71),
	(5, 52),
	(5, 53),
	(5, 54),
	(5, 55),
	(5, 56),
	(5, 57),
	(5, 58),
	(5, 59),
	(5, 60),
	(5, 61),
	(5, 62),
	(5, 63),
	(5, 64),
	(5, 65),
	(5, 66),
	(5, 67),
	(5, 68),
	(5, 69),
	(5, 70),
	(5, 71),
	(5, 72),
	(5, 73),
	(5, 74),
	(5, 75),
	(5, 76),
	(5, 77),
	(5, 78),
	(5, 79),
	(5, 80),
	(5, 81),
	(6, 62),
	(6, 63),
	(6, 64),
	(6, 65),
	(6, 66),
	(6, 67),
	(6, 68),
	(6, 69),
	(6, 70),
	(6, 71),
	(6, 72),
	(6, 73),
	(6, 74),
	(6, 75),
	(6, 76),
	(6, 77),
	(6, 78),
	(6, 79),
	(6, 80),
	(6, 81),
	(6, 82),
	(6, 83),
	(6, 84),
	(6, 85),
	(6, 86),
	(6, 87),
	(6, 88),
	(6, 89),
	(6, 90),
	(6, 91),
	(7, 72),
	(7, 73),
	(7, 74),
	(7, 75),
	(7, 76),
	(7, 77),
	(7, 78),
	(7, 79),
	(7, 80),
	(7, 81),
	(7, 82),
	(7, 83),
	(7, 84),
	(7, 85),
	(7, 86),
	(7, 87),
	(7, 88),
	(7, 89),
	(7, 90),
	(7, 91),
	(7, 92),
	(7, 93),
	(7, 94),
	(7, 95),
	(7, 96),
	(7, 97),
	(7, 98),
	(7, 99),
	(7, 100),
	(7, 101),
	(8, 82),
	(8, 83),
	(8, 84),
	(8, 85),
	(8, 86),
	(8, 87),
	(8, 88),
	(8, 89),
	(8, 90),
	(8, 91),
	(8, 92),
	(8, 93),
	(8, 94),
	(8, 95),
	(8, 96),
	(8, 97),
	(8, 98),
	(8, 99),
	(8, 100),
	(8, 101),
	(8, 102),
	(8, 103),
	(8, 104),
	(8, 105),
	(8, 106),
	(8, 107),
	(8, 108),
	(8, 109),
	(8, 110),
	(8, 111),
	(9, 92),
	(9, 93),
	(9, 94),
	(9, 95),
	(9, 96),
	(9, 97),
	(9, 98),
	(9, 99),
	(9, 100),
	(9, 101);
INSERT INTO public.project_assignees VALUES
	(9, 102),
	(9, 103),
	(9, 104),
	(9, 105),
	(9, 106),
	(9, 107),
	(9, 108),
	(9, 109),
	(9, 110),
	(9, 111),
	(9, 112),
	(9, 113),
	(9, 114),
	(9, 115),
	(9, 116),
	(9, 117),
	(9, 118),
	(9, 119),
	(9, 120),
	(9, 121),
	(10, 102),
	(10, 103),
	(10, 104),
	(10, 105),
	(10, 106),
	(10, 107),
	(10, 108),
	(10, 109),
	(10, 110),
	(10, 111),
	(10, 112),
	(10, 113),
	(10, 114),
	(10, 115),
	(10, 116),
	(10, 117),
	(10, 118),
	(10, 119),
	(10, 120),
	(10, 121),
	(10, 122),
	(10, 123),
	(10, 124),
	(10, 125),
	(10, 126),
	(10, 127),
	(10, 128),
	(10, 129),
	(10, 130),
	(10, 131),
	(11, 112),
	(11, 113),
	(11, 114),
	(11, 115),
	(11, 116),
	(11, 117),
	(11, 118),
	(11, 119),
	(11, 120),
	(11, 121),
	(11, 122),
	(11, 123),
	(11, 124),
	(11, 125),
	(11, 126),
	(11, 127),
	(11, 128),
	(11, 129),
	(11, 130),
	(11, 131),
	(11, 132),
	(11, 133),
	(11, 134),
	(11, 135),
	(11, 136),
	(11, 137),
	(11, 138),
	(11, 139),
	(11, 140),
	(11, 141),
	(12, 122),
	(12, 123),
	(12, 124),
	(12, 125),
	(12, 126),
	(12, 127),
	(12, 128),
	(12, 129),
	(12, 130),
	(12, 131),
	(12, 132),
	(12, 133),
	(12, 134),
	(12, 135),
	(12, 136),
	(12, 137),
	(12, 138),
	(12, 139),
	(12, 140),
	(12, 141),
	(12, 142),
	(12, 143),
	(12, 144),
	(12, 145),
	(12, 146),
	(12, 147),
	(12, 148),
	(12, 149),
	(12, 150),
	(12, 151),
	(13, 132),
	(13, 133),
	(13, 134),
	(13, 135),
	(13, 136),
	(13, 137),
	(13, 138),
	(13, 139),
	(13, 140),
	(13, 141),
	(13, 142),
	(13, 143),
	(13, 144),
	(13, 145),
	(13, 146),
	(13, 147),
	(13, 148),
	(13, 149),
	(13, 150),
	(13, 151),
	(13, 152),
	(13, 153),
	(13, 154),
	(13, 155),
	(13, 156),
	(13, 157),
	(13, 158),
	(13, 159),
	(13, 160),
	(13, 161),
	(14, 142),
	(14, 143),
	(14, 144),
	(14, 145),
	(14, 146),
	(14, 147),
	(14, 148),
	(14, 149),
	(14, 150),
	(14, 151),
	(14, 152),
	(14, 153),
	(14, 154),
	(14, 155),
	(14, 156),
	(14, 157),
	(14, 158),
	(14, 159),
	(14, 160),
	(14, 161),
	(14, 162),
	(14, 163),
	(14, 164),
	(14, 165),
	(14, 166),
	(14, 167),
	(14, 168),
	(14, 169),
	(14, 170),
	(14, 171),
	(15, 152),
	(15, 153),
	(15, 154),
	(15, 155),
	(15, 156),
	(15, 157),
	(15, 158),
	(15, 159),
	(15, 160),
	(15, 161),
	(15, 162),
	(15, 163),
	(15, 164),
	(15, 165),
	(15, 166),
	(15, 167),
	(15, 168),
	(15, 169),
	(15, 170),
	(15, 171),
	(15, 172),
	(15, 173),
	(15, 174),
	(15, 175),
	(15, 176),
	(15, 177),
	(15, 178),
	(15, 179),
	(15, 180),
	(15, 181),
	(16, 162),
	(16, 163),
	(16, 164),
	(16, 165),
	(16, 166),
	(16, 167),
	(16, 168),
	(16, 169),
	(16, 170),
	(16, 171),
	(16, 172),
	(16, 173),
	(16, 174),
	(16, 175),
	(16, 176),
	(16, 177),
	(16, 178),
	(16, 179),
	(16, 180),
	(16, 181),
	(16, 182),
	(16, 183),
	(16, 184),
	(16, 185),
	(16, 186),
	(16, 187),
	(16, 188),
	(16, 189),
	(16, 190),
	(16, 191),
	(17, 172),
	(17, 173),
	(17, 174),
	(17, 175),
	(17, 176),
	(17, 177),
	(17, 178),
	(17, 179),
	(17, 180),
	(17, 181),
	(17, 182),
	(17, 183),
	(17, 184),
	(17, 185),
	(17, 186),
	(17, 187),
	(17, 188),
	(17, 189),
	(17, 190),
	(17, 191);
INSERT INTO public.project_assignees VALUES
	(17, 192),
	(17, 193),
	(17, 194),
	(17, 195),
	(17, 196),
	(17, 197),
	(17, 198),
	(17, 199),
	(17, 200),
	(17, 201),
	(18, 182),
	(18, 183),
	(18, 184),
	(18, 185),
	(18, 186),
	(18, 187),
	(18, 188),
	(18, 189),
	(18, 190),
	(18, 191),
	(18, 192),
	(18, 193),
	(18, 194),
	(18, 195),
	(18, 196),
	(18, 197),
	(18, 198),
	(18, 199),
	(18, 200),
	(18, 201),
	(18, 202),
	(18, 203),
	(18, 204),
	(18, 205),
	(18, 206),
	(18, 207),
	(18, 208),
	(18, 209),
	(18, 210),
	(18, 211),
	(19, 192),
	(19, 193),
	(19, 194),
	(19, 195),
	(19, 196),
	(19, 197),
	(19, 198),
	(19, 199),
	(19, 200),
	(19, 201),
	(19, 202),
	(19, 203),
	(19, 204),
	(19, 205),
	(19, 206),
	(19, 207),
	(19, 208),
	(19, 209),
	(19, 210),
	(19, 211),
	(19, 212),
	(19, 213),
	(19, 214),
	(19, 215),
	(19, 216),
	(19, 217),
	(19, 218),
	(19, 219),
	(19, 220),
	(19, 221),
	(20, 202),
	(20, 203),
	(20, 204),
	(20, 205),
	(20, 206),
	(20, 207),
	(20, 208),
	(20, 209),
	(20, 210),
	(20, 211),
	(20, 212),
	(20, 213),
	(20, 214),
	(20, 215),
	(20, 216),
	(20, 217),
	(20, 218),
	(20, 219),
	(20, 220),
	(20, 221),
	(20, 222),
	(20, 223),
	(20, 224),
	(20, 225),
	(20, 226),
	(20, 227),
	(20, 228),
	(20, 229),
	(20, 230),
	(20, 231),
	(21, 212),
	(21, 213),
	(21, 214),
	(21, 215),
	(21, 216),
	(21, 217),
	(21, 218),
	(21, 219),
	(21, 220),
	(21, 221),
	(21, 222),
	(21, 223),
	(21, 224),
	(21, 225),
	(21, 226),
	(21, 227),
	(21, 228),
	(21, 229),
	(21, 230),
	(21, 231),
	(21, 232),
	(21, 233),
	(21, 234),
	(21, 235),
	(21, 236),
	(21, 237),
	(21, 238),
	(21, 239),
	(21, 240),
	(21, 241),
	(22, 222),
	(22, 223),
	(22, 224),
	(22, 225),
	(22, 226),
	(22, 227),
	(22, 228),
	(22, 229),
	(22, 230),
	(22, 231),
	(22, 232),
	(22, 233),
	(22, 234),
	(22, 235),
	(22, 236),
	(22, 237),
	(22, 238),
	(22, 239),
	(22, 240),
	(22, 241),
	(22, 242),
	(22, 243),
	(22, 244),
	(22, 245),
	(22, 246),
	(22, 247),
	(22, 248),
	(22, 249),
	(22, 250),
	(22, 251),
	(23, 232),
	(23, 233),
	(23, 234),
	(23, 235),
	(23, 236),
	(23, 237),
	(23, 238),
	(23, 239),
	(23, 240),
	(23, 241),
	(23, 242),
	(23, 243),
	(23, 244),
	(23, 245),
	(23, 246),
	(23, 247),
	(23, 248),
	(23, 249),
	(23, 250),
	(23, 251),
	(23, 252),
	(23, 253),
	(23, 254),
	(23, 255),
	(23, 256),
	(23, 257),
	(23, 258),
	(23, 259),
	(23, 260),
	(23, 261),
	(24, 242),
	(24, 243),
	(24, 244),
	(24, 245),
	(24, 246),
	(24, 247),
	(24, 248),
	(24, 249),
	(24, 250),
	(24, 251),
	(24, 252),
	(24, 253),
	(24, 254),
	(24, 255),
	(24, 256),
	(24, 257),
	(24, 258),
	(24, 259),
	(24, 260),
	(24, 261),
	(24, 262),
	(24, 263),
	(24, 264),
	(24, 265),
	(24, 266),
	(24, 267),
	(24, 268),
	(24, 269),
	(24, 270),
	(24, 271),
	(25, 252),
	(25, 253),
	(25, 254),
	(25, 255),
	(25, 256),
	(25, 257),
	(25, 258),
	(25, 259),
	(25, 260),
	(25, 261),
	(25, 262),
	(25, 263),
	(25, 264),
	(25, 265),
	(25, 266),
	(25, 267),
	(25, 268),
	(25, 269),
	(25, 270),
	(25, 271),
	(25, 272),
	(25, 273),
	(25, 274),
	(25, 275),
	(25, 276),
	(25, 277),
	(25, 278),
	(25, 279),
	(25, 280),
	(25, 281);
INSERT INTO public.project_assignees VALUES
	(26, 262),
	(26, 263),
	(26, 264),
	(26, 265),
	(26, 266),
	(26, 267),
	(26, 268),
	(26, 269),
	(26, 270),
	(26, 271),
	(26, 272),
	(26, 273),
	(26, 274),
	(26, 275),
	(26, 276),
	(26, 277),
	(26, 278),
	(26, 279),
	(26, 280),
	(26, 281),
	(26, 282),
	(26, 283),
	(26, 284),
	(26, 285),
	(26, 286),
	(26, 287),
	(26, 288),
	(26, 289),
	(26, 290),
	(26, 291),
	(27, 272),
	(27, 273),
	(27, 274),
	(27, 275),
	(27, 276),
	(27, 277),
	(27, 278),
	(27, 279),
	(27, 280),
	(27, 281),
	(27, 282),
	(27, 283),
	(27, 284),
	(27, 285),
	(27, 286),
	(27, 287),
	(27, 288),
	(27, 289),
	(27, 290),
	(27, 291),
	(27, 292),
	(27, 293),
	(27, 294),
	(27, 295),
	(27, 296),
	(27, 297),
	(27, 298),
	(27, 299),
	(27, 300),
	(27, 301),
	(28, 282),
	(28, 283),
	(28, 284),
	(28, 285),
	(28, 286),
	(28, 287),
	(28, 288),
	(28, 289),
	(28, 290),
	(28, 291),
	(28, 292),
	(28, 293),
	(28, 294),
	(28, 295),
	(28, 296),
	(28, 297),
	(28, 298),
	(28, 299),
	(28, 300),
	(28, 301),
	(28, 302),
	(28, 303),
	(28, 304),
	(28, 305),
	(28, 306),
	(28, 307),
	(28, 308),
	(28, 309),
	(28, 310),
	(28, 311),
	(29, 292),
	(29, 293),
	(29, 294),
	(29, 295),
	(29, 296),
	(29, 297),
	(29, 298),
	(29, 299),
	(29, 300),
	(29, 301),
	(29, 302),
	(29, 303),
	(29, 304),
	(29, 305),
	(29, 306),
	(29, 307),
	(29, 308),
	(29, 309),
	(29, 310),
	(29, 311),
	(29, 312),
	(29, 313),
	(29, 314),
	(29, 315),
	(29, 316),
	(29, 317),
	(29, 318),
	(29, 319),
	(29, 320),
	(29, 321),
	(30, 302),
	(30, 303),
	(30, 304),
	(30, 305),
	(30, 306),
	(30, 307),
	(30, 308),
	(30, 309),
	(30, 310),
	(30, 311),
	(30, 312),
	(30, 313),
	(30, 314),
	(30, 315),
	(30, 316),
	(30, 317),
	(30, 318),
	(30, 319),
	(30, 320),
	(30, 321),
	(30, 322),
	(30, 323),
	(30, 324),
	(30, 325),
	(30, 326),
	(30, 327),
	(30, 328),
	(30, 329),
	(30, 330),
	(30, 331),
	(31, 312),
	(31, 313),
	(31, 314),
	(31, 315),
	(31, 316),
	(31, 317),
	(31, 318),
	(31, 319),
	(31, 320),
	(31, 321),
	(31, 322),
	(31, 323),
	(31, 324),
	(31, 325),
	(31, 326),
	(31, 327),
	(31, 328),
	(31, 329),
	(31, 330),
	(31, 331),
	(31, 332),
	(31, 333),
	(31, 334),
	(31, 335),
	(31, 336),
	(31, 337),
	(31, 338),
	(31, 339),
	(31, 340),
	(31, 341),
	(32, 322),
	(32, 323),
	(32, 324),
	(32, 325),
	(32, 326),
	(32, 327),
	(32, 328),
	(32, 329),
	(32, 330),
	(32, 331),
	(32, 332),
	(32, 333),
	(32, 334),
	(32, 335),
	(32, 336),
	(32, 337),
	(32, 338),
	(32, 339),
	(32, 340),
	(32, 341),
	(32, 342),
	(32, 343),
	(32, 344),
	(32, 345),
	(32, 346),
	(32, 347),
	(32, 348),
	(32, 349),
	(32, 350),
	(32, 351),
	(33, 332),
	(33, 333),
	(33, 334),
	(33, 335),
	(33, 336),
	(33, 337),
	(33, 338),
	(33, 339),
	(33, 340),
	(33, 341),
	(33, 342),
	(33, 343),
	(33, 344),
	(33, 345),
	(33, 346),
	(33, 347),
	(33, 348),
	(33, 349),
	(33, 350),
	(33, 351),
	(33, 352),
	(33, 353),
	(33, 354),
	(33, 355),
	(33, 356),
	(33, 357),
	(33, 358),
	(33, 359),
	(33, 360),
	(33, 361),
	(34, 342),
	(34, 343),
	(34, 344),
	(34, 345),
	(34, 346),
	(34, 347),
	(34, 348),
	(34, 349),
	(34, 350),
	(34, 351);
INSERT INTO public.project_assignees VALUES
	(34, 352),
	(34, 353),
	(34, 354),
	(34, 355),
	(34, 356),
	(34, 357),
	(34, 358),
	(34, 359),
	(34, 360),
	(34, 361),
	(34, 362),
	(34, 363),
	(34, 364),
	(34, 365),
	(34, 366),
	(34, 367),
	(34, 368),
	(34, 369),
	(34, 370),
	(34, 371),
	(35, 352),
	(35, 353),
	(35, 354),
	(35, 355),
	(35, 356),
	(35, 357),
	(35, 358),
	(35, 359),
	(35, 360),
	(35, 361),
	(35, 362),
	(35, 363),
	(35, 364),
	(35, 365),
	(35, 366),
	(35, 367),
	(35, 368),
	(35, 369),
	(35, 370),
	(35, 371),
	(35, 372),
	(35, 373),
	(35, 374),
	(35, 375),
	(35, 376),
	(35, 377),
	(35, 378),
	(35, 379),
	(35, 380),
	(35, 381),
	(36, 362),
	(36, 363),
	(36, 364),
	(36, 365),
	(36, 366),
	(36, 367),
	(36, 368),
	(36, 369),
	(36, 370),
	(36, 371),
	(36, 372),
	(36, 373),
	(36, 374),
	(36, 375),
	(36, 376),
	(36, 377),
	(36, 378),
	(36, 379),
	(36, 380),
	(36, 381),
	(36, 382),
	(36, 383),
	(36, 384),
	(36, 385),
	(36, 386),
	(36, 387),
	(36, 388),
	(36, 389),
	(36, 390),
	(36, 391),
	(37, 372),
	(37, 373),
	(37, 374),
	(37, 375),
	(37, 376),
	(37, 377),
	(37, 378),
	(37, 379),
	(37, 380),
	(37, 381),
	(37, 382),
	(37, 383),
	(37, 384),
	(37, 385),
	(37, 386),
	(37, 387),
	(37, 388),
	(37, 389),
	(37, 390),
	(37, 391),
	(37, 392),
	(37, 393),
	(37, 394),
	(37, 395),
	(37, 396),
	(37, 397),
	(37, 398),
	(37, 399),
	(37, 400),
	(37, 401),
	(38, 382),
	(38, 383),
	(38, 384),
	(38, 385),
	(38, 386),
	(38, 387),
	(38, 388),
	(38, 389),
	(38, 390),
	(38, 391),
	(38, 392),
	(38, 393),
	(38, 394),
	(38, 395),
	(38, 396),
	(38, 397),
	(38, 398),
	(38, 399),
	(38, 400),
	(38, 401),
	(38, 402),
	(38, 403),
	(38, 404),
	(38, 405),
	(38, 406),
	(38, 407),
	(38, 408),
	(38, 409),
	(38, 410),
	(38, 411),
	(39, 392),
	(39, 393),
	(39, 394),
	(39, 395),
	(39, 396),
	(39, 397),
	(39, 398),
	(39, 399),
	(39, 400),
	(39, 401),
	(39, 402),
	(39, 403),
	(39, 404),
	(39, 405),
	(39, 406),
	(39, 407),
	(39, 408),
	(39, 409),
	(39, 410),
	(39, 411),
	(39, 412),
	(39, 413),
	(39, 414),
	(39, 415),
	(39, 416),
	(39, 417),
	(39, 418),
	(39, 419),
	(39, 420),
	(39, 421),
	(40, 402),
	(40, 403),
	(40, 404),
	(40, 405),
	(40, 406),
	(40, 407),
	(40, 408),
	(40, 409),
	(40, 410),
	(40, 411),
	(40, 412),
	(40, 413),
	(40, 414),
	(40, 415),
	(40, 416),
	(40, 417),
	(40, 418),
	(40, 419),
	(40, 420),
	(40, 421),
	(40, 422),
	(40, 423),
	(40, 424),
	(40, 425),
	(40, 426),
	(40, 427),
	(40, 428),
	(40, 429),
	(40, 430),
	(40, 431),
	(41, 412),
	(41, 413),
	(41, 414),
	(41, 415),
	(41, 416),
	(41, 417),
	(41, 418),
	(41, 419),
	(41, 420),
	(41, 421),
	(41, 422),
	(41, 423),
	(41, 424),
	(41, 425),
	(41, 426),
	(41, 427),
	(41, 428),
	(41, 429),
	(41, 430),
	(41, 431),
	(41, 432),
	(41, 433),
	(41, 434),
	(41, 435),
	(41, 436),
	(41, 437),
	(41, 438),
	(41, 439),
	(41, 440),
	(41, 441),
	(42, 422),
	(42, 423),
	(42, 424),
	(42, 425),
	(42, 426),
	(42, 427),
	(42, 428),
	(42, 429),
	(42, 430),
	(42, 431),
	(42, 432),
	(42, 433),
	(42, 434),
	(42, 435),
	(42, 436),
	(42, 437),
	(42, 438),
	(42, 439),
	(42, 440),
	(42, 441);
INSERT INTO public.project_assignees VALUES
	(42, 442),
	(42, 443),
	(42, 444),
	(42, 445),
	(42, 446),
	(42, 447),
	(42, 448),
	(42, 449),
	(42, 450),
	(42, 451),
	(43, 432),
	(43, 433),
	(43, 434),
	(43, 435),
	(43, 436),
	(43, 437),
	(43, 438),
	(43, 439),
	(43, 440),
	(43, 441),
	(43, 442),
	(43, 443),
	(43, 444),
	(43, 445),
	(43, 446),
	(43, 447),
	(43, 448),
	(43, 449),
	(43, 450),
	(43, 451),
	(43, 452),
	(43, 453),
	(43, 454),
	(43, 455),
	(43, 456),
	(43, 457),
	(43, 458),
	(43, 459),
	(43, 460),
	(43, 461),
	(44, 442),
	(44, 443),
	(44, 444),
	(44, 445),
	(44, 446),
	(44, 447),
	(44, 448),
	(44, 449),
	(44, 450),
	(44, 451),
	(44, 452),
	(44, 453),
	(44, 454),
	(44, 455),
	(44, 456),
	(44, 457),
	(44, 458),
	(44, 459),
	(44, 460),
	(44, 461),
	(44, 462),
	(44, 463),
	(44, 464),
	(44, 465),
	(44, 466),
	(44, 467),
	(44, 468),
	(44, 469),
	(44, 470),
	(44, 471),
	(45, 452),
	(45, 453),
	(45, 454),
	(45, 455),
	(45, 456),
	(45, 457),
	(45, 458),
	(45, 459),
	(45, 460),
	(45, 461),
	(45, 462),
	(45, 463),
	(45, 464),
	(45, 465),
	(45, 466),
	(45, 467),
	(45, 468),
	(45, 469),
	(45, 470),
	(45, 471),
	(45, 472),
	(45, 473),
	(45, 474),
	(45, 475),
	(45, 476),
	(45, 477),
	(45, 478),
	(45, 479),
	(45, 480),
	(45, 481),
	(46, 462),
	(46, 463),
	(46, 464),
	(46, 465),
	(46, 466),
	(46, 467),
	(46, 468),
	(46, 469),
	(46, 470),
	(46, 471),
	(46, 472),
	(46, 473),
	(46, 474),
	(46, 475),
	(46, 476),
	(46, 477),
	(46, 478),
	(46, 479),
	(46, 480),
	(46, 481),
	(46, 482),
	(46, 483),
	(46, 484),
	(46, 485),
	(46, 486),
	(46, 487),
	(46, 488),
	(46, 489),
	(46, 490),
	(46, 491),
	(47, 472),
	(47, 473),
	(47, 474),
	(47, 475),
	(47, 476),
	(47, 477),
	(47, 478),
	(47, 479),
	(47, 480),
	(47, 481),
	(47, 482),
	(47, 483),
	(47, 484),
	(47, 485),
	(47, 486),
	(47, 487),
	(47, 488),
	(47, 489),
	(47, 490),
	(47, 491),
	(47, 492),
	(47, 493),
	(47, 494),
	(47, 495),
	(47, 496),
	(47, 497),
	(47, 498),
	(47, 499),
	(47, 500),
	(47, 501),
	(48, 482),
	(48, 483),
	(48, 484),
	(48, 485),
	(48, 486),
	(48, 487),
	(48, 488),
	(48, 489),
	(48, 490),
	(48, 491),
	(48, 492),
	(48, 493),
	(48, 494),
	(48, 495),
	(48, 496),
	(48, 497),
	(48, 498),
	(48, 499),
	(48, 500),
	(48, 501),
	(48, 502),
	(48, 503),
	(48, 504),
	(48, 505),
	(48, 506),
	(48, 507),
	(48, 508),
	(48, 509),
	(48, 510),
	(48, 511),
	(49, 492),
	(49, 493),
	(49, 494),
	(49, 495),
	(49, 496),
	(49, 497),
	(49, 498),
	(49, 499),
	(49, 500),
	(49, 501),
	(49, 502),
	(49, 503),
	(49, 504),
	(49, 505),
	(49, 506),
	(49, 507),
	(49, 508),
	(49, 509),
	(49, 510),
	(49, 511),
	(49, 512),
	(49, 513),
	(49, 514),
	(49, 515),
	(49, 516),
	(49, 517),
	(49, 518),
	(49, 519),
	(49, 520),
	(49, 521),
	(50, 502),
	(50, 503),
	(50, 504),
	(50, 505),
	(50, 506),
	(50, 507),
	(50, 508),
	(50, 509),
	(50, 510),
	(50, 511),
	(50, 512),
	(50, 513),
	(50, 514),
	(50, 515),
	(50, 516),
	(50, 517),
	(50, 518),
	(50, 519),
	(50, 520),
	(50, 521),
	(50, 522),
	(50, 523),
	(50, 524),
	(50, 525),
	(50, 526),
	(50, 527),
	(50, 528),
	(50, 529),
	(50, 530),
	(50, 531);
INSERT INTO public.project_assignees VALUES
	(51, 512),
	(51, 513),
	(51, 514),
	(51, 515),
	(51, 516),
	(51, 517),
	(51, 518),
	(51, 519),
	(51, 520),
	(51, 521),
	(51, 522),
	(51, 523),
	(51, 524),
	(51, 525),
	(51, 526),
	(51, 527),
	(51, 528),
	(51, 529),
	(51, 530),
	(51, 531),
	(51, 532),
	(51, 533),
	(51, 534),
	(51, 535),
	(51, 536),
	(51, 537),
	(51, 538),
	(51, 539),
	(51, 540),
	(51, 541),
	(52, 522),
	(52, 523),
	(52, 524),
	(52, 525),
	(52, 526),
	(52, 527),
	(52, 528),
	(52, 529),
	(52, 530),
	(52, 531),
	(52, 532),
	(52, 533),
	(52, 534),
	(52, 535),
	(52, 536),
	(52, 537),
	(52, 538),
	(52, 539),
	(52, 540),
	(52, 541),
	(52, 542),
	(52, 543),
	(52, 544),
	(52, 545),
	(52, 546),
	(52, 547),
	(52, 548),
	(52, 549),
	(52, 550),
	(52, 551),
	(53, 532),
	(53, 533),
	(53, 534),
	(53, 535),
	(53, 536),
	(53, 537),
	(53, 538),
	(53, 539),
	(53, 540),
	(53, 541),
	(53, 542),
	(53, 543),
	(53, 544),
	(53, 545),
	(53, 546),
	(53, 547),
	(53, 548),
	(53, 549),
	(53, 550),
	(53, 551),
	(53, 552),
	(53, 553),
	(53, 554),
	(53, 555),
	(53, 556),
	(53, 557),
	(53, 558),
	(53, 559),
	(53, 560),
	(53, 561),
	(54, 542),
	(54, 543),
	(54, 544),
	(54, 545),
	(54, 546),
	(54, 547),
	(54, 548),
	(54, 549),
	(54, 550),
	(54, 551),
	(54, 552),
	(54, 553),
	(54, 554),
	(54, 555),
	(54, 556),
	(54, 557),
	(54, 558),
	(54, 559),
	(54, 560),
	(54, 561),
	(54, 562),
	(54, 563),
	(54, 564),
	(54, 565),
	(54, 566),
	(54, 567),
	(54, 568),
	(54, 569),
	(54, 570),
	(54, 571),
	(55, 552),
	(55, 553),
	(55, 554),
	(55, 555),
	(55, 556),
	(55, 557),
	(55, 558),
	(55, 559),
	(55, 560),
	(55, 561),
	(55, 562),
	(55, 563),
	(55, 564),
	(55, 565),
	(55, 566),
	(55, 567),
	(55, 568),
	(55, 569),
	(55, 570),
	(55, 571),
	(55, 572),
	(55, 573),
	(55, 574),
	(55, 575),
	(55, 576),
	(55, 577),
	(55, 578),
	(55, 579),
	(55, 580),
	(55, 581),
	(56, 562),
	(56, 563),
	(56, 564),
	(56, 565),
	(56, 566),
	(56, 567),
	(56, 568),
	(56, 569),
	(56, 570),
	(56, 571),
	(56, 572),
	(56, 573),
	(56, 574),
	(56, 575),
	(56, 576),
	(56, 577),
	(56, 578),
	(56, 579),
	(56, 580),
	(56, 581),
	(56, 582),
	(56, 583),
	(56, 584),
	(56, 585),
	(56, 586),
	(56, 587),
	(56, 588),
	(56, 589),
	(56, 590),
	(56, 591),
	(57, 572),
	(57, 573),
	(57, 574),
	(57, 575),
	(57, 576),
	(57, 577),
	(57, 578),
	(57, 579),
	(57, 580),
	(57, 581),
	(57, 582),
	(57, 583),
	(57, 584),
	(57, 585),
	(57, 586),
	(57, 587),
	(57, 588),
	(57, 589),
	(57, 590),
	(57, 591),
	(57, 592),
	(57, 593),
	(57, 594),
	(57, 595),
	(57, 596),
	(57, 597),
	(57, 598),
	(57, 599),
	(57, 600),
	(57, 601),
	(58, 582),
	(58, 583),
	(58, 584),
	(58, 585),
	(58, 586),
	(58, 587),
	(58, 588),
	(58, 589),
	(58, 590),
	(58, 591),
	(58, 592),
	(58, 593),
	(58, 594),
	(58, 595),
	(58, 596),
	(58, 597),
	(58, 598),
	(58, 599),
	(58, 600),
	(58, 601),
	(58, 602),
	(58, 603),
	(58, 604),
	(58, 605),
	(58, 606),
	(58, 607),
	(58, 608),
	(58, 609),
	(58, 610),
	(58, 611),
	(59, 592),
	(59, 593),
	(59, 594),
	(59, 595),
	(59, 596),
	(59, 597),
	(59, 598),
	(59, 599),
	(59, 600),
	(59, 601);
INSERT INTO public.project_assignees VALUES
	(59, 602),
	(59, 603),
	(59, 604),
	(59, 605),
	(59, 606),
	(59, 607),
	(59, 608),
	(59, 609),
	(59, 610),
	(59, 611),
	(59, 612),
	(59, 613),
	(59, 614),
	(59, 615),
	(59, 616),
	(59, 617),
	(59, 618),
	(59, 619),
	(59, 620),
	(59, 621),
	(60, 602),
	(60, 603),
	(60, 604),
	(60, 605),
	(60, 606),
	(60, 607),
	(60, 608),
	(60, 609),
	(60, 610),
	(60, 611),
	(60, 612),
	(60, 613),
	(60, 614),
	(60, 615),
	(60, 616),
	(60, 617),
	(60, 618),
	(60, 619),
	(60, 620),
	(60, 621),
	(60, 622),
	(60, 623),
	(60, 624),
	(60, 625),
	(60, 626),
	(60, 627),
	(60, 628),
	(60, 629),
	(60, 630),
	(60, 631),
	(61, 612),
	(61, 613),
	(61, 614),
	(61, 615),
	(61, 616),
	(61, 617),
	(61, 618),
	(61, 619),
	(61, 620),
	(61, 621),
	(61, 622),
	(61, 623),
	(61, 624),
	(61, 625),
	(61, 626),
	(61, 627),
	(61, 628),
	(61, 629),
	(61, 630),
	(61, 631),
	(61, 632),
	(61, 633),
	(61, 634),
	(61, 635),
	(61, 636),
	(61, 637),
	(61, 638),
	(61, 639),
	(61, 640),
	(61, 641),
	(62, 622),
	(62, 623),
	(62, 624),
	(62, 625),
	(62, 626),
	(62, 627),
	(62, 628),
	(62, 629),
	(62, 630),
	(62, 631),
	(62, 632),
	(62, 633),
	(62, 634),
	(62, 635),
	(62, 636),
	(62, 637),
	(62, 638),
	(62, 639),
	(62, 640),
	(62, 641),
	(62, 642),
	(62, 643),
	(62, 644),
	(62, 645),
	(62, 646),
	(62, 647),
	(62, 648),
	(62, 649),
	(62, 650),
	(62, 651),
	(63, 632),
	(63, 633),
	(63, 634),
	(63, 635),
	(63, 636),
	(63, 637),
	(63, 638),
	(63, 639),
	(63, 640),
	(63, 641),
	(63, 642),
	(63, 643),
	(63, 644),
	(63, 645),
	(63, 646),
	(63, 647),
	(63, 648),
	(63, 649),
	(63, 650),
	(63, 651),
	(63, 652),
	(63, 653),
	(63, 654),
	(63, 655),
	(63, 656),
	(63, 657),
	(63, 658),
	(63, 659),
	(63, 660),
	(63, 661),
	(64, 642),
	(64, 643),
	(64, 644),
	(64, 645),
	(64, 646),
	(64, 647),
	(64, 648),
	(64, 649),
	(64, 650),
	(64, 651),
	(64, 652),
	(64, 653),
	(64, 654),
	(64, 655),
	(64, 656),
	(64, 657),
	(64, 658),
	(64, 659),
	(64, 660),
	(64, 661),
	(64, 662),
	(64, 663),
	(64, 664),
	(64, 665),
	(64, 666),
	(64, 667),
	(64, 668),
	(64, 669),
	(64, 670),
	(64, 671),
	(65, 652),
	(65, 653),
	(65, 654),
	(65, 655),
	(65, 656),
	(65, 657),
	(65, 658),
	(65, 659),
	(65, 660),
	(65, 661),
	(65, 662),
	(65, 663),
	(65, 664),
	(65, 665),
	(65, 666),
	(65, 667),
	(65, 668),
	(65, 669),
	(65, 670),
	(65, 671),
	(65, 672),
	(65, 673),
	(65, 674),
	(65, 675),
	(65, 676),
	(65, 677),
	(65, 678),
	(65, 679),
	(65, 680),
	(65, 681),
	(66, 662),
	(66, 663),
	(66, 664),
	(66, 665),
	(66, 666),
	(66, 667),
	(66, 668),
	(66, 669),
	(66, 670),
	(66, 671),
	(66, 672),
	(66, 673),
	(66, 674),
	(66, 675),
	(66, 676),
	(66, 677),
	(66, 678),
	(66, 679),
	(66, 680),
	(66, 681),
	(66, 682),
	(66, 683),
	(66, 684),
	(66, 685),
	(66, 686),
	(66, 687),
	(66, 688),
	(66, 689),
	(66, 690),
	(66, 691),
	(67, 672),
	(67, 673),
	(67, 674),
	(67, 675),
	(67, 676),
	(67, 677),
	(67, 678),
	(67, 679),
	(67, 680),
	(67, 681),
	(67, 682),
	(67, 683),
	(67, 684),
	(67, 685),
	(67, 686),
	(67, 687),
	(67, 688),
	(67, 689),
	(67, 690),
	(67, 691);
INSERT INTO public.project_assignees VALUES
	(67, 692),
	(67, 693),
	(67, 694),
	(67, 695),
	(67, 696),
	(67, 697),
	(67, 698),
	(67, 699),
	(67, 700),
	(67, 701),
	(68, 682),
	(68, 683),
	(68, 684),
	(68, 685),
	(68, 686),
	(68, 687),
	(68, 688),
	(68, 689),
	(68, 690),
	(68, 691),
	(68, 692),
	(68, 693),
	(68, 694),
	(68, 695),
	(68, 696),
	(68, 697),
	(68, 698),
	(68, 699),
	(68, 700),
	(68, 701),
	(68, 702),
	(68, 703),
	(68, 704),
	(68, 705),
	(68, 706),
	(68, 707),
	(68, 708),
	(68, 709),
	(68, 710),
	(68, 711),
	(69, 692),
	(69, 693),
	(69, 694),
	(69, 695),
	(69, 696),
	(69, 697),
	(69, 698),
	(69, 699),
	(69, 700),
	(69, 701),
	(69, 702),
	(69, 703),
	(69, 704),
	(69, 705),
	(69, 706),
	(69, 707),
	(69, 708),
	(69, 709),
	(69, 710),
	(69, 711),
	(69, 712),
	(69, 713),
	(69, 714),
	(69, 715),
	(69, 716),
	(69, 717),
	(69, 718),
	(69, 719),
	(69, 720),
	(69, 721),
	(70, 702),
	(70, 703),
	(70, 704),
	(70, 705),
	(70, 706),
	(70, 707),
	(70, 708),
	(70, 709),
	(70, 710),
	(70, 711),
	(70, 712),
	(70, 713),
	(70, 714),
	(70, 715),
	(70, 716),
	(70, 717),
	(70, 718),
	(70, 719),
	(70, 720),
	(70, 721),
	(70, 722),
	(70, 723),
	(70, 724),
	(70, 725),
	(70, 726),
	(70, 727),
	(70, 728),
	(70, 729),
	(70, 730),
	(70, 731),
	(71, 712),
	(71, 713),
	(71, 714),
	(71, 715),
	(71, 716),
	(71, 717),
	(71, 718),
	(71, 719),
	(71, 720),
	(71, 721),
	(71, 722),
	(71, 723),
	(71, 724),
	(71, 725),
	(71, 726),
	(71, 727),
	(71, 728),
	(71, 729),
	(71, 730),
	(71, 731),
	(71, 732),
	(71, 733),
	(71, 734),
	(71, 735),
	(71, 736),
	(71, 737),
	(71, 738),
	(71, 739),
	(71, 740),
	(71, 741),
	(72, 722),
	(72, 723),
	(72, 724),
	(72, 725),
	(72, 726),
	(72, 727),
	(72, 728),
	(72, 729),
	(72, 730),
	(72, 731),
	(72, 732),
	(72, 733),
	(72, 734),
	(72, 735),
	(72, 736),
	(72, 737),
	(72, 738),
	(72, 739),
	(72, 740),
	(72, 741),
	(72, 742),
	(72, 743),
	(72, 744),
	(72, 745),
	(72, 746),
	(72, 747),
	(72, 748),
	(72, 749),
	(72, 750),
	(72, 751),
	(73, 732),
	(73, 733),
	(73, 734),
	(73, 735),
	(73, 736),
	(73, 737),
	(73, 738),
	(73, 739),
	(73, 740),
	(73, 741),
	(73, 742),
	(73, 743),
	(73, 744),
	(73, 745),
	(73, 746),
	(73, 747),
	(73, 748),
	(73, 749),
	(73, 750),
	(73, 751),
	(73, 752),
	(73, 753),
	(73, 754),
	(73, 755),
	(73, 756),
	(73, 757),
	(73, 758),
	(73, 759),
	(73, 760),
	(73, 761),
	(74, 742),
	(74, 743),
	(74, 744),
	(74, 745),
	(74, 746),
	(74, 747),
	(74, 748),
	(74, 749),
	(74, 750),
	(74, 751),
	(74, 752),
	(74, 753),
	(74, 754),
	(74, 755),
	(74, 756),
	(74, 757),
	(74, 758),
	(74, 759),
	(74, 760),
	(74, 761),
	(74, 762),
	(74, 763),
	(74, 764),
	(74, 765),
	(74, 766),
	(74, 767),
	(74, 768),
	(74, 769),
	(74, 770),
	(74, 771),
	(75, 752),
	(75, 753),
	(75, 754),
	(75, 755),
	(75, 756),
	(75, 757),
	(75, 758),
	(75, 759),
	(75, 760),
	(75, 761),
	(75, 762),
	(75, 763),
	(75, 764),
	(75, 765),
	(75, 766),
	(75, 767),
	(75, 768),
	(75, 769),
	(75, 770),
	(75, 771),
	(75, 772),
	(75, 773),
	(75, 774),
	(75, 775),
	(75, 776),
	(75, 777),
	(75, 778),
	(75, 779),
	(75, 780),
	(75, 781);
INSERT INTO public.project_assignees VALUES
	(76, 762),
	(76, 763),
	(76, 764),
	(76, 765),
	(76, 766),
	(76, 767),
	(76, 768),
	(76, 769),
	(76, 770),
	(76, 771),
	(76, 772),
	(76, 773),
	(76, 774),
	(76, 775),
	(76, 776),
	(76, 777),
	(76, 778),
	(76, 779),
	(76, 780),
	(76, 781),
	(76, 782),
	(76, 783),
	(76, 784),
	(76, 785),
	(76, 786),
	(76, 787),
	(76, 788),
	(76, 789),
	(76, 790),
	(76, 791),
	(77, 772),
	(77, 773),
	(77, 774),
	(77, 775),
	(77, 776),
	(77, 777),
	(77, 778),
	(77, 779),
	(77, 780),
	(77, 781),
	(77, 782),
	(77, 783),
	(77, 784),
	(77, 785),
	(77, 786),
	(77, 787),
	(77, 788),
	(77, 789),
	(77, 790),
	(77, 791),
	(77, 792),
	(77, 793),
	(77, 794),
	(77, 795),
	(77, 796),
	(77, 797),
	(77, 798),
	(77, 799),
	(77, 800),
	(77, 801),
	(78, 782),
	(78, 783),
	(78, 784),
	(78, 785),
	(78, 786),
	(78, 787),
	(78, 788),
	(78, 789),
	(78, 790),
	(78, 791),
	(78, 792),
	(78, 793),
	(78, 794),
	(78, 795),
	(78, 796),
	(78, 797),
	(78, 798),
	(78, 799),
	(78, 800),
	(78, 801),
	(78, 802),
	(78, 803),
	(78, 804),
	(78, 805),
	(78, 806),
	(78, 807),
	(78, 808),
	(78, 809),
	(78, 810),
	(78, 811),
	(79, 792),
	(79, 793),
	(79, 794),
	(79, 795),
	(79, 796),
	(79, 797),
	(79, 798),
	(79, 799),
	(79, 800),
	(79, 801),
	(79, 802),
	(79, 803),
	(79, 804),
	(79, 805),
	(79, 806),
	(79, 807),
	(79, 808),
	(79, 809),
	(79, 810),
	(79, 811),
	(79, 812),
	(79, 813),
	(79, 814),
	(79, 815),
	(79, 816),
	(79, 817),
	(79, 818),
	(79, 819),
	(79, 820),
	(79, 821),
	(80, 802),
	(80, 803),
	(80, 804),
	(80, 805),
	(80, 806),
	(80, 807),
	(80, 808),
	(80, 809),
	(80, 810),
	(80, 811),
	(80, 812),
	(80, 813),
	(80, 814),
	(80, 815),
	(80, 816),
	(80, 817),
	(80, 818),
	(80, 819),
	(80, 820),
	(80, 821),
	(80, 822),
	(80, 823),
	(80, 824),
	(80, 825),
	(80, 826),
	(80, 827),
	(80, 828),
	(80, 829),
	(80, 830),
	(80, 831),
	(81, 812),
	(81, 813),
	(81, 814),
	(81, 815),
	(81, 816),
	(81, 817),
	(81, 818),
	(81, 819),
	(81, 820),
	(81, 821),
	(81, 822),
	(81, 823),
	(81, 824),
	(81, 825),
	(81, 826),
	(81, 827),
	(81, 828),
	(81, 829),
	(81, 830),
	(81, 831),
	(81, 832),
	(81, 833),
	(81, 834),
	(81, 835),
	(81, 836),
	(81, 837),
	(81, 838),
	(81, 839),
	(81, 840),
	(81, 841),
	(82, 822),
	(82, 823),
	(82, 824),
	(82, 825),
	(82, 826),
	(82, 827),
	(82, 828),
	(82, 829),
	(82, 830),
	(82, 831),
	(82, 832),
	(82, 833),
	(82, 834),
	(82, 835),
	(82, 836),
	(82, 837),
	(82, 838),
	(82, 839),
	(82, 840),
	(82, 841),
	(82, 842),
	(82, 843),
	(82, 844),
	(82, 845),
	(82, 846),
	(82, 847),
	(82, 848),
	(82, 849),
	(82, 850),
	(82, 851),
	(83, 832),
	(83, 833),
	(83, 834),
	(83, 835),
	(83, 836),
	(83, 837),
	(83, 838),
	(83, 839),
	(83, 840),
	(83, 841),
	(83, 842),
	(83, 843),
	(83, 844),
	(83, 845),
	(83, 846),
	(83, 847),
	(83, 848),
	(83, 849),
	(83, 850),
	(83, 851),
	(83, 852),
	(83, 853),
	(83, 854),
	(83, 855),
	(83, 856),
	(83, 857),
	(83, 858),
	(83, 859),
	(83, 860),
	(83, 861),
	(84, 842),
	(84, 843),
	(84, 844),
	(84, 845),
	(84, 846),
	(84, 847),
	(84, 848),
	(84, 849),
	(84, 850),
	(84, 851);
INSERT INTO public.project_assignees VALUES
	(84, 852),
	(84, 853),
	(84, 854),
	(84, 855),
	(84, 856),
	(84, 857),
	(84, 858),
	(84, 859),
	(84, 860),
	(84, 861),
	(84, 862),
	(84, 863),
	(84, 864),
	(84, 865),
	(84, 866),
	(84, 867),
	(84, 868),
	(84, 869),
	(84, 870),
	(84, 871),
	(85, 852),
	(85, 853),
	(85, 854),
	(85, 855),
	(85, 856),
	(85, 857),
	(85, 858),
	(85, 859),
	(85, 860),
	(85, 861),
	(85, 862),
	(85, 863),
	(85, 864),
	(85, 865),
	(85, 866),
	(85, 867),
	(85, 868),
	(85, 869),
	(85, 870),
	(85, 871),
	(85, 872),
	(85, 873),
	(85, 874),
	(85, 875),
	(85, 876),
	(85, 877),
	(85, 878),
	(85, 879),
	(85, 880),
	(85, 881),
	(86, 862),
	(86, 863),
	(86, 864),
	(86, 865),
	(86, 866),
	(86, 867),
	(86, 868),
	(86, 869),
	(86, 870),
	(86, 871),
	(86, 872),
	(86, 873),
	(86, 874),
	(86, 875),
	(86, 876),
	(86, 877),
	(86, 878),
	(86, 879),
	(86, 880),
	(86, 881),
	(86, 882),
	(86, 883),
	(86, 884),
	(86, 885),
	(86, 886),
	(86, 887),
	(86, 888),
	(86, 889),
	(86, 890),
	(86, 891),
	(87, 872),
	(87, 873),
	(87, 874),
	(87, 875),
	(87, 876),
	(87, 877),
	(87, 878),
	(87, 879),
	(87, 880),
	(87, 881),
	(87, 882),
	(87, 883),
	(87, 884),
	(87, 885),
	(87, 886),
	(87, 887),
	(87, 888),
	(87, 889),
	(87, 890),
	(87, 891),
	(87, 892),
	(87, 893),
	(87, 894),
	(87, 895),
	(87, 896),
	(87, 897),
	(87, 898),
	(87, 899),
	(87, 900),
	(87, 901),
	(88, 882),
	(88, 883),
	(88, 884),
	(88, 885),
	(88, 886),
	(88, 887),
	(88, 888),
	(88, 889),
	(88, 890),
	(88, 891),
	(88, 892),
	(88, 893),
	(88, 894),
	(88, 895),
	(88, 896),
	(88, 897),
	(88, 898),
	(88, 899),
	(88, 900),
	(88, 901),
	(88, 902),
	(88, 903),
	(88, 904),
	(88, 905),
	(88, 906),
	(88, 907),
	(88, 908),
	(88, 909),
	(88, 910),
	(88, 911),
	(89, 892),
	(89, 893),
	(89, 894),
	(89, 895),
	(89, 896),
	(89, 897),
	(89, 898),
	(89, 899),
	(89, 900),
	(89, 901),
	(89, 902),
	(89, 903),
	(89, 904),
	(89, 905),
	(89, 906),
	(89, 907),
	(89, 908),
	(89, 909),
	(89, 910),
	(89, 911),
	(89, 912),
	(89, 913),
	(89, 914),
	(89, 915),
	(89, 916),
	(89, 917),
	(89, 918),
	(89, 919),
	(89, 920),
	(89, 921),
	(90, 902),
	(90, 903),
	(90, 904),
	(90, 905),
	(90, 906),
	(90, 907),
	(90, 908),
	(90, 909),
	(90, 910),
	(90, 911),
	(90, 912),
	(90, 913),
	(90, 914),
	(90, 915),
	(90, 916),
	(90, 917),
	(90, 918),
	(90, 919),
	(90, 920),
	(90, 921),
	(90, 922),
	(90, 923),
	(90, 924),
	(90, 925),
	(90, 926),
	(90, 927),
	(90, 928),
	(90, 929),
	(90, 930),
	(90, 931),
	(91, 912),
	(91, 913),
	(91, 914),
	(91, 915),
	(91, 916),
	(91, 917),
	(91, 918),
	(91, 919),
	(91, 920),
	(91, 921),
	(91, 922),
	(91, 923),
	(91, 924),
	(91, 925),
	(91, 926),
	(91, 927),
	(91, 928),
	(91, 929),
	(91, 930),
	(91, 931),
	(91, 932),
	(91, 933),
	(91, 934),
	(91, 935),
	(91, 936),
	(91, 937),
	(91, 938),
	(91, 939),
	(91, 940),
	(91, 941),
	(92, 922),
	(92, 923),
	(92, 924),
	(92, 925),
	(92, 926),
	(92, 927),
	(92, 928),
	(92, 929),
	(92, 930),
	(92, 931),
	(92, 932),
	(92, 933),
	(92, 934),
	(92, 935),
	(92, 936),
	(92, 937),
	(92, 938),
	(92, 939),
	(92, 940),
	(92, 941);
INSERT INTO public.project_assignees VALUES
	(92, 942),
	(92, 943),
	(92, 944),
	(92, 945),
	(92, 946),
	(92, 947),
	(92, 948),
	(92, 949),
	(92, 950),
	(92, 951),
	(93, 932),
	(93, 933),
	(93, 934),
	(93, 935),
	(93, 936),
	(93, 937),
	(93, 938),
	(93, 939),
	(93, 940),
	(93, 941),
	(93, 942),
	(93, 943),
	(93, 944),
	(93, 945),
	(93, 946),
	(93, 947),
	(93, 948),
	(93, 949),
	(93, 950),
	(93, 951),
	(93, 952),
	(93, 953),
	(93, 954),
	(93, 955),
	(93, 956),
	(93, 957),
	(93, 958),
	(93, 959),
	(93, 960),
	(93, 961),
	(94, 942),
	(94, 943),
	(94, 944),
	(94, 945),
	(94, 946),
	(94, 947),
	(94, 948),
	(94, 949),
	(94, 950),
	(94, 951),
	(94, 952),
	(94, 953),
	(94, 954),
	(94, 955),
	(94, 956),
	(94, 957),
	(94, 958),
	(94, 959),
	(94, 960),
	(94, 961),
	(94, 962),
	(94, 963),
	(94, 964),
	(94, 965),
	(94, 966),
	(94, 967),
	(94, 968),
	(94, 969),
	(94, 970),
	(94, 971),
	(95, 952),
	(95, 953),
	(95, 954),
	(95, 955),
	(95, 956),
	(95, 957),
	(95, 958),
	(95, 959),
	(95, 960),
	(95, 961),
	(95, 962),
	(95, 963),
	(95, 964),
	(95, 965),
	(95, 966),
	(95, 967),
	(95, 968),
	(95, 969),
	(95, 970),
	(95, 971),
	(95, 972),
	(95, 973),
	(95, 974),
	(95, 975),
	(95, 976),
	(95, 977),
	(95, 978),
	(95, 979),
	(95, 980),
	(95, 981),
	(96, 962),
	(96, 963),
	(96, 964),
	(96, 965),
	(96, 966),
	(96, 967),
	(96, 968),
	(96, 969),
	(96, 970),
	(96, 971),
	(96, 972),
	(96, 973),
	(96, 974),
	(96, 975),
	(96, 976),
	(96, 977),
	(96, 978),
	(96, 979),
	(96, 980),
	(96, 981),
	(96, 982),
	(96, 983),
	(96, 984),
	(96, 985),
	(96, 986),
	(96, 987),
	(96, 988),
	(96, 989),
	(96, 990),
	(96, 991),
	(97, 972),
	(97, 973),
	(97, 974),
	(97, 975),
	(97, 976),
	(97, 977),
	(97, 978),
	(97, 979),
	(97, 980),
	(97, 981),
	(97, 982),
	(97, 983),
	(97, 984),
	(97, 985),
	(97, 986),
	(97, 987),
	(97, 988),
	(97, 989),
	(97, 990),
	(97, 991),
	(97, 992),
	(97, 993),
	(97, 994),
	(97, 995),
	(97, 996),
	(97, 997),
	(97, 998),
	(97, 999),
	(97, 1000),
	(97, 1001),
	(98, 982),
	(98, 983),
	(98, 984),
	(98, 985),
	(98, 986),
	(98, 987),
	(98, 988),
	(98, 989),
	(98, 990),
	(98, 991),
	(98, 992),
	(98, 993),
	(98, 994),
	(98, 995),
	(98, 996),
	(98, 997),
	(98, 998),
	(98, 999),
	(98, 1000),
	(98, 1001),
	(98, 1002),
	(98, 1003),
	(98, 1004),
	(98, 1005),
	(98, 1006),
	(98, 1007),
	(98, 1008),
	(98, 1009),
	(98, 1010),
	(98, 1011),
	(99, 992),
	(99, 993),
	(99, 994),
	(99, 995),
	(99, 996),
	(99, 997),
	(99, 998),
	(99, 999),
	(99, 1000),
	(99, 1001),
	(99, 1002),
	(99, 1003),
	(99, 1004),
	(99, 1005),
	(99, 1006),
	(99, 1007),
	(99, 1008),
	(99, 1009),
	(99, 1010),
	(99, 1011),
	(99, 1012),
	(99, 1013),
	(99, 1014),
	(99, 1015),
	(99, 1016),
	(99, 1017),
	(99, 1018),
	(99, 1019),
	(99, 1020),
	(99, 1021),
	(100, 1002),
	(100, 1003),
	(100, 1004),
	(100, 1005),
	(100, 1006),
	(100, 1007),
	(100, 1008),
	(100, 1009),
	(100, 1010),
	(100, 1011),
	(100, 1012),
	(100, 1013),
	(100, 1014),
	(100, 1015),
	(100, 1016),
	(100, 1017),
	(100, 1018),
	(100, 1019),
	(100, 1020),
	(100, 1021),
	(100, 1022),
	(100, 1023),
	(100, 1024),
	(100, 1025),
	(100, 1026),
	(100, 1027),
	(100, 1028),
	(100, 1029),
	(100, 1030),
	(100, 1031);
INSERT INTO public.project_assignees VALUES
	(101, 1012),
	(101, 1013),
	(101, 1014),
	(101, 1015),
	(101, 1016),
	(101, 1017),
	(101, 1018),
	(101, 1019),
	(101, 1020),
	(101, 1021),
	(101, 1022),
	(101, 1023),
	(101, 1024),
	(101, 1025),
	(101, 1026),
	(101, 1027),
	(101, 1028),
	(101, 1029),
	(101, 1030),
	(101, 1031),
	(101, 1032),
	(101, 1033),
	(101, 1034),
	(101, 1035),
	(101, 1036),
	(101, 1037),
	(101, 1038),
	(101, 1039),
	(101, 1040),
	(101, 1041),
	(102, 1022),
	(102, 1023),
	(102, 1024),
	(102, 1025),
	(102, 1026),
	(102, 1027),
	(102, 1028),
	(102, 1029),
	(102, 1030),
	(102, 1031),
	(102, 1032),
	(102, 1033),
	(102, 1034),
	(102, 1035),
	(102, 1036),
	(102, 1037),
	(102, 1038),
	(102, 1039),
	(102, 1040),
	(102, 1041),
	(102, 1042),
	(102, 1043),
	(102, 1044),
	(102, 1045),
	(102, 1046),
	(102, 1047),
	(102, 1048),
	(102, 1049),
	(102, 1050),
	(102, 1051),
	(103, 1032),
	(103, 1033),
	(103, 1034),
	(103, 1035),
	(103, 1036),
	(103, 1037),
	(103, 1038),
	(103, 1039),
	(103, 1040),
	(103, 1041),
	(103, 1042),
	(103, 1043),
	(103, 1044),
	(103, 1045),
	(103, 1046),
	(103, 1047),
	(103, 1048),
	(103, 1049),
	(103, 1050),
	(103, 1051),
	(103, 1052),
	(103, 1053),
	(103, 1054),
	(103, 1055),
	(103, 1056),
	(103, 1057),
	(103, 1058),
	(103, 1059),
	(103, 1060),
	(103, 1061),
	(104, 1042),
	(104, 1043),
	(104, 1044),
	(104, 1045),
	(104, 1046),
	(104, 1047),
	(104, 1048),
	(104, 1049),
	(104, 1050),
	(104, 1051),
	(104, 1052),
	(104, 1053),
	(104, 1054),
	(104, 1055),
	(104, 1056),
	(104, 1057),
	(104, 1058),
	(104, 1059),
	(104, 1060),
	(104, 1061),
	(104, 1062),
	(104, 1063),
	(104, 1064),
	(104, 1065),
	(104, 1066),
	(104, 1067),
	(104, 1068),
	(104, 1069),
	(104, 1070),
	(104, 1071),
	(105, 1052),
	(105, 1053),
	(105, 1054),
	(105, 1055),
	(105, 1056),
	(105, 1057),
	(105, 1058),
	(105, 1059),
	(105, 1060),
	(105, 1061),
	(105, 1062),
	(105, 1063),
	(105, 1064),
	(105, 1065),
	(105, 1066),
	(105, 1067),
	(105, 1068),
	(105, 1069),
	(105, 1070),
	(105, 1071),
	(105, 1072),
	(105, 1073),
	(105, 1074),
	(105, 1075),
	(105, 1076),
	(105, 1077),
	(105, 1078),
	(105, 1079),
	(105, 1080),
	(105, 1081),
	(106, 1062),
	(106, 1063),
	(106, 1064),
	(106, 1065),
	(106, 1066),
	(106, 1067),
	(106, 1068),
	(106, 1069),
	(106, 1070),
	(106, 1071),
	(106, 1072),
	(106, 1073),
	(106, 1074),
	(106, 1075),
	(106, 1076),
	(106, 1077),
	(106, 1078),
	(106, 1079),
	(106, 1080),
	(106, 1081),
	(106, 1082),
	(106, 1083),
	(106, 1084),
	(106, 1085),
	(106, 1086),
	(106, 1087),
	(106, 1088),
	(106, 1089),
	(106, 1090),
	(106, 1091),
	(107, 1072),
	(107, 1073),
	(107, 1074),
	(107, 1075),
	(107, 1076),
	(107, 1077),
	(107, 1078),
	(107, 1079),
	(107, 1080),
	(107, 1081),
	(107, 1082),
	(107, 1083),
	(107, 1084),
	(107, 1085),
	(107, 1086),
	(107, 1087),
	(107, 1088),
	(107, 1089),
	(107, 1090),
	(107, 1091),
	(107, 1092),
	(107, 1093),
	(107, 1094),
	(107, 1095),
	(107, 1096),
	(107, 1097),
	(107, 1098),
	(107, 1099),
	(107, 1100),
	(107, 1101),
	(108, 1082),
	(108, 1083),
	(108, 1084),
	(108, 1085),
	(108, 1086),
	(108, 1087),
	(108, 1088),
	(108, 1089),
	(108, 1090),
	(108, 1091),
	(108, 1092),
	(108, 1093),
	(108, 1094),
	(108, 1095),
	(108, 1096),
	(108, 1097),
	(108, 1098),
	(108, 1099),
	(108, 1100),
	(108, 1101),
	(108, 1102),
	(108, 1103),
	(108, 1104),
	(108, 1105),
	(108, 1106),
	(108, 1107),
	(108, 1108),
	(108, 1109),
	(108, 1110),
	(108, 1111),
	(109, 1092),
	(109, 1093),
	(109, 1094),
	(109, 1095),
	(109, 1096),
	(109, 1097),
	(109, 1098),
	(109, 1099),
	(109, 1100),
	(109, 1101);
INSERT INTO public.project_assignees VALUES
	(109, 1102),
	(109, 1103),
	(109, 1104),
	(109, 1105),
	(109, 1106),
	(109, 1107),
	(109, 1108),
	(109, 1109),
	(109, 1110),
	(109, 1111),
	(109, 1112),
	(109, 1113),
	(109, 1114),
	(109, 1115),
	(109, 1116),
	(109, 1117),
	(109, 1118),
	(109, 1119),
	(109, 1120),
	(109, 1121),
	(110, 1102),
	(110, 1103),
	(110, 1104),
	(110, 1105),
	(110, 1106),
	(110, 1107),
	(110, 1108),
	(110, 1109),
	(110, 1110),
	(110, 1111),
	(110, 1112),
	(110, 1113),
	(110, 1114),
	(110, 1115),
	(110, 1116),
	(110, 1117),
	(110, 1118),
	(110, 1119),
	(110, 1120),
	(110, 1121),
	(110, 1122),
	(110, 1123),
	(110, 1124),
	(110, 1125),
	(110, 1126),
	(110, 1127),
	(110, 1128),
	(110, 1129),
	(110, 1130),
	(110, 1131),
	(111, 1112),
	(111, 1113),
	(111, 1114),
	(111, 1115),
	(111, 1116),
	(111, 1117),
	(111, 1118),
	(111, 1119),
	(111, 1120),
	(111, 1121),
	(111, 1122),
	(111, 1123),
	(111, 1124),
	(111, 1125),
	(111, 1126),
	(111, 1127),
	(111, 1128),
	(111, 1129),
	(111, 1130),
	(111, 1131),
	(111, 1132),
	(111, 1133),
	(111, 1134),
	(111, 1135),
	(111, 1136),
	(111, 1137),
	(111, 1138),
	(111, 1139),
	(111, 1140),
	(111, 1141),
	(112, 1122),
	(112, 1123),
	(112, 1124),
	(112, 1125),
	(112, 1126),
	(112, 1127),
	(112, 1128),
	(112, 1129),
	(112, 1130),
	(112, 1131),
	(112, 1132),
	(112, 1133),
	(112, 1134),
	(112, 1135),
	(112, 1136),
	(112, 1137),
	(112, 1138),
	(112, 1139),
	(112, 1140),
	(112, 1141),
	(112, 1142),
	(112, 1143),
	(112, 1144),
	(112, 1145),
	(112, 1146),
	(112, 1147),
	(112, 1148),
	(112, 1149),
	(112, 1150),
	(112, 1151),
	(113, 1132),
	(113, 1133),
	(113, 1134),
	(113, 1135),
	(113, 1136),
	(113, 1137),
	(113, 1138),
	(113, 1139),
	(113, 1140),
	(113, 1141),
	(113, 1142),
	(113, 1143),
	(113, 1144),
	(113, 1145),
	(113, 1146),
	(113, 1147),
	(113, 1148),
	(113, 1149),
	(113, 1150),
	(113, 1151),
	(113, 1152),
	(113, 1153),
	(113, 1154),
	(113, 1155),
	(113, 1156),
	(113, 1157),
	(113, 1158),
	(113, 1159),
	(113, 1160),
	(113, 1161),
	(114, 1142),
	(114, 1143),
	(114, 1144),
	(114, 1145),
	(114, 1146),
	(114, 1147),
	(114, 1148),
	(114, 1149),
	(114, 1150),
	(114, 1151),
	(114, 1152),
	(114, 1153),
	(114, 1154),
	(114, 1155),
	(114, 1156),
	(114, 1157),
	(114, 1158),
	(114, 1159),
	(114, 1160),
	(114, 1161),
	(114, 1162),
	(114, 1163),
	(114, 1164),
	(114, 1165),
	(114, 1166),
	(114, 1167),
	(114, 1168),
	(114, 1169),
	(114, 1170),
	(114, 1171),
	(115, 1152),
	(115, 1153),
	(115, 1154),
	(115, 1155),
	(115, 1156),
	(115, 1157),
	(115, 1158),
	(115, 1159),
	(115, 1160),
	(115, 1161),
	(115, 1162),
	(115, 1163),
	(115, 1164),
	(115, 1165),
	(115, 1166),
	(115, 1167),
	(115, 1168),
	(115, 1169),
	(115, 1170),
	(115, 1171),
	(115, 1172),
	(115, 1173),
	(115, 1174),
	(115, 1175),
	(115, 1176),
	(115, 1177),
	(115, 1178),
	(115, 1179),
	(115, 1180),
	(115, 1181),
	(116, 1162),
	(116, 1163),
	(116, 1164),
	(116, 1165),
	(116, 1166),
	(116, 1167),
	(116, 1168),
	(116, 1169),
	(116, 1170),
	(116, 1171),
	(116, 1172),
	(116, 1173),
	(116, 1174),
	(116, 1175),
	(116, 1176),
	(116, 1177),
	(116, 1178),
	(116, 1179),
	(116, 1180),
	(116, 1181),
	(116, 1182),
	(116, 1183),
	(116, 1184),
	(116, 1185),
	(116, 1186),
	(116, 1187),
	(116, 1188),
	(116, 1189),
	(116, 1190),
	(116, 1191),
	(117, 1172),
	(117, 1173),
	(117, 1174),
	(117, 1175),
	(117, 1176),
	(117, 1177),
	(117, 1178),
	(117, 1179),
	(117, 1180),
	(117, 1181),
	(117, 1182),
	(117, 1183),
	(117, 1184),
	(117, 1185),
	(117, 1186),
	(117, 1187),
	(117, 1188),
	(117, 1189),
	(117, 1190),
	(117, 1191);
INSERT INTO public.project_assignees VALUES
	(117, 1192),
	(117, 1193),
	(117, 1194),
	(117, 1195),
	(117, 1196),
	(117, 1197),
	(117, 1198),
	(117, 1199),
	(117, 1200),
	(117, 1201),
	(118, 1182),
	(118, 1183),
	(118, 1184),
	(118, 1185),
	(118, 1186),
	(118, 1187),
	(118, 1188),
	(118, 1189),
	(118, 1190),
	(118, 1191),
	(118, 1192),
	(118, 1193),
	(118, 1194),
	(118, 1195),
	(118, 1196),
	(118, 1197),
	(118, 1198),
	(118, 1199),
	(118, 1200),
	(118, 1201),
	(118, 1202),
	(118, 1203),
	(118, 1204),
	(118, 1205),
	(118, 1206),
	(118, 1207),
	(118, 1208),
	(118, 1209),
	(118, 1210),
	(118, 1211),
	(119, 1192),
	(119, 1193),
	(119, 1194),
	(119, 1195),
	(119, 1196),
	(119, 1197),
	(119, 1198),
	(119, 1199),
	(119, 1200),
	(119, 1201),
	(119, 1202),
	(119, 1203),
	(119, 1204),
	(119, 1205),
	(119, 1206),
	(119, 1207),
	(119, 1208),
	(119, 1209),
	(119, 1210),
	(119, 1211),
	(119, 1212),
	(119, 1213),
	(119, 1214),
	(119, 1215),
	(119, 1216),
	(119, 1217),
	(119, 1218),
	(119, 1219),
	(119, 1220),
	(119, 1221),
	(120, 1202),
	(120, 1203),
	(120, 1204),
	(120, 1205),
	(120, 1206),
	(120, 1207),
	(120, 1208),
	(120, 1209),
	(120, 1210),
	(120, 1211),
	(120, 1212),
	(120, 1213),
	(120, 1214),
	(120, 1215),
	(120, 1216),
	(120, 1217),
	(120, 1218),
	(120, 1219),
	(120, 1220),
	(120, 1221),
	(120, 1222),
	(120, 1223),
	(120, 1224),
	(120, 1225),
	(120, 1226),
	(120, 1227),
	(120, 1228),
	(120, 1229),
	(120, 1230),
	(120, 1231),
	(121, 1212),
	(121, 1213),
	(121, 1214),
	(121, 1215),
	(121, 1216),
	(121, 1217),
	(121, 1218),
	(121, 1219),
	(121, 1220),
	(121, 1221),
	(121, 1222),
	(121, 1223),
	(121, 1224),
	(121, 1225),
	(121, 1226),
	(121, 1227),
	(121, 1228),
	(121, 1229),
	(121, 1230),
	(121, 1231),
	(121, 1232),
	(121, 1233),
	(121, 1234),
	(121, 1235),
	(121, 1236),
	(121, 1237),
	(121, 1238),
	(121, 1239),
	(121, 1240),
	(121, 1241),
	(122, 1222),
	(122, 1223),
	(122, 1224),
	(122, 1225),
	(122, 1226),
	(122, 1227),
	(122, 1228),
	(122, 1229),
	(122, 1230),
	(122, 1231),
	(122, 1232),
	(122, 1233),
	(122, 1234),
	(122, 1235),
	(122, 1236),
	(122, 1237),
	(122, 1238),
	(122, 1239),
	(122, 1240),
	(122, 1241),
	(122, 1242),
	(122, 1243),
	(122, 1244),
	(122, 1245),
	(122, 1246),
	(122, 1247),
	(122, 1248),
	(122, 1249),
	(122, 1250),
	(122, 1251),
	(123, 1232),
	(123, 1233),
	(123, 1234),
	(123, 1235),
	(123, 1236),
	(123, 1237),
	(123, 1238),
	(123, 1239),
	(123, 1240),
	(123, 1241),
	(123, 1242),
	(123, 1243),
	(123, 1244),
	(123, 1245),
	(123, 1246),
	(123, 1247),
	(123, 1248),
	(123, 1249),
	(123, 1250),
	(123, 1251),
	(123, 1252),
	(123, 1253),
	(123, 1254),
	(123, 1255),
	(123, 1256),
	(123, 1257),
	(123, 1258),
	(123, 1259),
	(123, 1260),
	(123, 1261),
	(124, 1242),
	(124, 1243),
	(124, 1244),
	(124, 1245),
	(124, 1246),
	(124, 1247),
	(124, 1248),
	(124, 1249),
	(124, 1250),
	(124, 1251),
	(124, 1252),
	(124, 1253),
	(124, 1254),
	(124, 1255),
	(124, 1256),
	(124, 1257),
	(124, 1258),
	(124, 1259),
	(124, 1260),
	(124, 1261),
	(124, 1262),
	(124, 1263),
	(124, 1264),
	(124, 1265),
	(124, 1266),
	(124, 1267),
	(124, 1268),
	(124, 1269),
	(124, 1270),
	(124, 1271),
	(125, 1252),
	(125, 1253),
	(125, 1254),
	(125, 1255),
	(125, 1256),
	(125, 1257),
	(125, 1258),
	(125, 1259),
	(125, 1260),
	(125, 1261),
	(125, 1262),
	(125, 1263),
	(125, 1264),
	(125, 1265),
	(125, 1266),
	(125, 1267),
	(125, 1268),
	(125, 1269),
	(125, 1270),
	(125, 1271),
	(125, 1272),
	(125, 1273),
	(125, 1274),
	(125, 1275),
	(125, 1276),
	(125, 1277),
	(125, 1278),
	(125, 1279),
	(125, 1280),
	(125, 1281);
INSERT INTO public.project_assignees VALUES
	(126, 1262),
	(126, 1263),
	(126, 1264),
	(126, 1265),
	(126, 1266),
	(126, 1267),
	(126, 1268),
	(126, 1269),
	(126, 1270),
	(126, 1271),
	(126, 1272),
	(126, 1273),
	(126, 1274),
	(126, 1275),
	(126, 1276),
	(126, 1277),
	(126, 1278),
	(126, 1279),
	(126, 1280),
	(126, 1281),
	(126, 1282),
	(126, 1283),
	(126, 1284),
	(126, 1285),
	(126, 1286),
	(126, 1287),
	(126, 1288),
	(126, 1289),
	(126, 1290),
	(126, 1291),
	(127, 1272),
	(127, 1273),
	(127, 1274),
	(127, 1275),
	(127, 1276),
	(127, 1277),
	(127, 1278),
	(127, 1279),
	(127, 1280),
	(127, 1281),
	(127, 1282),
	(127, 1283),
	(127, 1284),
	(127, 1285),
	(127, 1286),
	(127, 1287),
	(127, 1288),
	(127, 1289),
	(127, 1290),
	(127, 1291),
	(127, 1292),
	(127, 1293),
	(127, 1294),
	(127, 1295),
	(127, 1296),
	(127, 1297),
	(127, 1298),
	(127, 1299),
	(127, 1300),
	(127, 1301),
	(128, 1282),
	(128, 1283),
	(128, 1284),
	(128, 1285),
	(128, 1286),
	(128, 1287),
	(128, 1288),
	(128, 1289),
	(128, 1290),
	(128, 1291),
	(128, 1292),
	(128, 1293),
	(128, 1294),
	(128, 1295),
	(128, 1296),
	(128, 1297),
	(128, 1298),
	(128, 1299),
	(128, 1300),
	(128, 1301),
	(128, 1302),
	(128, 1303),
	(128, 1304),
	(128, 1305),
	(128, 1306),
	(128, 1307),
	(128, 1308),
	(128, 1309),
	(128, 1310),
	(128, 1311),
	(129, 1292),
	(129, 1293),
	(129, 1294),
	(129, 1295),
	(129, 1296),
	(129, 1297),
	(129, 1298),
	(129, 1299),
	(129, 1300),
	(129, 1301),
	(129, 1302),
	(129, 1303),
	(129, 1304),
	(129, 1305),
	(129, 1306),
	(129, 1307),
	(129, 1308),
	(129, 1309),
	(129, 1310),
	(129, 1311),
	(129, 1312),
	(129, 1313),
	(129, 1314),
	(129, 1315),
	(129, 1316),
	(129, 1317),
	(129, 1318),
	(129, 1319),
	(129, 1320),
	(129, 1321),
	(130, 1302),
	(130, 1303),
	(130, 1304),
	(130, 1305),
	(130, 1306),
	(130, 1307),
	(130, 1308),
	(130, 1309),
	(130, 1310),
	(130, 1311),
	(130, 1312),
	(130, 1313),
	(130, 1314),
	(130, 1315),
	(130, 1316),
	(130, 1317),
	(130, 1318),
	(130, 1319),
	(130, 1320),
	(130, 1321),
	(130, 1322),
	(130, 1323),
	(130, 1324),
	(130, 1325),
	(130, 1326),
	(130, 1327),
	(130, 1328),
	(130, 1329),
	(130, 1330),
	(130, 1331),
	(131, 1312),
	(131, 1313),
	(131, 1314),
	(131, 1315),
	(131, 1316),
	(131, 1317),
	(131, 1318),
	(131, 1319),
	(131, 1320),
	(131, 1321),
	(131, 1322),
	(131, 1323),
	(131, 1324),
	(131, 1325),
	(131, 1326),
	(131, 1327),
	(131, 1328),
	(131, 1329),
	(131, 1330),
	(131, 1331),
	(131, 1332),
	(131, 1333),
	(131, 1334),
	(131, 1335),
	(131, 1336),
	(131, 1337),
	(131, 1338),
	(131, 1339),
	(131, 1340),
	(131, 1341),
	(132, 1322),
	(132, 1323),
	(132, 1324),
	(132, 1325),
	(132, 1326),
	(132, 1327),
	(132, 1328),
	(132, 1329),
	(132, 1330),
	(132, 1331),
	(132, 1332),
	(132, 1333),
	(132, 1334),
	(132, 1335),
	(132, 1336),
	(132, 1337),
	(132, 1338),
	(132, 1339),
	(132, 1340),
	(132, 1341),
	(132, 1342),
	(132, 1343),
	(132, 1344),
	(132, 1345),
	(132, 1346),
	(132, 1347),
	(132, 1348),
	(132, 1349),
	(132, 1350),
	(132, 1351),
	(133, 1332),
	(133, 1333),
	(133, 1334),
	(133, 1335),
	(133, 1336),
	(133, 1337),
	(133, 1338),
	(133, 1339),
	(133, 1340),
	(133, 1341),
	(133, 1342),
	(133, 1343),
	(133, 1344),
	(133, 1345),
	(133, 1346),
	(133, 1347),
	(133, 1348),
	(133, 1349),
	(133, 1350),
	(133, 1351),
	(133, 1352),
	(133, 1353),
	(133, 1354),
	(133, 1355),
	(133, 1356),
	(133, 1357),
	(133, 1358),
	(133, 1359),
	(133, 1360),
	(133, 1361),
	(134, 1342),
	(134, 1343),
	(134, 1344),
	(134, 1345),
	(134, 1346),
	(134, 1347),
	(134, 1348),
	(134, 1349),
	(134, 1350),
	(134, 1351);
INSERT INTO public.project_assignees VALUES
	(134, 1352),
	(134, 1353),
	(134, 1354),
	(134, 1355),
	(134, 1356),
	(134, 1357),
	(134, 1358),
	(134, 1359),
	(134, 1360),
	(134, 1361),
	(134, 1362),
	(134, 1363),
	(134, 1364),
	(134, 1365),
	(134, 1366),
	(134, 1367),
	(134, 1368),
	(134, 1369),
	(134, 1370),
	(134, 1371),
	(135, 1352),
	(135, 1353),
	(135, 1354),
	(135, 1355),
	(135, 1356),
	(135, 1357),
	(135, 1358),
	(135, 1359),
	(135, 1360),
	(135, 1361),
	(135, 1362),
	(135, 1363),
	(135, 1364),
	(135, 1365),
	(135, 1366),
	(135, 1367),
	(135, 1368),
	(135, 1369),
	(135, 1370),
	(135, 1371),
	(135, 1372),
	(135, 1373),
	(135, 1374),
	(135, 1375),
	(135, 1376),
	(135, 1377),
	(135, 1378),
	(135, 1379),
	(135, 1380),
	(135, 1381),
	(136, 1362),
	(136, 1363),
	(136, 1364),
	(136, 1365),
	(136, 1366),
	(136, 1367),
	(136, 1368),
	(136, 1369),
	(136, 1370),
	(136, 1371),
	(136, 1372),
	(136, 1373),
	(136, 1374),
	(136, 1375),
	(136, 1376),
	(136, 1377),
	(136, 1378),
	(136, 1379),
	(136, 1380),
	(136, 1381),
	(136, 1382),
	(136, 1383),
	(136, 1384),
	(136, 1385),
	(136, 1386),
	(136, 1387),
	(136, 1388),
	(136, 1389),
	(136, 1390),
	(136, 1391),
	(137, 1372),
	(137, 1373),
	(137, 1374),
	(137, 1375),
	(137, 1376),
	(137, 1377),
	(137, 1378),
	(137, 1379),
	(137, 1380),
	(137, 1381),
	(137, 1382),
	(137, 1383),
	(137, 1384),
	(137, 1385),
	(137, 1386),
	(137, 1387),
	(137, 1388),
	(137, 1389),
	(137, 1390),
	(137, 1391),
	(137, 1392),
	(137, 1393),
	(137, 1394),
	(137, 1395),
	(137, 1396),
	(137, 1397),
	(137, 1398),
	(137, 1399),
	(137, 1400),
	(137, 1401),
	(138, 1382),
	(138, 1383),
	(138, 1384),
	(138, 1385),
	(138, 1386),
	(138, 1387),
	(138, 1388),
	(138, 1389),
	(138, 1390),
	(138, 1391),
	(138, 1392),
	(138, 1393),
	(138, 1394),
	(138, 1395),
	(138, 1396),
	(138, 1397),
	(138, 1398),
	(138, 1399),
	(138, 1400),
	(138, 1401),
	(138, 1402),
	(138, 1403),
	(138, 1404),
	(138, 1405),
	(138, 1406),
	(138, 1407),
	(138, 1408),
	(138, 1409),
	(138, 1410),
	(138, 1411),
	(139, 1392),
	(139, 1393),
	(139, 1394),
	(139, 1395),
	(139, 1396),
	(139, 1397),
	(139, 1398),
	(139, 1399),
	(139, 1400),
	(139, 1401),
	(139, 1402),
	(139, 1403),
	(139, 1404),
	(139, 1405),
	(139, 1406),
	(139, 1407),
	(139, 1408),
	(139, 1409),
	(139, 1410),
	(139, 1411),
	(139, 1412),
	(139, 1413),
	(139, 1414),
	(139, 1415),
	(139, 1416),
	(139, 1417),
	(139, 1418),
	(139, 1419),
	(139, 1420),
	(139, 1421),
	(140, 1402),
	(140, 1403),
	(140, 1404),
	(140, 1405),
	(140, 1406),
	(140, 1407),
	(140, 1408),
	(140, 1409),
	(140, 1410),
	(140, 1411),
	(140, 1412),
	(140, 1413),
	(140, 1414),
	(140, 1415),
	(140, 1416),
	(140, 1417),
	(140, 1418),
	(140, 1419),
	(140, 1420),
	(140, 1421),
	(140, 1422),
	(140, 1423),
	(140, 1424),
	(140, 1425),
	(140, 1426),
	(140, 1427),
	(140, 1428),
	(140, 1429),
	(140, 1430),
	(140, 1431),
	(141, 1412),
	(141, 1413),
	(141, 1414),
	(141, 1415),
	(141, 1416),
	(141, 1417),
	(141, 1418),
	(141, 1419),
	(141, 1420),
	(141, 1421),
	(141, 1422),
	(141, 1423),
	(141, 1424),
	(141, 1425),
	(141, 1426),
	(141, 1427),
	(141, 1428),
	(141, 1429),
	(141, 1430),
	(141, 1431),
	(141, 1432),
	(141, 1433),
	(141, 1434),
	(141, 1435),
	(141, 1436),
	(141, 1437),
	(141, 1438),
	(141, 1439),
	(141, 1440),
	(141, 1441),
	(142, 1422),
	(142, 1423),
	(142, 1424),
	(142, 1425),
	(142, 1426),
	(142, 1427),
	(142, 1428),
	(142, 1429),
	(142, 1430),
	(142, 1431),
	(142, 1432),
	(142, 1433),
	(142, 1434),
	(142, 1435),
	(142, 1436),
	(142, 1437),
	(142, 1438),
	(142, 1439),
	(142, 1440),
	(142, 1441);
INSERT INTO public.project_assignees VALUES
	(142, 1442),
	(142, 1443),
	(142, 1444),
	(142, 1445),
	(142, 1446),
	(142, 1447),
	(142, 1448),
	(142, 1449),
	(142, 1450),
	(142, 1451),
	(143, 1432),
	(143, 1433),
	(143, 1434),
	(143, 1435),
	(143, 1436),
	(143, 1437),
	(143, 1438),
	(143, 1439),
	(143, 1440),
	(143, 1441),
	(143, 1442),
	(143, 1443),
	(143, 1444),
	(143, 1445),
	(143, 1446),
	(143, 1447),
	(143, 1448),
	(143, 1449),
	(143, 1450),
	(143, 1451),
	(143, 1452),
	(143, 1453),
	(143, 1454),
	(143, 1455),
	(143, 1456),
	(143, 1457),
	(143, 1458),
	(143, 1459),
	(143, 1460),
	(143, 1461),
	(144, 1442),
	(144, 1443),
	(144, 1444),
	(144, 1445),
	(144, 1446),
	(144, 1447),
	(144, 1448),
	(144, 1449),
	(144, 1450),
	(144, 1451),
	(144, 1452),
	(144, 1453),
	(144, 1454),
	(144, 1455),
	(144, 1456),
	(144, 1457),
	(144, 1458),
	(144, 1459),
	(144, 1460),
	(144, 1461),
	(144, 1462),
	(144, 1463),
	(144, 1464),
	(144, 1465),
	(144, 1466),
	(144, 1467),
	(144, 1468),
	(144, 1469),
	(144, 1470),
	(144, 1471),
	(145, 1452),
	(145, 1453),
	(145, 1454),
	(145, 1455),
	(145, 1456),
	(145, 1457),
	(145, 1458),
	(145, 1459),
	(145, 1460),
	(145, 1461),
	(145, 1462),
	(145, 1463),
	(145, 1464),
	(145, 1465),
	(145, 1466),
	(145, 1467),
	(145, 1468),
	(145, 1469),
	(145, 1470),
	(145, 1471),
	(145, 1472),
	(145, 1473),
	(145, 1474),
	(145, 1475),
	(145, 1476),
	(145, 1477),
	(145, 1478),
	(145, 1479),
	(145, 1480),
	(145, 1481),
	(146, 1462),
	(146, 1463),
	(146, 1464),
	(146, 1465),
	(146, 1466),
	(146, 1467),
	(146, 1468),
	(146, 1469),
	(146, 1470),
	(146, 1471),
	(146, 1472),
	(146, 1473),
	(146, 1474),
	(146, 1475),
	(146, 1476),
	(146, 1477),
	(146, 1478),
	(146, 1479),
	(146, 1480),
	(146, 1481),
	(146, 1482),
	(146, 1483),
	(146, 1484),
	(146, 1485),
	(146, 1486),
	(146, 1487),
	(146, 1488),
	(146, 1489),
	(146, 1490),
	(146, 1491),
	(147, 1472),
	(147, 1473),
	(147, 1474),
	(147, 1475),
	(147, 1476),
	(147, 1477),
	(147, 1478),
	(147, 1479),
	(147, 1480),
	(147, 1481),
	(147, 1482),
	(147, 1483),
	(147, 1484),
	(147, 1485),
	(147, 1486),
	(147, 1487),
	(147, 1488),
	(147, 1489),
	(147, 1490),
	(147, 1491),
	(147, 1492),
	(147, 1493),
	(147, 1494),
	(147, 1495),
	(147, 1496),
	(147, 1497),
	(147, 1498),
	(147, 1499),
	(147, 1500),
	(148, 1482),
	(148, 1483),
	(148, 1484),
	(148, 1485),
	(148, 1486),
	(148, 1487),
	(148, 1488),
	(148, 1489),
	(148, 1490),
	(148, 1491),
	(148, 1492),
	(148, 1493),
	(148, 1494),
	(148, 1495),
	(148, 1496),
	(148, 1497),
	(148, 1498),
	(148, 1499),
	(148, 1500),
	(149, 1492),
	(149, 1493),
	(149, 1494),
	(149, 1495),
	(149, 1496),
	(149, 1497),
	(149, 1498),
	(149, 1499),
	(149, 1500),
	(150, 1472),
	(150, 1473),
	(150, 1474),
	(150, 1475),
	(150, 1476),
	(150, 1477),
	(150, 1478),
	(150, 1479),
	(150, 1480),
	(150, 1481),
	(150, 1482),
	(150, 1483),
	(150, 1484),
	(150, 1485),
	(150, 1486),
	(150, 1487),
	(150, 1488),
	(150, 1489),
	(150, 1490),
	(150, 1491),
	(150, 1492),
	(150, 1493),
	(150, 1494),
	(150, 1495),
	(150, 1496),
	(150, 1497),
	(150, 1498),
	(150, 1499),
	(150, 1500);


--
-- Data for Name: projects; Type: TABLE DATA; Schema: public; Owner: -
--

INSERT INTO public.projects VALUES
	(1, 'Small Metal Chicken', 1, 1, 1, '2021-02-22 15:19:02.604+00', '2021-02-22 15:19:02.604+00'),
	(2, 'Tasty Concrete Bacon', 1, 1, 1, '2021-02-22 15:19:02.606+00', '2021-02-22 15:19:02.606+00'),
	(3, 'Unbranded Wooden Table', 1, 1, 1, '2021-02-22 15:19:02.608+00', '2021-02-22 15:19:02.608+00'),
	(4, 'Unbranded Concrete Table', 1, 1, 1, '2021-02-22 15:19:02.609+00', '2021-02-22 15:19:02.609+00'),
	(5, 'Awesome Rubber Car', 1, 1, 1, '2021-02-22 15:19:02.611+00', '2021-02-22 15:19:02.611+00'),
	(6, 'Gorgeous Rubber Car', 1, 1, 1, '2021-02-22 15:19:02.612+00', '2021-02-22 15:19:02.612+00'),
	(7, 'Fantastic Cotton Hat', 1, 1, 1, '2021-02-22 15:19:02.613+00', '2021-02-22 15:19:02.613+00'),
	(8, 'Gorgeous Fresh Chicken', 1, 1, 1, '2021-02-22 15:19:02.615+00', '2021-02-22 15:19:02.615+00'),
	(9, 'Generic Concrete Salad', 1, 1, 1, '2021-02-22 15:19:02.616+00', '2021-02-22 15:19:02.616+00'),
	(10, 'Handcrafted Soft Mouse', 1, 1, 1, '2021-02-22 15:19:02.618+00', '2021-02-22 15:19:02.618+00'),
	(11, 'Sleek Frozen Computer', 1, 1, 1, '2021-02-22 15:19:02.619+00', '2021-02-22 15:19:02.619+00'),
	(12, 'Licensed Rubber Shoes', 1, 1, 1, '2021-02-22 15:19:02.62+00', '2021-02-22 15:19:02.62+00'),
	(13, 'Awesome Plastic Sausages', 1, 1, 1, '2021-02-22 15:19:02.622+00', '2021-02-22 15:19:02.622+00'),
	(14, 'Intelligent Soft Tuna', 1, 1, 1, '2021-02-22 15:19:02.623+00', '2021-02-22 15:19:02.623+00'),
	(15, 'Awesome Frozen Chair', 1, 1, 1, '2021-02-22 15:19:02.624+00', '2021-02-22 15:19:02.624+00'),
	(16, 'Sleek Plastic Chicken', 1, 1, 2, '2021-02-22 15:19:02.626+00', '2021-02-22 15:19:02.626+00'),
	(17, 'Intelligent Rubber Computer', 1, 1, 2, '2021-02-22 15:19:02.627+00', '2021-02-22 15:19:02.627+00'),
	(18, 'Tasty Rubber Ball', 1, 1, 2, '2021-02-22 15:19:02.628+00', '2021-02-22 15:19:02.628+00'),
	(19, 'Rustic Soft Pants', 1, 1, 2, '2021-02-22 15:19:02.63+00', '2021-02-22 15:19:02.63+00'),
	(20, 'Awesome Concrete Mouse', 1, 1, 2, '2021-02-22 15:19:02.631+00', '2021-02-22 15:19:02.631+00'),
	(21, 'Rustic Fresh Bike', 1, 1, 2, '2021-02-22 15:19:02.633+00', '2021-02-22 15:19:02.633+00'),
	(22, 'Small Metal Chicken', 1, 1, 2, '2021-02-22 15:19:02.634+00', '2021-02-22 15:19:02.634+00'),
	(23, 'Gorgeous Steel Computer', 1, 1, 2, '2021-02-22 15:19:02.635+00', '2021-02-22 15:19:02.635+00'),
	(24, 'Handcrafted Fresh Pants', 1, 1, 2, '2021-02-22 15:19:02.637+00', '2021-02-22 15:19:02.637+00'),
	(25, 'Small Granite Pizza', 1, 1, 2, '2021-02-22 15:19:02.638+00', '2021-02-22 15:19:02.638+00'),
	(26, 'Small Frozen Car', 1, 1, 2, '2021-02-22 15:19:02.64+00', '2021-02-22 15:19:02.64+00'),
	(27, 'Tasty Concrete Chips', 1, 1, 2, '2021-02-22 15:19:02.641+00', '2021-02-22 15:19:02.641+00'),
	(28, 'Awesome Granite Pizza', 1, 1, 2, '2021-02-22 15:19:02.642+00', '2021-02-22 15:19:02.642+00'),
	(29, 'Fantastic Plastic Towels', 1, 1, 2, '2021-02-22 15:19:02.644+00', '2021-02-22 15:19:02.644+00'),
	(30, 'Tasty Soft Sausages', 1, 1, 2, '2021-02-22 15:19:02.645+00', '2021-02-22 15:19:02.645+00'),
	(31, 'Incredible Plastic Table', 1, 1, 3, '2021-02-22 15:19:02.646+00', '2021-02-22 15:19:02.646+00'),
	(32, 'Handcrafted Concrete Chicken', 1, 1, 3, '2021-02-22 15:19:02.648+00', '2021-02-22 15:19:02.648+00'),
	(33, 'Awesome Frozen Chicken', 1, 1, 3, '2021-02-22 15:19:02.649+00', '2021-02-22 15:19:02.649+00'),
	(34, 'Licensed Fresh Salad', 1, 1, 3, '2021-02-22 15:19:02.65+00', '2021-02-22 15:19:02.65+00'),
	(35, 'Unbranded Fresh Keyboard', 1, 1, 3, '2021-02-22 15:19:02.652+00', '2021-02-22 15:19:02.652+00'),
	(36, 'Handmade Soft Keyboard', 1, 1, 3, '2021-02-22 15:19:02.653+00', '2021-02-22 15:19:02.653+00'),
	(37, 'Generic Concrete Computer', 1, 1, 3, '2021-02-22 15:19:02.654+00', '2021-02-22 15:19:02.654+00'),
	(38, 'Licensed Concrete Car', 1, 1, 3, '2021-02-22 15:19:02.656+00', '2021-02-22 15:19:02.656+00'),
	(39, 'Tasty Steel Pants', 1, 1, 3, '2021-02-22 15:19:02.657+00', '2021-02-22 15:19:02.657+00'),
	(40, 'Gorgeous Cotton Shirt', 1, 1, 3, '2021-02-22 15:19:02.659+00', '2021-02-22 15:19:02.659+00'),
	(41, 'Rustic Concrete Ball', 1, 1, 3, '2021-02-22 15:19:02.66+00', '2021-02-22 15:19:02.66+00'),
	(42, 'Rustic Granite Chicken', 1, 1, 3, '2021-02-22 15:19:02.661+00', '2021-02-22 15:19:02.661+00'),
	(43, 'Small Metal Hat', 1, 1, 3, '2021-02-22 15:19:02.663+00', '2021-02-22 15:19:02.663+00'),
	(44, 'Unbranded Plastic Shoes', 1, 1, 3, '2021-02-22 15:19:02.664+00', '2021-02-22 15:19:02.664+00'),
	(45, 'Awesome Steel Chicken', 1, 1, 3, '2021-02-22 15:19:02.665+00', '2021-02-22 15:19:02.665+00'),
	(46, 'Awesome Steel Chicken', 1, 1, 4, '2021-02-22 15:19:02.667+00', '2021-02-22 15:19:02.667+00'),
	(47, 'Incredible Metal Table', 1, 1, 4, '2021-02-22 15:19:02.668+00', '2021-02-22 15:19:02.668+00'),
	(48, 'Awesome Granite Ball', 1, 1, 4, '2021-02-22 15:19:02.669+00', '2021-02-22 15:19:02.669+00'),
	(49, 'Practical Plastic Pants', 1, 1, 4, '2021-02-22 15:19:02.67+00', '2021-02-22 15:19:02.67+00'),
	(50, 'Refined Frozen Shoes', 1, 1, 4, '2021-02-22 15:19:02.672+00', '2021-02-22 15:19:02.672+00'),
	(51, 'Fantastic Soft Towels', 1, 1, 4, '2021-02-22 15:19:02.673+00', '2021-02-22 15:19:02.673+00'),
	(52, 'Tasty Metal Cheese', 1, 1, 4, '2021-02-22 15:19:02.674+00', '2021-02-22 15:19:02.674+00'),
	(53, 'Practical Cotton Shirt', 1, 1, 4, '2021-02-22 15:19:02.676+00', '2021-02-22 15:19:02.676+00'),
	(54, 'Gorgeous Wooden Bike', 1, 1, 4, '2021-02-22 15:19:02.677+00', '2021-02-22 15:19:02.677+00'),
	(55, 'Small Frozen Computer', 1, 1, 4, '2021-02-22 15:19:02.678+00', '2021-02-22 15:19:02.678+00'),
	(56, 'Fantastic Soft Salad', 1, 1, 4, '2021-02-22 15:19:02.68+00', '2021-02-22 15:19:02.68+00'),
	(57, 'Handcrafted Cotton Computer', 1, 1, 4, '2021-02-22 15:19:02.681+00', '2021-02-22 15:19:02.681+00'),
	(58, 'Refined Fresh Chips', 1, 1, 4, '2021-02-22 15:19:02.682+00', '2021-02-22 15:19:02.682+00'),
	(59, 'Intelligent Rubber Tuna', 1, 1, 4, '2021-02-22 15:19:02.684+00', '2021-02-22 15:19:02.684+00'),
	(60, 'Gorgeous Granite Bike', 1, 1, 4, '2021-02-22 15:19:02.685+00', '2021-02-22 15:19:02.685+00'),
	(61, 'Sleek Plastic Bacon', 1, 1, 5, '2021-02-22 15:19:02.686+00', '2021-02-22 15:19:02.686+00'),
	(62, 'Intelligent Wooden Chicken', 1, 1, 5, '2021-02-22 15:19:02.688+00', '2021-02-22 15:19:02.688+00'),
	(63, 'Handcrafted Soft Table', 1, 1, 5, '2021-02-22 15:19:02.689+00', '2021-02-22 15:19:02.689+00'),
	(64, 'Generic Metal Table', 1, 1, 5, '2021-02-22 15:19:02.69+00', '2021-02-22 15:19:02.69+00'),
	(65, 'Unbranded Steel Ball', 1, 1, 5, '2021-02-22 15:19:02.692+00', '2021-02-22 15:19:02.692+00'),
	(66, 'Ergonomic Fresh Ball', 1, 1, 5, '2021-02-22 15:19:02.693+00', '2021-02-22 15:19:02.693+00'),
	(67, 'Handcrafted Plastic Cheese', 1, 1, 5, '2021-02-22 15:19:02.694+00', '2021-02-22 15:19:02.694+00'),
	(68, 'Rustic Granite Bacon', 1, 1, 5, '2021-02-22 15:19:02.696+00', '2021-02-22 15:19:02.696+00'),
	(69, 'Small Frozen Fish', 1, 1, 5, '2021-02-22 15:19:02.697+00', '2021-02-22 15:19:02.697+00'),
	(70, 'Tasty Granite Shirt', 1, 1, 5, '2021-02-22 15:19:02.698+00', '2021-02-22 15:19:02.698+00'),
	(71, 'Rustic Rubber Towels', 1, 1, 5, '2021-02-22 15:19:02.7+00', '2021-02-22 15:19:02.7+00'),
	(72, 'Sleek Plastic Salad', 1, 1, 5, '2021-02-22 15:19:02.701+00', '2021-02-22 15:19:02.701+00'),
	(73, 'Unbranded Soft Gloves', 1, 1, 5, '2021-02-22 15:19:02.702+00', '2021-02-22 15:19:02.702+00'),
	(74, 'Handmade Wooden Shirt', 1, 1, 5, '2021-02-22 15:19:02.704+00', '2021-02-22 15:19:02.704+00'),
	(75, 'Generic Metal Soap', 1, 1, 5, '2021-02-22 15:19:02.705+00', '2021-02-22 15:19:02.705+00'),
	(76, 'Awesome Cotton Table', 1, 1, 6, '2021-02-22 15:19:02.707+00', '2021-02-22 15:19:02.707+00'),
	(77, 'Ergonomic Frozen Computer', 1, 1, 6, '2021-02-22 15:19:02.709+00', '2021-02-22 15:19:02.709+00'),
	(78, 'Incredible Wooden Shoes', 1, 1, 6, '2021-02-22 15:19:02.71+00', '2021-02-22 15:19:02.71+00'),
	(79, 'Licensed Steel Sausages', 1, 1, 6, '2021-02-22 15:19:02.711+00', '2021-02-22 15:19:02.711+00'),
	(80, 'Gorgeous Cotton Pants', 1, 1, 6, '2021-02-22 15:19:02.712+00', '2021-02-22 15:19:02.712+00'),
	(81, 'Refined Frozen Computer', 1, 1, 6, '2021-02-22 15:19:02.714+00', '2021-02-22 15:19:02.714+00'),
	(82, 'Fantastic Rubber Hat', 1, 1, 6, '2021-02-22 15:19:02.715+00', '2021-02-22 15:19:02.715+00'),
	(83, 'Intelligent Rubber Chair', 1, 1, 6, '2021-02-22 15:19:02.716+00', '2021-02-22 15:19:02.716+00'),
	(84, 'Handcrafted Steel Car', 1, 1, 6, '2021-02-22 15:19:02.718+00', '2021-02-22 15:19:02.718+00'),
	(85, 'Handcrafted Steel Table', 1, 1, 6, '2021-02-22 15:19:02.719+00', '2021-02-22 15:19:02.719+00'),
	(86, 'Unbranded Plastic Keyboard', 1, 1, 6, '2021-02-22 15:19:02.72+00', '2021-02-22 15:19:02.72+00'),
	(87, 'Fantastic Metal Cheese', 1, 1, 6, '2021-02-22 15:19:02.722+00', '2021-02-22 15:19:02.722+00'),
	(88, 'Refined Cotton Bacon', 1, 1, 6, '2021-02-22 15:19:02.723+00', '2021-02-22 15:19:02.723+00'),
	(89, 'Rustic Concrete Car', 1, 1, 6, '2021-02-22 15:19:02.724+00', '2021-02-22 15:19:02.724+00'),
	(90, 'Handmade Cotton Pants', 1, 1, 6, '2021-02-22 15:19:02.726+00', '2021-02-22 15:19:02.726+00'),
	(91, 'Ergonomic Cotton Cheese', 1, 1, 7, '2021-02-22 15:19:02.727+00', '2021-02-22 15:19:02.727+00'),
	(92, 'Ergonomic Fresh Computer', 1, 1, 7, '2021-02-22 15:19:02.728+00', '2021-02-22 15:19:02.728+00'),
	(93, 'Small Fresh Tuna', 1, 1, 7, '2021-02-22 15:19:02.73+00', '2021-02-22 15:19:02.73+00'),
	(94, 'Intelligent Fresh Chair', 1, 1, 7, '2021-02-22 15:19:02.731+00', '2021-02-22 15:19:02.731+00'),
	(95, 'Handmade Cotton Tuna', 1, 1, 7, '2021-02-22 15:19:02.732+00', '2021-02-22 15:19:02.732+00'),
	(96, 'Fantastic Steel Hat', 1, 1, 7, '2021-02-22 15:19:02.733+00', '2021-02-22 15:19:02.733+00'),
	(97, 'Ergonomic Wooden Hat', 1, 1, 7, '2021-02-22 15:19:02.735+00', '2021-02-22 15:19:02.735+00'),
	(98, 'Licensed Cotton Car', 1, 1, 7, '2021-02-22 15:19:02.736+00', '2021-02-22 15:19:02.736+00'),
	(99, 'Incredible Concrete Car', 1, 1, 7, '2021-02-22 15:19:02.737+00', '2021-02-22 15:19:02.737+00'),
	(100, 'Ergonomic Steel Chips', 1, 1, 7, '2021-02-22 15:19:02.738+00', '2021-02-22 15:19:02.738+00'),
	(101, 'Rustic Cotton Hat', 1, 1, 7, '2021-02-22 15:19:02.74+00', '2021-02-22 15:19:02.74+00'),
	(102, 'Refined Wooden Soap', 1, 1, 7, '2021-02-22 15:19:02.741+00', '2021-02-22 15:19:02.741+00'),
	(103, 'Unbranded Fresh Car', 1, 1, 7, '2021-02-22 15:19:02.742+00', '2021-02-22 15:19:02.742+00'),
	(104, 'Intelligent Soft Tuna', 1, 1, 7, '2021-02-22 15:19:02.743+00', '2021-02-22 15:19:02.743+00'),
	(105, 'Handmade Wooden Bacon', 1, 1, 7, '2021-02-22 15:19:02.745+00', '2021-02-22 15:19:02.745+00'),
	(106, 'Ergonomic Steel Computer', 1, 1, 8, '2021-02-22 15:19:02.746+00', '2021-02-22 15:19:02.746+00'),
	(107, 'Refined Metal Chips', 1, 1, 8, '2021-02-22 15:19:02.747+00', '2021-02-22 15:19:02.747+00'),
	(108, 'Intelligent Granite Pizza', 1, 1, 8, '2021-02-22 15:19:02.748+00', '2021-02-22 15:19:02.748+00'),
	(109, 'Intelligent Wooden Chips', 1, 1, 8, '2021-02-22 15:19:02.75+00', '2021-02-22 15:19:02.75+00'),
	(110, 'Small Steel Fish', 1, 1, 8, '2021-02-22 15:19:02.751+00', '2021-02-22 15:19:02.751+00'),
	(111, 'Gorgeous Cotton Hat', 1, 1, 8, '2021-02-22 15:19:02.752+00', '2021-02-22 15:19:02.752+00'),
	(112, 'Ergonomic Granite Bacon', 1, 1, 8, '2021-02-22 15:19:02.754+00', '2021-02-22 15:19:02.754+00'),
	(113, 'Handcrafted Frozen Cheese', 1, 1, 8, '2021-02-22 15:19:02.755+00', '2021-02-22 15:19:02.755+00'),
	(114, 'Licensed Rubber Computer', 1, 1, 8, '2021-02-22 15:19:02.756+00', '2021-02-22 15:19:02.756+00'),
	(115, 'Refined Granite Table', 1, 1, 8, '2021-02-22 15:19:02.757+00', '2021-02-22 15:19:02.757+00'),
	(116, 'Refined Fresh Tuna', 1, 1, 8, '2021-02-22 15:19:02.759+00', '2021-02-22 15:19:02.759+00'),
	(117, 'Gorgeous Cotton Bacon', 1, 1, 8, '2021-02-22 15:19:02.76+00', '2021-02-22 15:19:02.76+00'),
	(118, 'Incredible Wooden Bacon', 1, 1, 8, '2021-02-22 15:19:02.761+00', '2021-02-22 15:19:02.761+00'),
	(119, 'Rustic Steel Chips', 1, 1, 8, '2021-02-22 15:19:02.763+00', '2021-02-22 15:19:02.763+00'),
	(120, 'Licensed Plastic Pants', 1, 1, 8, '2021-02-22 15:19:02.764+00', '2021-02-22 15:19:02.764+00'),
	(121, 'Generic Granite Chair', 1, 1, 9, '2021-02-22 15:19:02.765+00', '2021-02-22 15:19:02.765+00'),
	(122, 'Rustic Plastic Gloves', 1, 1, 9, '2021-02-22 15:19:02.767+00', '2021-02-22 15:19:02.767+00'),
	(123, 'Generic Plastic Keyboard', 1, 1, 9, '2021-02-22 15:19:02.768+00', '2021-02-22 15:19:02.768+00'),
	(124, 'Incredible Wooden Cheese', 1, 1, 9, '2021-02-22 15:19:02.769+00', '2021-02-22 15:19:02.769+00'),
	(125, 'Tasty Cotton Chips', 1, 1, 9, '2021-02-22 15:19:02.771+00', '2021-02-22 15:19:02.771+00'),
	(126, 'Practical Steel Chicken', 1, 1, 9, '2021-02-22 15:19:02.772+00', '2021-02-22 15:19:02.772+00'),
	(127, 'Licensed Cotton Keyboard', 1, 1, 9, '2021-02-22 15:19:02.773+00', '2021-02-22 15:19:02.773+00'),
	(128, 'Incredible Steel Shirt', 1, 1, 9, '2021-02-22 15:19:02.775+00', '2021-02-22 15:19:02.775+00'),
	(129, 'Tasty Fresh Shoes', 1, 1, 9, '2021-02-22 15:19:02.776+00', '2021-02-22 15:19:02.776+00'),
	(130, 'Unbranded Plastic Pants', 1, 1, 9, '2021-02-22 15:19:02.777+00', '2021-02-22 15:19:02.777+00'),
	(131, 'Rustic Fresh Hat', 1, 1, 9, '2021-02-22 15:19:02.779+00', '2021-02-22 15:19:02.779+00'),
	(132, 'Intelligent Steel Towels', 1, 1, 9, '2021-02-22 15:19:02.78+00', '2021-02-22 15:19:02.78+00'),
	(133, 'Ergonomic Metal Table', 1, 1, 9, '2021-02-22 15:19:02.781+00', '2021-02-22 15:19:02.781+00'),
	(134, 'Unbranded Cotton Mouse', 1, 1, 9, '2021-02-22 15:19:02.782+00', '2021-02-22 15:19:02.782+00'),
	(135, 'Awesome Granite Cheese', 1, 1, 9, '2021-02-22 15:19:02.784+00', '2021-02-22 15:19:02.784+00'),
	(136, 'Gorgeous Plastic Table', 1, 1, 10, '2021-02-22 15:19:02.785+00', '2021-02-22 15:19:02.785+00'),
	(137, 'Small Granite Table', 1, 1, 10, '2021-02-22 15:19:02.786+00', '2021-02-22 15:19:02.786+00'),
	(138, 'Handmade Soft Ball', 1, 1, 10, '2021-02-22 15:19:02.788+00', '2021-02-22 15:19:02.788+00'),
	(139, 'Generic Concrete Salad', 1, 1, 10, '2021-02-22 15:19:02.789+00', '2021-02-22 15:19:02.789+00'),
	(140, 'Tasty Metal Computer', 1, 1, 10, '2021-02-22 15:19:02.79+00', '2021-02-22 15:19:02.79+00'),
	(141, 'Intelligent Fresh Pizza', 1, 1, 10, '2021-02-22 15:19:02.792+00', '2021-02-22 15:19:02.792+00'),
	(142, 'Rustic Soft Chips', 1, 1, 10, '2021-02-22 15:19:02.793+00', '2021-02-22 15:19:02.793+00'),
	(143, 'Fantastic Fresh Pizza', 1, 1, 10, '2021-02-22 15:19:02.794+00', '2021-02-22 15:19:02.794+00'),
	(144, 'Rustic Fresh Table', 1, 1, 10, '2021-02-22 15:19:02.795+00', '2021-02-22 15:19:02.795+00'),
	(145, 'Generic Soft Gloves', 1, 1, 10, '2021-02-22 15:19:02.796+00', '2021-02-22 15:19:02.796+00'),
	(146, 'Rustic Steel Pizza', 1, 1, 10, '2021-02-22 15:19:02.798+00', '2021-02-22 15:19:02.798+00'),
	(147, 'Incredible Rubber Table', 1, 1, 10, '2021-02-22 15:19:02.799+00', '2021-02-22 15:19:02.799+00'),
	(148, 'Refined Fresh Soap', 1, 1, 10, '2021-02-22 15:19:02.8+00', '2021-02-22 15:19:02.8+00'),
	(149, 'Tasty Rubber Keyboard', 1, 1, 10, '2021-02-22 15:19:02.802+00', '2021-02-22 15:19:02.802+00'),
	(150, 'Generic Rubber Car', 1, 1, 10, '2021-02-22 15:19:02.803+00', '2021-02-22 15:19:02.803+00');


--
-- Name: departments_id_seq; Type: SEQUENCE SET; Schema: public; Owner: -
--

SELECT pg_catalog.setval('public.departments_id_seq', 10, true);


--
-- Name: members_id_seq; Type: SEQUENCE SET; Schema: public; Owner: -
--

SELECT pg_catalog.setval('public.members_id_seq', 1500, true);


--
-- Name: projects_id_seq; Type: SEQUENCE SET; Schema: public; Owner: -
--

SELECT pg_catalog.setval('public.projects_id_seq', 150, true);


--
-- Name: departments unique_departments_id; Type: CONSTRAINT; Schema: public; Owner: -
--

ALTER TABLE ONLY public.departments
    ADD CONSTRAINT unique_departments_id PRIMARY KEY (id);


--
-- Name: members unique_members_id; Type: CONSTRAINT; Schema: public; Owner: -
--

ALTER TABLE ONLY public.members
    ADD CONSTRAINT unique_members_id PRIMARY KEY (id);


--
-- Name: projects unique_projects_id; Type: CONSTRAINT; Schema: public; Owner: -
--

ALTER TABLE ONLY public.projects
    ADD CONSTRAINT unique_projects_id PRIMARY KEY (id);


--
-- Name: departments department_leader; Type: FK CONSTRAINT; Schema: public; Owner: -
--

ALTER TABLE ONLY public.departments
    ADD CONSTRAINT department_leader FOREIGN KEY ("leaderId") REFERENCES public.members(id) MATCH FULL ON UPDATE CASCADE ON DELETE CASCADE;


--
-- Name: projects department_project_link; Type: FK CONSTRAINT; Schema: public; Owner: -
--

ALTER TABLE ONLY public.projects
    ADD CONSTRAINT department_project_link FOREIGN KEY ("departmentId") REFERENCES public.departments(id) MATCH FULL ON UPDATE CASCADE ON DELETE CASCADE;


--
-- Name: project_assignees lnk_members_project_assignees; Type: FK CONSTRAINT; Schema: public; Owner: -
--

ALTER TABLE ONLY public.project_assignees
    ADD CONSTRAINT lnk_members_project_assignees FOREIGN KEY ("memberId") REFERENCES public.members(id) MATCH FULL ON UPDATE CASCADE ON DELETE CASCADE;


--
-- Name: project_assignees project_project_assignee_link; Type: FK CONSTRAINT; Schema: public; Owner: -
--

ALTER TABLE ONLY public.project_assignees
    ADD CONSTRAINT project_project_assignee_link FOREIGN KEY ("projectId") REFERENCES public.projects(id) MATCH FULL ON UPDATE CASCADE ON DELETE CASCADE;


--
-- PostgreSQL database dump complete
--

